nearest_facility_id,nearest_facility_type,nearest_facility_name,thermal_detections,active_days,mean_frp_mw,median_frp_mw,max_frp_mw,std_frp_mw,mean_brightness_k,max_brightness_k,mean_t31_k,max_t31_k,high_confidence_detections,night_detections,mean_distance_km,min_distance_km,detections_per_active_day,detections_per_month,high_confidence_fraction,night_fraction,mean_daily_detections,median_daily_detections,max_daily_detections,std_daily_detections,mean_daily_total_frp_mw,max_daily_total_frp_mw
L100000102032,coal_power,Balaji Cement power station,15,15,1.8053333333333332,1.09,12.87,3.0866645582631893,308.022,343.35,293.878,309.03,0,14,0.1648653521328329,0.036430956561805,1.0,1.25,0.0,0.9333333333333333,1.0,1.0,1,0.0,1.8053333333333332,12.87
L100000102048,coal_power,Komarada power station,2,1,5.949999999999999,5.949999999999999,6.43,0.6788225099390859,367.0,367.0,305.07000000000005,305.23,2,0,0.2647378194117772,0.2471736094948689,2.0,0.16666666666666666,1.0,0.0,2.0,2.0,2,,11.899999999999999,11.899999999999999
L100000102050,coal_power,Krishnapatnam Ultra Mega Power Project,6,5,5.638333333333333,5.53,9.76,3.1513452154066948,336.805,345.02,303.54833333333335,306.64,0,0,0.8236273255343861,0.4699994842110487,1.2,0.5,0.0,0.0,1.2,1.0,2,0.4472135954999579,6.766,9.76
L100000102060,coal_power,Ontimavadi power station,2,1,1.34,1.34,2.02,0.9616652224137048,307.14,308.24,290.175,290.79,0,2,0.9124763719311024,0.870765856551378,2.0,0.16666666666666666,0.0,1.0,2.0,2.0,2,,2.68,2.68
L100000102065,coal_power,Pudimadaka Ultra Mega Power Project,3,1,1.2133333333333334,1.06,1.52,0.2655811238272278,306.9866666666667,310.53,292.5,292.86,0,3,0.4260873800509693,0.0790290877891437,3.0,0.25,0.0,1.0,3.0,3.0,3,,3.64,3.64
L100000102071,coal_power,Sri Damodaram Sanjeevaiah Thermal Power Station,2,2,11.99,11.99,18.96,9.857068529740474,343.04999999999995,346.84,302.59000000000003,305.97,0,0,0.8705200871388141,0.8186188741076441,1.0,0.16666666666666666,0.0,0.0,1.0,1.0,1,0.0,11.99,18.96
L100000102072,coal_power,Srikakulam Thermal Power Station (Sumitomo),2,1,2.02,2.02,2.62,0.8485281374238571,327.95,328.08,293.015,293.18,0,0,0.681258195478776,0.5710066492990312,2.0,0.16666666666666666,0.0,0.0,2.0,2.0,2,,4.04,4.04
L100000102075,coal_power,Vadarevu Ultra Mega Power Project,1,1,8.09,8.09,8.09,,346.75,346.75,302.07,302.07,0,0,0.7941293640052537,0.7941293640052537,1.0,0.08333333333333333,0.0,0.0,1.0,1.0,1,,8.09,8.09
L100000102076,coal_power,Vemavaram power station,1,1,3.96,3.96,3.96,,332.0,332.0,288.11,288.11,0,0,0.9307993790976068,0.9307993790976068,1.0,0.08333333333333333,0.0,0.0,1.0,1.0,1,,3.96,3.96
L100000102078,coal_power,Vikas Power thermal plant,4,4,4.25,4.13,5.83,1.237551345736141,340.245,343.47,302.2075,307.96,0,0,0.7988035025486232,0.6693067702704955,1.0,0.3333333333333333,0.0,0.0,1.0,1.0,1,0.0,4.25,5.83
L100000102082,coal_power,Vizag Steel Plant power station,627,218,2.356044657097289,1.95,9.18,1.3910745787431962,314.77537480063796,349.53,293.11728867623606,313.91,0,529,0.6546716714596804,0.1111919303589206,2.876146788990826,52.25,0.0,0.8437001594896332,2.876146788990826,3.0,7,1.6030730329154101,6.776330275229358,19.29
L100000102111,coal_power,Moma power station,1,1,0.57,0.57,0.57,,305.62,305.62,289.82,289.82,0,1,0.7941762101935513,0.7941762101935513,1.0,0.08333333333333333,0.0,1.0,1.0,1.0,1,,0.57,0.57
L100000102118,coal_power,Prabhawati Nagar power station,1,1,4.39,4.39,4.39,,329.28,329.28,300.08,300.08,0,0,0.1958263785317378,0.1958263785317378,1.0,0.08333333333333333,0.0,0.0,1.0,1.0,1,,4.39,4.39
L100000102121,coal_power,Adani Raigarh Thermal Power Plant,1,1,5.35,5.35,5.35,,338.34,338.34,312.05,312.05,0,0,0.6503652036017334,0.6503652036017334,1.0,0.08333333333333333,0.0,0.0,1.0,1.0,1,,5.35,5.35
L100000102122,coal_power,Amoda power station,7,6,3.787142857142857,2.65,7.35,2.0867735405462207,337.81142857142856,343.34,302.4428571428571,303.76,0,0,0.7366840095574266,0.4304983653946267,1.1666666666666667,0.5833333333333334,0.0,0.0,1.1666666666666667,1.0,2,0.408248290463863,4.418333333333333,7.35
L100000102123,coal_power,Arasmeta Cement Plant power station,1,1,8.59,8.59,8.59,,345.71,345.71,304.25,304.25,0,0,0.9746801481485814,0.9746801481485814,1.0,0.08333333333333333,0.0,0.0,1.0,1.0,1,,8.59,8.59
L100000102125,coal_power,BALCO Korba power station,1,1,2.22,2.22,2.22,,338.19,338.19,312.98,312.98,0,0,0.9196762340437642,0.9196762340437642,1.0,0.08333333333333333,0.0,0.0,1.0,1.0,1,,2.22,2.22
L100000102128,coal_power,Bhaiso power station,3,2,5.746666666666666,7.55,7.62,3.1842790916207915,337.8766666666666,341.53,302.75,303.89,0,0,0.49361460259958867,0.2138708363050027,1.5,0.25,0.0,0.0,1.5,1.5,2,0.7071067811865476,8.62,15.17
L100000102132,coal_power,Bhilai Steel power station,1,1,2.89,2.89,2.89,,345.03,345.03,307.19,307.19,0,0,0.9958077191744475,0.9958077191744475,1.0,0.08333333333333333,0.0,0.0,1.0,1.0,1,,2.89,2.89
L100000102134,coal_power,Birra Thermal Power Project,6,4,4.235,3.885,9.23,2.72344451017457,337.1116666666667,350.96,301.51166666666666,305.81,0,0,0.8780044024421464,0.7111725507308017,1.5,0.5,0.0,0.0,1.5,1.0,3,1.0,6.3525,9.9
L100000102135,coal_power,BLA Chhattisgarh power station,2,2,2.99,2.99,3.48,0.6929646455628163,341.92,344.6,308.27,311.97,0,0,0.8096510983500572,0.7440928640418558,1.0,0.16666666666666666,0.0,0.0,1.0,1.0,1,0.0,2.99,3.48
L100000102138,coal_power,Champa Adhunik power station,1,1,12.0,12.0,12.0,,340.56,340.56,303.29,303.29,0,0,0.7110833864730862,0.7110833864730862,1.0,0.08333333333333333,0.0,0.0,1.0,1.0,1,,12.0,12.0
L100000102139,coal_power,Champa Power Project,1,1,2.12,2.12,2.12,,333.72,333.72,308.09,308.09,0,0,0.981602871953044,0.981602871953044,1.0,0.08333333333333333,0.0,0.0,1.0,1.0,1,,2.12,2.12
L100000102140,coal_power,Dhanras power station,2,2,3.5999999999999996,3.5999999999999996,4.38,1.1030865786510142,331.08500000000004,332.98,304.505,306.83,0,0,0.7948730375701256,0.7178295917666645,1.0,0.16666666666666666,0.0,0.0,1.0,1.0,1,0.0,3.5999999999999996,4.38
L100000102141,coal_power,Dhardai power station,3,3,3.91,2.09,8.3,3.8203010352588715,336.52666666666664,339.82,300.2833333333333,301.99,0,0,0.6281021516386321,0.3810875209410322,1.0,0.25,0.0,0.0,1.0,1.0,1,0.0,3.91,8.3
L100000102142,coal_power,Dongamahua Captive Power Plant,1,1,0.65,0.65,0.65,,303.37,303.37,290.69,290.69,0,1,0.9390500678616353,0.9390500678616353,1.0,0.08333333333333333,0.0,1.0,1.0,1.0,1,,0.65,0.65
L100000102144,coal_power,Gare Pelma power station,1,1,1.69,1.69,1.69,,335.43,335.43,306.87,306.87,0,0,0.294753282403827,0.294753282403827,1.0,0.08333333333333333,0.0,0.0,1.0,1.0,1,,1.69,1.69
L100000102145,coal_power,Godhna power station,7,5,7.012857142857143,6.22,9.22,1.6820197609393528,339.15857142857146,348.28,306.32142857142856,310.4,0,0,0.6016932991319346,0.07650028661388,1.4,0.5833333333333334,0.0,0.0,1.4,1.0,2,0.5477225575051662,9.818000000000001,15.440000000000001
L100000102149,coal_power,Hathneora Captive Power Plant,240,188,1.947625,1.8050000000000002,6.79,0.861564564588154,309.00925,335.29,290.9540833333333,304.67,0,237,0.19129158550306344,0.0103481340296028,1.2765957446808511,20.0,0.0,0.9875,1.2765957446808511,1.0,3,0.5253825765539827,2.4863297872340424,6.79
L100000102151,coal_power,Jagdalpur Steel captive power station,420,205,2.3453809523809523,1.81,13.78,1.70221282281243,312.8001428571429,349.29,290.2028095238095,316.92,0,358,0.5937376681684351,0.039743979980949,2.048780487804878,35.0,0.0,0.8523809523809524,2.048780487804878,2.0,5,0.9789755427705527,4.8051707317073165,19.9
L100000102154,coal_power,Khamhar power station,223,147,2.7171300448430493,2.52,7.46,1.1686921219059165,310.6700896860986,339.53,291.35663677130043,310.02,0,214,0.32500123591744196,0.0376550292834515,1.5170068027210883,18.583333333333332,0.0,0.9596412556053812,1.5170068027210883,1.0,6,0.8054075926910328,4.121904761904761,18.09
L100000102156,coal_power,Korba South Thermal Power Project,3,1,6.9366666666666665,5.01,11.03,3.546961140657356,342.47,346.12,305.63000000000005,306.29,0,0,0.7233347867015129,0.5884658563037414,3.0,0.25,0.0,0.0,3.0,3.0,3,,20.81,20.81
L100000102161,coal_power,Kukurda power station,5,4,4.526,4.66,5.51,0.6694998132934765,346.26599999999996,354.49,310.084,313.03,0,0,0.5743756827084845,0.3756884079737482,1.25,0.4166666666666667,0.0,0.0,1.25,1.0,2,0.5,5.6575,9.32
L100000102164,coal_power,Lara Integrated Thermal Power Project,1,1,2.3,2.3,2.3,,329.23,329.23,304.16,304.16,0,0,0.5402822750604442,0.5402822750604442,1.0,0.08333333333333333,0.0,0.0,1.0,1.0,1,,2.3,2.3
L100000102165,coal_power,Marwa power station,1,1,3.33,3.33,3.33,,334.74,334.74,301.81,301.81,0,0,0.7906215582888279,0.7906215582888279,1.0,0.08333333333333333,0.0,0.0,1.0,1.0,1,,3.33,3.33
L100000102166,coal_power,Moser Baer Captive Power Project,1,1,5.77,5.77,5.77,,367.0,367.0,302.56,302.56,1,0,0.9052566708560223,0.9052566708560223,1.0,0.08333333333333333,1.0,0.0,1.0,1.0,1,,5.77,5.77
L100000102167,coal_power,Raigarh Ind Power power station,166,155,1.1046385542168675,1.02,4.26,0.4433886612542162,304.2837951807229,313.03,289.5778313253012,299.2,0,166,0.536214271054429,0.2522808308872774,1.070967741935484,13.833333333333334,0.0,1.0,1.070967741935484,1.0,3,0.28168503686142315,1.183032258064516,4.26
L100000102168,coal_power,Raigarh Jindal power station,31,29,3.105483870967742,2.73,6.52,1.5980088416728224,307.5664516129032,335.78,292.94290322580645,307.58,0,27,0.3397373626504995,0.0481705675275867,1.0689655172413792,2.5833333333333335,0.0,0.8709677419354839,1.0689655172413792,1.0,2,0.25788071477756375,3.319655172413793,6.6499999999999995
L100000102170,coal_power,Raigarh Project (Jindal),3,1,6.19,4.0,10.57,3.7931912685758418,345.9266666666667,350.66,310.7333333333333,313.46,0,0,0.823429606239428,0.5408040565513067,3.0,0.25,0.0,0.0,3.0,3.0,3,,18.57,18.57
L100000102171,coal_power,Raigarh project (VISA Power),1,1,5.46,5.46,5.46,,337.09,337.09,300.83,300.83,0,0,0.7215761630665393,0.7215761630665393,1.0,0.08333333333333333,0.0,0.0,1.0,1.0,1,,5.46,5.46
L100000102172,coal_power,JSW Ispat Raigarh power station,246,189,1.7686585365853658,1.6,6.9,0.7986663815694752,309.43939024390244,333.84,291.3986585365854,308.78,0,239,0.3555910837868707,0.0250816071970138,1.3015873015873016,20.5,0.0,0.9715447154471545,1.3015873015873016,1.0,3,0.4827311694572375,2.302063492063492,6.9
L100000102173,coal_power,Raikheda power station,1,1,1.49,1.49,1.49,,330.96,330.96,303.11,303.11,0,0,0.8274236643094074,0.8274236643094074,1.0,0.08333333333333333,0.0,0.0,1.0,1.0,1,,1.49,1.49
L100000102174,coal_power,Raipur Jain power station,9,8,1.1366666666666667,0.68,3.03,0.8530679926008242,304.06333333333333,307.73,291.90555555555557,296.16,0,9,0.7113759469084888,0.2857546030242907,1.125,0.75,0.0,1.0,1.125,1.0,2,0.3535533905932738,1.27875,3.03
L100000102175,coal_power,Raipur Neco power station,158,108,1.3312658227848102,1.105,6.76,0.8381605079985734,307.5293670886076,347.79,289.35810126582277,313.05,0,149,0.6445017983284073,0.0276104892960408,1.462962962962963,13.166666666666666,0.0,0.9430379746835443,1.462962962962963,1.0,4,0.6756917663412951,1.9475925925925925,7.34
L100000102177,coal_power,Ratija Power Project,1,1,1.75,1.75,1.75,,340.08,340.08,305.23,305.23,0,0,0.9874181681491596,0.9874181681491596,1.0,0.08333333333333333,0.0,0.0,1.0,1.0,1,,1.75,1.75
L100000102178,coal_power,Rawan Cement power station,151,131,1.651655629139073,1.65,3.37,0.5671312963368961,307.7362251655629,331.68,291.324238410596,306.14,0,150,0.28771232971924765,0.0130169604247254,1.1526717557251909,12.583333333333334,0.0,0.9933774834437086,1.1526717557251909,1.0,2,0.36105150799698066,1.9038167938931299,5.51
L100000102179,coal_power,Salora power station,1,1,4.23,4.23,4.23,,331.16,331.16,306.09,306.09,0,0,0.9214756128081236,0.9214756128081236,1.0,0.08333333333333333,0.0,0.0,1.0,1.0,1,,4.23,4.23
L100000102181,coal_power,Sapos power station (BEC Power),2,2,6.995000000000001,6.995000000000001,8.96,2.778929650063132,343.245,346.06,311.265,318.69,0,0,0.9661288320411726,0.9520423307492428,1.0,0.16666666666666666,0.0,0.0,1.0,1.0,1,0.0,6.995000000000001,8.96
L100000102182,coal_power,Sapos power station (Suryachakra),1,1,3.9,3.9,3.9,,337.25,337.25,307.7,307.7,0,0,0.7059622340428077,0.7059622340428077,1.0,0.08333333333333333,0.0,0.0,1.0,1.0,1,,3.9,3.9
L100000102183,coal_power,Siltara SKS power station,234,172,1.556068376068376,1.49,5.84,0.6418668551049588,306.48115384615386,339.91,290.73961538461543,311.0,0,232,0.2666058977174707,0.0119138486485925,1.3604651162790697,19.5,0.0,0.9914529914529915,1.3604651162790697,1.0,4,0.6473118629368821,2.1169767441860468,7.63
L100000102184,coal_power,Siltara Works power station,95,78,1.4821052631578948,1.39,3.61,0.5797961761024888,304.5456842105263,315.64,291.4041052631579,301.47,0,95,0.6131880043532238,0.0512963218215154,1.2179487179487178,7.916666666666667,0.0,1.0,1.2179487179487178,1.0,3,0.47392902908423395,1.8051282051282054,7.07
L100000102187,coal_power,Surguja Ultra Mega Power Project,1,1,1.14,1.14,1.14,,330.18,330.18,299.83,299.83,0,0,0.9482318586741548,0.9482318586741548,1.0,0.08333333333333333,0.0,0.0,1.0,1.0,1,,1.14,1.14
L100000102188,coal_power,SVPL power station,1,1,5.63,5.63,5.63,,348.3,348.3,315.63,315.63,0,0,0.8431138847147627,0.8431138847147627,1.0,0.08333333333333333,0.0,0.0,1.0,1.0,1,,5.63,5.63
L100000102194,coal_power,Ambujanagar Cement Plant power station,11,9,2.7981818181818183,1.11,11.55,4.0553491050261465,317.2890909090909,367.0,294.48545454545456,306.95,2,8,0.24136123990552,0.0577371067520302,1.2222222222222223,0.9166666666666666,0.18181818181818182,0.7272727272727273,1.2222222222222223,1.0,2,0.4409585518440984,3.42,21.89
L100000102196,coal_power,Bhadreshwar Thermal Power Project (Adani),1,1,5.14,5.14,5.14,,333.76,333.76,305.86,305.86,0,0,0.8956861976095807,0.8956861976095807,1.0,0.08333333333333333,0.0,0.0,1.0,1.0,1,,5.14,5.14
L100000102197,coal_power,Bhadreshwar power station (OPG),1,1,3.06,3.06,3.06,,333.81,333.81,301.79,301.79,0,0,0.4932581837950215,0.4932581837950215,1.0,0.08333333333333333,0.0,0.0,1.0,1.0,1,,3.06,3.06
L100000102199,coal_power,Bhavnagar power station,1,1,6.31,6.31,6.31,,345.81,345.81,316.75,316.75,0,0,0.9668203067686164,0.9668203067686164,1.0,0.08333333333333333,0.0,0.0,1.0,1.0,1,,6.31,6.31
L100000102202,coal_power,Birla Jamnagar power station,1,1,2.96,2.96,2.96,,344.64,344.64,309.6,309.6,0,0,0.937438630707792,0.937438630707792,1.0,0.08333333333333333,0.0,0.0,1.0,1.0,1,,2.96,2.96
L100000102203,coal_power,Dahej Thermal Power Project,3,3,4.863333333333333,6.16,7.53,3.500033333174605,329.25333333333333,345.68,294.8866666666667,302.8,0,2,0.8354925366708649,0.8034245390651265,1.0,0.25,0.0,0.6666666666666666,1.0,1.0,1,0.0,4.863333333333333,7.53
L100000102206,coal_power,Dhuvaran Super Thermal Power Project,2,2,3.35,3.35,4.84,2.107178207935912,337.475,342.53,305.805,307.69,0,0,0.43629664143482066,0.1592554291545019,1.0,0.16666666666666666,0.0,0.0,1.0,1.0,1,0.0,3.35,4.84
L100000102207,coal_power,Gandhinagar Thermal Power Station,2,2,2.02,2.02,3.13,1.5697770542341354,322.255,342.82,301.47,314.81,0,1,0.7004753624212612,0.5759537219442221,1.0,0.16666666666666666,0.0,0.5,1.0,1.0,1,0.0,2.02,3.13
L100000102209,coal_power,Gujarat Power Project,1,1,3.51,3.51,3.51,,333.41,333.41,305.99,305.99,0,0,0.9034694761608146,0.9034694761608146,1.0,0.08333333333333333,0.0,0.0,1.0,1.0,1,,3.51,3.51
L100000102210,coal_power,Hazira power station (Essar),79,68,1.93126582278481,1.72,6.08,0.9084988563680588,308.7445569620253,335.52,293.7620253164557,301.28,0,78,0.884019787123682,0.640519931963049,1.161764705882353,6.583333333333333,0.0,0.9873417721518988,1.161764705882353,1.0,2,0.37097266736211576,2.2436764705882353,7.72
L100000102213,coal_power,Kutch GSECL power station,3,1,4.923333333333333,3.63,7.51,2.240119044455748,343.7633333333333,346.24,309.24333333333334,309.87,0,0,0.7052809456208639,0.5510130461067466,3.0,0.25,0.0,0.0,3.0,3.0,3,,14.77,14.77
L100000102214,coal_power,Kutch Welspun power station,82,56,3.152682926829268,1.95,17.93,3.44997121075141,319.1809756097561,367.0,293.85914634146343,316.31,3,65,0.5066816946914717,0.0976824954250704,1.4642857142857142,6.833333333333333,0.036585365853658534,0.7926829268292683,1.4642857142857142,1.0,12,1.5604694598308977,4.616428571428571,110.89999999999999
L100000102220,coal_power,Paguthan power station,1,1,2.53,2.53,2.53,,332.39,332.39,298.8,298.8,0,0,0.5010153070934882,0.5010153070934882,1.0,0.08333333333333333,0.0,0.0,1.0,1.0,1,,2.53,2.53
L100000102230,coal_power,Tata Mundra Ultra Mega Power Project,1,1,4.53,4.53,4.53,,335.47,335.47,303.77,303.77,0,0,0.5617618474996044,0.5617618474996044,1.0,0.08333333333333333,0.0,0.0,1.0,1.0,1,,4.53,4.53
L100000102238,coal_power,Mahatma Gandhi power station,1,1,1.22,1.22,1.22,,304.12,304.12,289.47,289.47,0,1,0.5639855406897851,0.5639855406897851,1.0,0.08333333333333333,0.0,1.0,1.0,1.0,1,,1.22,1.22
L100000102250,coal_power,Bokaro Steel City Thermal Power Station,501,200,2.579241516966068,1.96,18.19,1.9778532361004175,313.9780439121756,355.92,291.2664271457086,316.56,0,424,0.6001286967306525,0.0433589640637036,2.505,41.75,0.0,0.846307385229541,2.505,2.0,7,1.392721568309391,6.461,32.47
L100000102252,coal_power,Chandrapura power station,1,1,1.67,1.67,1.67,,310.02,310.02,291.83,291.83,0,1,0.5624174388587428,0.5624174388587428,1.0,0.08333333333333333,0.0,1.0,1.0,1.0,1,,1.67,1.67
L100000102255,coal_power,Chichro Patsimal power station,7,6,1.2914285714285714,1.23,1.64,0.26497978359543906,318.68142857142857,337.36,298.4742857142857,310.13,0,4,0.8932045244192361,0.7439068496205508,1.1666666666666667,0.5833333333333334,0.0,0.5714285714285714,1.1666666666666667,1.0,2,0.408248290463863,1.5066666666666666,3.28
L100000102265,coal_power,Jamshedpur Works power station,460,206,2.175,1.82,8.07,1.2961517535349478,310.6592173913043,367.0,291.45365217391304,310.52,1,412,0.579721560500342,0.0155729531588012,2.233009708737864,38.333333333333336,0.002173913043478261,0.8956521739130435,2.233009708737864,2.0,8,1.326678474806551,4.856796116504855,20.27
L100000102268,coal_power,Jojobera Power Plant,2,1,2.565,2.565,3.46,1.26572113832392,340.615,344.99,298.03999999999996,299.39,0,0,0.860381913478478,0.8423608158035,2.0,0.16666666666666666,0.0,0.0,2.0,2.0,2,,5.13,5.13
L100000102276,coal_power,Maithon Right Bank Thermal Power Station,1,1,2.59,2.59,2.59,,329.87,329.87,295.06,295.06,0,1,0.9944163690543796,0.9944163690543796,1.0,0.08333333333333333,0.0,1.0,1.0,1.0,1,,2.59,2.59
L100000102290,coal_power,Tori power plant,1,1,2.61,2.61,2.61,,333.56,333.56,297.47,297.47,0,0,0.2403226115958918,0.2403226115958918,1.0,0.08333333333333333,0.0,0.0,1.0,1.0,1,,2.61,2.61
L100000102293,coal_power,Bellary Thermal Power Station,2,2,0.61,0.61,0.65,0.05656854249492385,302.09000000000003,302.11,273.86,280.47,0,2,0.8696972170071134,0.8258988402354525,1.0,0.16666666666666666,0.0,1.0,1.0,1.0,1,0.0,0.61,0.65
L100000102295,coal_power,Danapuram BMM power station,181,147,1.5565745856353592,1.48,3.47,0.5836888261693608,305.5835359116022,315.42,290.9339779005525,298.02,0,181,0.31598485965717754,0.0211797237971281,1.2312925170068028,15.083333333333334,0.0,1.0,1.2312925170068028,1.0,3,0.4975009769507083,1.9165986394557823,5.85
L100000102303,coal_power,JSW Vijayanagar Toranagallu power station,70,55,2.1344285714285713,1.9,9.3,1.3386783832065847,308.4784285714286,341.74,292.021,315.92,0,66,0.5200798095110843,0.1016526882557235,1.2727272727272727,5.833333333333333,0.0,0.9428571428571428,1.2727272727272727,1.0,3,0.4889348004153918,2.7165454545454546,12.18
L100000102306,coal_power,Kudgi Super Thermal Power Project,4,1,11.2525,9.629999999999999,20.59,7.137428925507186,319.7475,331.55,293.82,297.73,0,4,0.6534167837797002,0.3730402411962736,4.0,0.3333333333333333,0.0,1.0,4.0,4.0,4,,45.01,45.01
L100000102307,coal_power,Mulwad (Bijapur Luxor) power station,2,2,2.775,2.775,3.11,0.4737615433949868,333.42499999999995,334.26,304.025,307.19,0,0,0.7292565222164699,0.5988594641632383,1.0,0.16666666666666666,0.0,0.0,1.0,1.0,1,0.0,2.775,3.11
L100000102312,coal_power,Vadlur power station,7,6,0.7842857142857144,0.79,1.06,0.24026770783559623,301.8,307.73,289.76714285714286,293.56,0,7,0.5147509802494157,0.4477636230329113,1.1666666666666667,0.5833333333333334,0.0,1.0,1.1666666666666667,1.0,2,0.408248290463863,0.915,1.21
L100000102315,coal_power,Yermarus power station,17,14,0.9711764705882352,0.85,2.27,0.4444643173661579,306.3494117647059,321.37,290.4888235294118,293.97,0,17,0.7996846229057395,0.5793979926772845,1.2142857142857142,1.4166666666666667,0.0,1.0,1.2142857142857142,1.0,2,0.4258153136263201,1.179285714285714,3.76
L100000102332,coal_power,Gadarwara Super Thermal Power Project,1,1,5.36,5.36,5.36,,333.67,333.67,306.98,306.98,0,0,0.3521771368603912,0.3521771368603912,1.0,0.08333333333333333,0.0,0.0,1.0,1.0,1,,5.36,5.36
L100000102343,coal_power,Khandwa power station (Dwarkesh Energy),1,1,3.11,3.11,3.11,,336.74,336.74,299.16,299.16,0,0,0.8885445458823708,0.8885445458823708,1.0,0.08333333333333333,0.0,0.0,1.0,1.0,1,,3.11,3.11
L100000102352,coal_power,Mohgaon power station,4,4,2.67,2.375,4.18,1.086063227134283,337.17,341.42,306.3775,308.24,0,0,0.5675809032428015,0.0594660935618094,1.0,0.3333333333333333,0.0,0.0,1.0,1.0,1,0.0,2.67,4.18
L100000102357,coal_power,Pench Thermal Power Project,3,2,5.760000000000001,0.79,16.02,8.886861088145803,321.66333333333336,349.09,298.4566666666667,312.68,0,2,0.396491320716487,0.3324178079969936,1.5,0.25,0.0,0.6666666666666666,1.5,1.5,2,0.7071067811865476,8.64,16.02
L100000102359,coal_power,Sanjay Gandhi power station,4,3,5.8925,6.0649999999999995,9.34,3.6138748825418214,348.5975,367.0,310.93,316.95,1,0,0.6838759248204331,0.5472104576712571,1.3333333333333333,0.3333333333333333,0.25,0.0,1.3333333333333333,1.0,2,0.5773502691896257,7.8566666666666665,12.87
L100000102360,coal_power,Sasan Ultra Mega Power Project,1,1,2.88,2.88,2.88,,333.47,333.47,305.5,305.5,0,0,0.0188242668414693,0.0188242668414693,1.0,0.08333333333333333,0.0,0.0,1.0,1.0,1,,2.88,2.88
L100000102366,coal_power,Shree Singaji Thermal Power Project,1,1,3.67,3.67,3.67,,335.26,335.26,308.16,308.16,0,0,0.8833032819550347,0.8833032819550347,1.0,0.08333333333333333,0.0,0.0,1.0,1.0,1,,3.67,3.67
L100000102367,coal_power,Sidhi Cement Plant power station,3,1,3.3666666666666667,2.29,5.52,1.864841369482491,337.8333333333333,340.71,303.3933333333334,304.0,0,0,0.7756870681421507,0.5645148365371586,3.0,0.25,0.0,0.0,3.0,3.0,3,,10.1,10.1
L100000102376,coal_power,ASTARC power station,2,2,6.095,6.095,10.78,6.625590539717949,323.225,344.12,299.025,306.73,0,1,0.8910645169896528,0.8723230797169801,1.0,0.16666666666666666,0.0,0.5,1.0,1.0,1,0.0,6.095,10.78
L100000102383,coal_power,Bhandewadi power station,2,2,0.895,0.895,1.03,0.19091883092036785,300.155,301.53,289.66,291.1,0,2,0.1732494444081383,0.0918683936919688,1.0,0.16666666666666666,0.0,1.0,1.0,1.0,1,0.0,0.895,1.03
L100000102384,coal_power,Bhigwan Mill power station,1,1,11.16,11.16,11.16,,367.0,367.0,308.1,308.1,1,0,0.7980027134891967,0.7980027134891967,1.0,0.08333333333333333,1.0,0.0,1.0,1.0,1,,11.16,11.16
L100000102387,coal_power,Butibori Power Project,1,1,3.52,3.52,3.52,,342.82,342.82,312.01,312.01,0,0,0.868178467592188,0.868178467592188,1.0,0.08333333333333333,0.0,0.0,1.0,1.0,1,,3.52,3.52
L100000102400,coal_power,GMR Warora Energy power station,1,1,6.71,6.71,6.71,,350.46,350.46,322.58,322.58,0,0,0.727167947510297,0.727167947510297,1.0,0.08333333333333333,0.0,0.0,1.0,1.0,1,,6.71,6.71
L100000102402,coal_power,Ghugus power station,1,1,12.93,12.93,12.93,,342.87,342.87,316.91,316.91,0,0,0.6256091539071308,0.6256091539071308,1.0,0.08333333333333333,0.0,0.0,1.0,1.0,1,,12.93,12.93
L100000102403,coal_power,Girye Ultra Mega Power Project,2,1,5.93,5.93,5.93,0.0,350.675,354.05,306.82,308.57,0,0,0.4505935195522446,0.441357243782293,2.0,0.16666666666666666,0.0,0.0,2.0,2.0,2,,11.86,11.86
L100000102405,coal_power,JSW Tarapur power station,1,1,1.28,1.28,1.28,,304.47,304.47,292.77,292.77,0,1,0.5734219405676445,0.5734219405676445,1.0,0.08333333333333333,0.0,1.0,1.0,1.0,1,,1.28,1.28
L100000102407,coal_power,Khopoli Works power station,3,3,10.18,11.34,16.66,7.131114919842479,344.90333333333336,349.78,313.66333333333336,318.86,0,0,0.6259092084562281,0.4808837999790674,1.0,0.25,0.0,0.0,1.0,1.0,1,0.0,10.18,16.66
L100000102414,coal_power,Manikgarh Cement power station,38,33,1.3328947368421051,1.04,4.32,0.887952116723178,309.0155263157895,354.04,293.0252631578947,302.68,0,34,0.23934998518795345,0.05446712474372,1.1515151515151516,3.1666666666666665,0.0,0.8947368421052632,1.1515151515151516,1.0,3,0.4416738135499517,1.534848484848485,6.26
L100000102416,coal_power,Mendki thermal power project,4,3,6.8725000000000005,7.4350000000000005,10.25,3.8078548204117935,339.5975,344.46,308.67,311.41,0,0,0.8591706917992571,0.7891213555094146,1.3333333333333333,0.3333333333333333,0.0,0.0,1.3333333333333333,1.0,2,0.5773502691896258,9.163333333333334,14.870000000000001
L100000102420,coal_power,Nasik MAHAGENCO Thermal Power Station,4,1,5.93,6.164999999999999,6.81,1.086185987757161,344.48,349.08,299.0325,299.97,0,0,0.6227820329916627,0.3856454987528225,4.0,0.3333333333333333,0.0,0.0,4.0,4.0,4,,23.72,23.72
L100000102422,coal_power,Paras power station,2,1,1.22,1.22,1.56,0.4808326112068523,303.155,304.79,288.525,288.77,0,2,0.8023967260164332,0.7171712900062933,2.0,0.16666666666666666,0.0,1.0,2.0,2.0,2,,2.44,2.44
L100000102423,coal_power,Parbhani Renuka power station,1,1,6.8,6.8,6.8,,340.38,340.38,305.69,305.69,0,0,0.9005388255219152,0.9005388255219152,1.0,0.08333333333333333,0.0,0.0,1.0,1.0,1,,6.8,6.8
L100000102424,coal_power,Parli Thermal Power Station,1,1,5.38,5.38,5.38,,334.43,334.43,306.87,306.87,0,0,0.6623516214913339,0.6623516214913339,1.0,0.08333333333333333,0.0,0.0,1.0,1.0,1,,5.38,5.38
L100000102427,coal_power,Rampur coal plant,2,2,1.3099999999999998,1.3099999999999998,2.05,1.0465180361560902,324.03999999999996,344.0,300.065,307.51,0,1,0.5919217591266748,0.2071516263649309,1.0,0.16666666666666666,0.0,0.5,1.0,1.0,1,0.0,1.3099999999999998,2.05
L100000102436,coal_power,Wardha Warora Power Plant,1,1,9.6,9.6,9.6,,367.0,367.0,322.94,322.94,1,0,0.9120587184073022,0.9120587184073022,1.0,0.08333333333333333,1.0,0.0,1.0,1.0,1,,9.6,9.6
L100000102437,coal_power,Wardha Works power station,1,1,1.21,1.21,1.21,,297.98,297.98,287.05,287.05,0,1,0.4723000673777788,0.4723000673777788,1.0,0.08333333333333333,0.0,1.0,1.0,1.0,1,,1.21,1.21
L100000102441,coal_power,Aditya Aluminium power station,1,1,7.59,7.59,7.59,,342.14,342.14,304.91,304.91,0,0,0.3858924617501377,0.3858924617501377,1.0,0.08333333333333333,0.0,0.0,1.0,1.0,1,,7.59,7.59
L100000102444,coal_power,Angul Steel power station,92,82,2.26445652173913,1.7650000000000001,8.78,1.4467313397854624,314.9495652173913,341.86,292.74260869565217,309.92,0,72,0.8877354916540632,0.572609988342759,1.1219512195121952,7.666666666666667,0.0,0.782608695652174,1.1219512195121952,1.0,3,0.3648183685555477,2.540609756097561,8.78
L100000102447,coal_power,Baragaon power station,1,1,4.42,4.42,4.42,,337.49,337.49,309.46,309.46,0,0,0.9368459263223086,0.9368459263223086,1.0,0.08333333333333333,0.0,0.0,1.0,1.0,1,,4.42,4.42
L100000102448,coal_power,Barbil Jagannath power station,125,112,0.79936,0.78,1.78,0.2657422471785092,301.99256,313.42,287.66015999999996,296.6,0,125,0.17478776509808996,0.012386642264569,1.1160714285714286,10.416666666666666,0.0,1.0,1.1160714285714286,1.0,2,0.32175016087512065,0.8921428571428571,2.55
L100000102450,coal_power,Basundhara power station,1,1,9.03,9.03,9.03,,367.0,367.0,306.66,306.66,1,0,0.2275741344196528,0.2275741344196528,1.0,0.08333333333333333,1.0,0.0,1.0,1.0,1,,9.03,9.03
L100000102452,coal_power,Bhubaneshwar Jasper power station,4,4,0.825,0.875,1.01,0.21486429825977754,301.0675,304.37,289.605,293.34,0,4,0.8030776226086568,0.7078118148098338,1.0,0.3333333333333333,0.0,1.0,1.0,1.0,1,0.0,0.825,1.01
L100000102454,coal_power,Choudwar power station,57,49,1.803157894736842,1.35,5.79,1.3399255814819622,313.3147368421052,341.64,291.72701754385963,311.8,0,46,0.45085295891012267,0.0789456405641929,1.163265306122449,4.75,0.0,0.8070175438596491,1.163265306122449,1.0,2,0.3734377890799553,2.0975510204081633,9.18
L100000102456,coal_power,Cuttack power station (VISA Power),5,2,4.468,4.93,6.0,1.2031084739124729,341.71,347.96,307.562,312.97,0,0,0.5728829998656008,0.2997841875082027,2.5,0.4166666666666667,0.0,0.0,2.5,2.5,3,0.7071067811865476,11.17,15.86
L100000102457,coal_power,Cuttack Works power station,36,36,0.9872222222222222,0.985,1.6,0.2680363633231359,304.8461111111111,311.43,291.40611111111116,297.08,0,36,0.22026500055537063,0.0163726607649987,1.0,3.0,0.0,1.0,1.0,1.0,1,0.0,0.9872222222222222,1.6
L100000102458,coal_power,Darlipali power station,2,2,3.9400000000000004,3.9400000000000004,5.61,2.3617366491630687,338.33500000000004,341.25,308.15999999999997,310.9,0,0,0.9242415798779904,0.8942393715084193,1.0,0.16666666666666666,0.0,0.0,1.0,1.0,1,0.0,3.9400000000000004,5.61
L100000102459,coal_power,Duburi Steel power station,74,59,1.6262162162162164,1.29,4.54,0.9836634109464485,314.1641891891892,338.17,293.90135135135137,311.65,0,58,0.46323191658620577,0.1679477709903669,1.2542372881355932,6.166666666666667,0.0,0.7837837837837838,1.2542372881355932,1.0,3,0.5116983331054185,2.0396610169491525,6.84
L100000102465,coal_power,Hemgir power station,2,2,13.665,13.665,21.99,11.773327906756016,344.295,347.05,309.275,314.38,0,0,0.9128994332593898,0.8651626320517105,1.0,0.16666666666666666,0.0,0.0,1.0,1.0,1,0.0,13.665,21.99
L100000102466,coal_power,Hirakud Smelter power station,4,4,5.36,5.125,6.46,0.7699783546741209,335.2125,337.86,306.9175,309.1,0,0,0.8660497748405231,0.6992216111191073,1.0,0.3333333333333333,0.0,0.0,1.0,1.0,1,0.0,5.36,6.46
L100000102470,coal_power,Jharsuguda CPP power station,1,1,8.48,8.48,8.48,,334.61,334.61,306.77,306.77,0,0,0.7555316518265274,0.7555316518265274,1.0,0.08333333333333333,0.0,0.0,1.0,1.0,1,,8.48,8.48
L100000102471,coal_power,Jharsuguda Ind-Barath power station,8,7,2.96,2.88,5.74,1.660430236844828,327.28999999999996,341.66,301.81625,310.79,0,3,0.6992090275262564,0.4427203368032079,1.1428571428571428,0.6666666666666666,0.0,0.375,1.1428571428571428,1.0,2,0.3779644730092272,3.382857142857143,6.96
L100000102473,coal_power,JR Power Project,2,2,2.58,2.58,3.64,1.4990663761154808,338.73,341.51,310.58500000000004,311.82,0,0,0.7150578106190675,0.6281372693371152,1.0,0.16666666666666666,0.0,0.0,1.0,1.0,1,0.0,2.58,3.64
L100000102474,coal_power,Kalinganagar Maithan power station,54,52,0.9177777777777778,0.835,2.56,0.37047988597486603,304.23092592592593,314.24,291.19925925925924,298.18,0,54,0.15030759836865487,0.0104206585879977,1.0384615384615385,4.5,0.0,1.0,1.0384615384615385,1.0,2,0.19418390934515437,0.9530769230769232,2.58
L100000102481,coal_power,Meramandali power station,493,229,2.305314401622718,1.95,14.85,1.3562862345897713,312.8704868154158,341.09,292.38288032454363,313.52,0,444,0.44041287208282776,0.0437906089210806,2.1528384279475983,41.083333333333336,0.0,0.9006085192697769,2.1528384279475983,2.0,5,1.0337520127090316,4.96296943231441,25.83
L100000102489,coal_power,Rairakhol power station,2,1,2.88,2.88,3.78,1.2727922061357855,324.14,338.24,306.07500000000005,313.11,0,1,0.9129740691931507,0.8739333471306877,2.0,0.16666666666666666,0.0,0.5,2.0,2.0,2,,5.76,5.76
L100000102490,coal_power,Randia power station,4,4,1.675,0.925,4.12,1.634839441657804,313.2525,341.27,295.4325,309.14,0,3,0.44565849189022544,0.3042840022885312,1.0,0.3333333333333333,0.0,0.75,1.0,1.0,1,0.0,1.675,4.12
L100000102492,coal_power,Rengali Bhushan power station,579,251,2.4793955094991365,2.14,8.08,1.3186483120920687,315.529689119171,346.09,292.0849568221071,317.45,0,477,0.33183713412792104,0.0102121169700696,2.306772908366534,48.25,0.0,0.8238341968911918,2.306772908366534,2.0,5,1.0832884861490533,5.719402390438247,18.32
L100000102493,coal_power,Rengali power station,5,5,5.458,3.4,11.87,3.7394210781884403,338.36,349.36,306.582,312.01,0,0,0.6211243973122262,0.3514722262726381,1.0,0.4166666666666667,0.0,0.0,1.0,1.0,1,0.0,5.458,11.87
L100000102494,coal_power,Rourkela Works-2 power station,22,20,1.554090909090909,1.1099999999999999,4.98,1.2813187369377323,305.88909090909095,334.47,287.5895454545455,300.41,0,20,0.6326443142074152,0.1133858179945254,1.1,1.8333333333333333,0.0,0.9090909090909091,1.1,1.0,2,0.30779350562554625,1.7094999999999998,8.790000000000001
L100000102500,coal_power,Sundargarh Ultra Mega Power Project,3,3,3.596666666666667,2.93,5.36,1.5421521758028078,339.6466666666667,343.62,312.2,316.3,0,0,0.7906667973334193,0.7413808518175445,1.0,0.25,0.0,0.0,1.0,1.0,1,0.0,3.596666666666667,5.36
L100000102501,coal_power,Talabira power station,8,7,3.8200000000000003,3.755,7.83,2.2581028699836887,335.14875,358.14,302.4875,310.59,0,1,0.636284714319974,0.3467152197946327,1.1428571428571428,0.6666666666666666,0.0,0.125,1.1428571428571428,1.0,2,0.37796447300922725,4.365714285714286,7.83
L100000102503,coal_power,Talcher power station (NSL Nagapatnam),2,1,5.665,5.665,6.01,0.48790367901871745,348.095,348.5,298.345,298.9,0,0,0.7938298627053175,0.6795936356975293,2.0,0.16666666666666666,0.0,0.0,2.0,2.0,2,,11.33,11.33
L100000102508,coal_power,Gidderbaha power station,2,1,2.4450000000000003,2.4450000000000003,2.73,0.4030508652763318,335.53999999999996,335.78,303.96000000000004,304.07,0,0,0.8579127327443347,0.8384776170244016,2.0,0.16666666666666666,0.0,0.0,2.0,2.0,2,,4.890000000000001,4.890000000000001
L100000102509,coal_power,GNDTP Bathinda power station,1,1,7.46,7.46,7.46,,347.97,347.97,314.41,314.41,0,0,0.4670181930006253,0.4670181930006253,1.0,0.08333333333333333,0.0,0.0,1.0,1.0,1,,7.46,7.46
L100000102510,coal_power,Gobindpura power station,8,3,7.5024999999999995,7.29,12.76,3.425816899452075,342.28625,348.87,304.46625,314.84,0,0,0.5901285078251918,0.3605526029011217,2.6666666666666665,0.6666666666666666,0.0,0.0,2.6666666666666665,3.0,4,1.5275252316519468,20.006666666666668,31.35
L100000102511,coal_power,Goindwal Sahib Thermal Power Plant,4,3,4.1825,4.05,5.25,0.9155826924241565,337.0225,345.19,300.3325,307.45,0,0,0.880069477718157,0.8033610847199393,1.3333333333333333,0.3333333333333333,0.0,0.0,1.3333333333333333,1.0,2,0.5773502691896257,5.576666666666667,9.89
L100000102512,coal_power,Guru Hargobind Lehra Mohabbat Power Station,8,7,1.455,1.025,3.04,0.8002142570229909,305.3125,327.2,284.36875,301.21,0,7,0.657006772488592,0.2610809956836223,1.1428571428571428,0.6666666666666666,0.0,0.875,1.1428571428571428,1.0,2,0.3779644730092272,1.662857142857143,3.04
L100000102540,coal_power,Chennai power station,5,5,0.616,0.51,0.96,0.2379705864177336,303.688,309.95,288.586,292.89,0,5,0.8982736954411706,0.7662416362723836,1.0,0.4166666666666667,0.0,1.0,1.0,1.0,1,0.0,0.616,0.96
L100000102548,coal_power,Gummidipoondi Kamachi power station,7,6,1.3900000000000001,0.84,2.84,0.9294442784086987,304.13428571428574,306.19,289.8357142857143,294.49,0,7,0.4951019703789847,0.3416015546493794,1.1666666666666667,0.5833333333333334,0.0,1.0,1.1666666666666667,1.0,2,0.408248290463863,1.6216666666666668,2.84
L100000102549,coal_power,Gummidipoondi Suryadev power station,22,21,1.059090909090909,0.98,1.79,0.33270763786599833,306.8040909090909,315.69,291.38045454545454,296.31,0,22,0.9022251096643076,0.6066485672245134,1.0476190476190477,1.8333333333333333,0.0,1.0,1.0476190476190477,1.0,2,0.2182178902359924,1.1095238095238096,2.9
L100000102560,coal_power,Mettur Siscol power station,107,74,1.8429906542056074,1.61,9.49,1.1799657933587475,310.50803738317757,340.75,291.56700934579436,311.54,0,100,0.5840803049338089,0.0525819773783185,1.445945945945946,8.916666666666666,0.0,0.9345794392523364,1.445945945945946,1.0,4,0.68530349025119,2.6648648648648647,16.74
L100000102569,coal_power,North Chennai Thermal Power Station,2,2,2.17,2.17,3.06,1.2586500705120545,322.065,331.53,297.13,301.11,0,1,0.7515589810055103,0.6610486327854622,1.0,0.16666666666666666,0.0,0.5,1.0,1.0,1,0.0,2.17,3.06
L100000102576,coal_power,Sirkazhi power station,2,2,4.8100000000000005,4.8100000000000005,6.87,2.913279938488576,338.07500000000005,339.11,303.13,303.74,0,0,0.5172113555951895,0.4286306489636566,1.0,0.16666666666666666,0.0,0.0,1.0,1.0,1,0.0,4.8100000000000005,6.87
L100000102582,coal_power,Thoothukudi IBTPL power station,5,2,7.368,6.68,9.33,1.8688151326442108,346.74,367.0,303.20799999999997,304.09,1,0,0.691290195657841,0.367961261250485,2.5,0.4166666666666667,0.2,0.0,2.5,2.5,3,0.7071067811865476,18.42,25.34
L100000102583,coal_power,Thoothukudi IBPGL power station,2,1,3.4899999999999998,3.4899999999999998,5.27,2.517300141024109,342.83,354.71,298.6,298.82,0,0,0.1768853201806744,0.0897648325640748,2.0,0.16666666666666666,0.0,0.0,2.0,2.0,2,,6.9799999999999995,6.9799999999999995
L100000102587,coal_power,Tuticorin Thermal Power Station,7,4,3.9914285714285715,3.12,7.64,2.2202209242282516,329.61428571428576,342.57,297.2728571428571,304.54,0,2,0.791763084366661,0.606743085261009,1.75,0.5833333333333334,0.0,0.2857142857142857,1.75,1.5,3,0.9574271077563381,6.985,10.46
L100000102592,coal_power,Bhadradri power station,1,1,2.69,2.69,2.69,,327.88,327.88,296.73,296.73,0,0,0.8733384175269284,0.8733384175269284,1.0,0.08333333333333333,0.0,0.0,1.0,1.0,1,,2.69,2.69
L100000102593,coal_power,Ganeshpahad Cement power station,1,1,4.01,4.01,4.01,,336.22,336.22,307.06,307.06,0,0,0.7673297357461297,0.7673297357461297,1.0,0.08333333333333333,0.0,0.0,1.0,1.0,1,,4.01,4.01
L100000102594,coal_power,Hindupur power station,3,2,4.473333333333334,5.06,6.87,2.7375597405962364,338.41,344.57,308.22333333333336,311.3,0,0,0.8891746535946883,0.8645777138024507,1.5,0.25,0.0,0.0,1.5,1.5,2,0.7071067811865476,6.71,11.93
L100000102595,coal_power,Kakatiya Thermal Power Project,2,1,1.275,1.275,1.97,0.9828784258493011,310.345,315.12,293.015,294.7,0,2,0.9043131732859204,0.8226541095152116,2.0,0.16666666666666666,0.0,1.0,2.0,2.0,2,,2.55,2.55
L100000102600,coal_power,Paloncha power station,1,1,0.44,0.44,0.44,,300.1,300.1,287.44,287.44,0,1,0.0868639508724285,0.0868639508724285,1.0,0.08333333333333333,0.0,1.0,1.0,1.0,1,,0.44,0.44
L100000102607,coal_power,VBC Ferro Alloys Bodepalli plant,1,1,3.58,3.58,3.58,,336.95,336.95,302.91,302.91,0,0,0.9154828044146212,0.9154828044146212,1.0,0.08333333333333333,0.0,0.0,1.0,1.0,1,,3.58,3.58
L100000102610,coal_power,Anpara power station,1,1,11.04,11.04,11.04,,346.16,346.16,314.93,314.93,0,0,0.9763944041711792,0.9763944041711792,1.0,0.08333333333333333,0.0,0.0,1.0,1.0,1,,11.04,11.04
L100000102613,coal_power,Anpara-E power station,1,1,1.02,1.02,1.02,,305.76,305.76,293.89,293.89,0,1,0.9221739216282624,0.9221739216282624,1.0,0.08333333333333333,0.0,1.0,1.0,1.0,1,,1.02,1.02
L100000102616,coal_power,Bara Thermal Power Project,3,3,2.08,0.87,4.93,2.477518920210297,313.37333333333333,345.17,291.14000000000004,303.92,0,2,0.6093177738911855,0.3392998143571037,1.0,0.25,0.0,0.6666666666666666,1.0,1.0,1,0.0,2.08,4.93
L100000102620,coal_power,Bhognipur power station,3,3,4.75,5.08,6.34,1.7781169815284932,339.7,347.53,303.47333333333336,304.96,0,0,0.8850044594999579,0.8300897550093354,1.0,0.25,0.0,0.0,1.0,1.0,1,0.0,4.75,6.34
L100000102646,coal_power,Parichha power station,2,1,1.8399999999999999,1.8399999999999999,2.29,0.6363961030678927,310.985,313.04,293.53,293.58,0,2,0.7893503549413983,0.7753101927141375,2.0,0.16666666666666666,0.0,1.0,2.0,2.0,2,,3.6799999999999997,3.6799999999999997
L100000102666,coal_power,Burdwan power station,1,1,3.17,3.17,3.17,,332.79,332.79,302.15,302.15,0,0,0.7803337386687552,0.7803337386687552,1.0,0.08333333333333333,0.0,0.0,1.0,1.0,1,,3.17,3.17
L100000102667,coal_power,Cossipore power station,1,1,2.44,2.44,2.44,,330.81,330.81,301.89,301.89,0,0,0.7200500545874959,0.7200500545874959,1.0,0.08333333333333333,0.0,0.0,1.0,1.0,1,,2.44,2.44
L100000102671,coal_power,Durgapur SAIL power station,206,131,2.079611650485437,1.665,10.71,1.4311816181249417,309.7176213592233,367.0,290.47427184466017,309.83,1,192,0.6347282663773467,0.0933139468380883,1.5725190839694656,17.166666666666668,0.0048543689320388345,0.9320388349514563,1.5725190839694656,1.0,4,0.7649085852987727,3.2702290076335876,15.84
L100000102681,coal_power,Raghunathpur Thermal Power Station,1,1,2.38,2.38,2.38,,332.81,332.81,301.49,301.49,0,0,0.976134420592986,0.976134420592986,1.0,0.08333333333333333,0.0,0.0,1.0,1.0,1,,2.38,2.38
L100000102685,coal_power,Salboni power plant,1,1,5.18,5.18,5.18,,334.38,334.38,302.58,302.58,0,0,0.995427280988158,0.995427280988158,1.0,0.08333333333333333,0.0,0.0,1.0,1.0,1,,5.18,5.18
L100000104378,coal_power,Pedaveedu power station,1,1,2.47,2.47,2.47,,330.69,330.69,301.34,301.34,0,0,0.4702333882699601,0.4702333882699601,1.0,0.08333333333333333,0.0,0.0,1.0,1.0,1,,2.47,2.47
L100000104861,coal_power,Hazira power station (Reliance),3,1,2.276666666666667,2.14,2.55,0.23671361036774632,336.31333333333333,337.59,307.8966666666667,308.41,0,0,0.6600209122031173,0.4254655754989921,3.0,0.25,0.0,0.0,3.0,3.0,3,,6.83,6.83
L100000105017,coal_power,Ambuja Cements Limited power station,45,42,1.4662222222222223,1.45,2.43,0.4548290832274195,305.37333333333333,318.51,290.9511111111111,297.65,0,45,0.2577980821489385,0.0690751713135314,1.0714285714285714,3.75,0.0,1.0,1.0714285714285714,1.0,2,0.26066118021500656,1.570952380952381,3.6100000000000003
L100001000108,coal_power,Mattapalli Cement Plant power station,2,1,0.43000000000000005,0.43000000000000005,0.46,0.04242640687119283,301.315,301.37,277.615,277.67,0,2,0.1463975758770158,0.1271731328325148,2.0,0.16666666666666666,0.0,1.0,2.0,2.0,2,,0.8600000000000001,0.8600000000000001
L100001000153,coal_power,Chandrapur (Assam) power station,2,1,1.68,1.68,2.94,1.7819090885900999,317.98,331.93,297.66999999999996,303.21,0,1,0.2783576891057815,0.1512703152437589,2.0,0.16666666666666666,0.0,0.5,2.0,2.0,2,,3.36,3.36
L100001048073,coal_power,Jaunpur captive power station,1,1,3.45,3.45,3.45,,332.97,332.97,300.65,300.65,0,0,0.9411529006300504,0.9411529006300504,1.0,0.08333333333333333,0.0,0.0,1.0,1.0,1,,3.45,3.45
L100001083808,coal_power,Torrent Power Raigarh thermal power station,2,2,4.2,4.2,5.86,2.3475945135393377,333.24,334.65,303.86,306.87,0,0,0.27830278236479256,0.2387140401708842,1.0,0.16666666666666666,0.0,0.0,1.0,1.0,1,0.0,4.2,5.86
L100001083814,coal_power,New Surat Lignite power station,2,2,7.13,7.13,7.18,0.0707106781186545,345.20000000000005,348.43,302.79,306.98,0,0,0.5187155885707069,0.3840188058391835,1.0,0.16666666666666666,0.0,0.0,1.0,1.0,1,0.0,7.13,7.18
P100000120510,steel,JSW BPSL Jharsuguda steel plant,1356,255,2.280184365781711,2.01,12.22,1.3161767436772007,311.3191002949853,367.0,291.8621828908555,316.68,1,1252,0.5743748916100618,0.0097991826703018,5.317647058823529,113.0,0.0007374631268436578,0.9233038348082596,5.317647058823529,5.0,14,2.4067413427059705,12.12521568627451,43.76
P100000120511,steel,Tata Steel Meramandali steel plant,1167,265,3.531473864610111,2.87,15.75,2.4535911065500295,319.4346786632391,367.0,292.9675921165381,317.89,1,903,0.6656810042908501,0.0576335219259694,4.40377358490566,97.25,0.000856898029134533,0.7737789203084833,4.40377358490566,4.0,12,2.291119405522158,15.551811320754716,42.519999999999996
P100000120512,steel,BMM Ispat Danapur steel plant,165,104,1.670909090909091,1.28,6.76,1.2206829446835248,310.0741818181818,344.93,291.718,308.66,0,148,0.38654324112026706,0.0217468624357536,1.5865384615384615,13.75,0.0,0.896969696969697,1.5865384615384615,1.0,6,0.9307119826363328,2.650961538461538,11.67
P100000120513,steel,ArcelorMittal Nippon Steel Hazira plant,937,285,7.400661686232658,5.76,55.27,6.136023552088853,331.20388473852717,367.0,297.0661152614728,321.99,28,597,0.724335876308343,0.2146064103104337,3.287719298245614,78.08333333333333,0.029882604055496264,0.6371398078975453,3.287719298245614,3.0,9,1.7099615117403395,24.331298245614036,128.03
P100000120515,steel,Jindal Steel Angul steel plant,143,103,2.563846153846154,2.06,7.87,1.4481926196085326,315.6736363636364,342.71,293.32146853146855,312.97,0,109,0.8435665789296308,0.3975946154337186,1.3883495145631068,11.916666666666666,0.0,0.7622377622377622,1.3883495145631068,1.0,4,0.6452391213346743,3.559514563106796,10.81
P100000120516,steel,Jindal Steel Raigarh steel plant,1096,263,3.3518339416058396,2.9,15.84,1.9439740902912332,320.4300091240876,367.0,295.307098540146,331.16,1,828,0.47964767650567414,0.0076264859384316,4.167300380228137,91.33333333333333,0.0009124087591240876,0.7554744525547445,4.167300380228137,4.0,12,1.88671407809471,13.96809885931559,42.2
P100000120517,steel,JSW Steel Dolvi steel plant,480,212,2.4496041666666666,2.085,10.27,1.370215094273707,315.49552083333333,348.95,294.4266875,316.68,0,414,0.614196170206853,0.1589542378614686,2.2641509433962264,40.0,0.0,0.8625,2.2641509433962264,2.0,6,1.2338195370855058,5.54627358490566,17.830000000000002
P100000120518,steel,JSW Steel Salem steel plant,109,85,1.6958715596330274,1.61,5.56,0.8045394484368456,310.094128440367,333.41,290.47155963302754,300.82,0,108,0.25366074757336665,0.0075874697144322,1.2823529411764707,9.083333333333334,0.0,0.9908256880733946,1.2823529411764707,1.0,3,0.47838430222598904,2.1747058823529413,5.65
P100000120519,steel,JSW Steel Vijayanagar steel plant,706,216,2.5361898016997166,2.27,8.54,1.3412153113657572,315.92515580736546,353.04,293.22086402266285,314.48,0,625,0.6501832343760329,0.036784535470087,3.2685185185185186,58.833333333333336,0.0,0.8852691218130312,3.2685185185185186,3.0,9,1.8100827758612092,8.289583333333333,30.69
P100000120522,steel,Lloyds Metals and Energy Ltd Ghugus steel plant,21,20,1.0585714285714285,1.04,1.43,0.22077784567944567,303.75333333333333,309.25,290.70190476190476,294.19,0,21,0.15335080512436033,0.013883030175095,1.05,1.75,0.0,1.0,1.05,1.0,2,0.22360679774997896,1.1115,2.62
P100000120523,steel,NMDC Nagarnar steel plant,66,54,2.5384848484848486,1.63,12.0,2.081603850898291,313.11015151515153,345.91,292.5195454545455,310.51,0,51,0.29050731465411206,0.039269213599248,1.2222222222222223,5.5,0.0,0.7727272727272727,1.2222222222222223,1.0,3,0.5015698625755192,3.1025925925925923,14.11
P100000120524,steel,SAIL IISCO steel plant,186,116,2.089516129032258,1.62,10.86,1.6979100928854365,312.8760752688172,349.38,291.4997311827957,319.29,0,150,0.8391104768096596,0.2986849501518633,1.603448275862069,15.5,0.0,0.8064516129032258,1.603448275862069,1.0,4,0.8327984290260794,3.3504310344827584,20.09
P100000120525,steel,SAIL Bhilai steel plant,437,184,2.227826086956522,1.96,8.52,1.1765758852371482,311.4586498855835,353.6,293.1743707093821,309.5,0,423,0.6543672655697621,0.1970370948793387,2.375,36.416666666666664,0.0,0.9679633867276888,2.375,2.0,7,1.3492053925391905,5.291086956521739,25.34
P100000120526,steel,SAIL Bokaro steel plant,113,74,1.4179646017699115,1.26,3.93,0.701535508840678,309.0083185840708,339.53,288.88345132743365,309.36,0,106,0.6386146631702225,0.0200192715060736,1.527027027027027,9.416666666666666,0.0,0.9380530973451328,1.527027027027027,1.0,5,0.7625295498064496,2.16527027027027,8.17
P100000120527,steel,SAIL Durgapur steel plant,227,145,1.8483700440528634,1.57,7.59,1.0576746428236434,310.33753303964755,349.0,290.15171806167405,306.82,0,224,0.3919781849542695,0.0066788702958208,1.5655172413793104,18.916666666666668,0.0,0.986784140969163,1.5655172413793104,1.0,4,0.7150543210080875,2.893655172413793,9.21
P100000120528,steel,SAIL Rourkela steel plant,831,222,2.124187725631769,1.76,9.5,1.324318613937995,312.70802647412756,352.6,291.7279061371841,320.26,0,718,0.5862491269655243,0.0063787720864397,3.7432432432432434,69.25,0.0,0.8640192539109507,3.7432432432432434,3.0,10,2.3110641462487176,7.951351351351351,28.39
P100000120529,steel,Tata Steel Jamshedpur steel plant,577,207,2.091750433275563,1.7,13.53,1.3925508244654599,310.33454072790295,353.88,291.72025996533796,312.07,0,534,0.5218171552436953,0.0266992169529466,2.78743961352657,48.083333333333336,0.0,0.925476603119584,2.78743961352657,2.0,7,1.5989185407570174,5.8306280193236715,24.0
P100000120530,steel,Tata Steel Kalinganagar steel plant,838,244,4.269486873508353,2.86,47.05,4.627167796313388,319.42361575178995,367.0,292.998723150358,317.0,4,637,0.5877738859164693,0.0617776683680356,3.4344262295081966,69.83333333333333,0.00477326968973747,0.7601431980906921,3.4344262295081966,3.0,14,2.082605620728575,14.663237704918032,144.43
P100000120531,steel,RINL Vizag Steel plant,17,16,1.8335294117647059,1.35,5.6,1.351938151213243,308.1452941176471,327.38,290.9617647058824,300.51,0,16,0.5318855558057003,0.0543060820244564,1.0625,1.4166666666666667,0.0,0.9411764705882353,1.0625,1.0,2,0.24999999999999997,1.9481249999999999,5.6
P100000120534,steel,Electrosteel Bokaro steel plant,172,112,1.363139534883721,1.1150000000000002,5.02,0.8065213173790987,306.00697674418603,342.39,289.52936046511627,307.64,0,158,0.40322456613138213,0.0030040368490271,1.5357142857142858,14.333333333333334,0.0,0.9186046511627907,1.5357142857142858,1.0,5,0.8045878742322976,2.0933928571428573,8.17
P100000120535,steel,Tata Steel Gamharia steel plant,120,95,1.17175,1.13,5.67,0.5742421567786964,303.736,336.01,290.15066666666667,299.59,0,119,0.5689757352663061,0.0752076731411668,1.263157894736842,10.0,0.0,0.9916666666666667,1.263157894736842,1.0,3,0.5688833091987164,1.4801052631578946,6.6899999999999995
P100000120536,steel,JSW Steel Raigarh steel plant,91,75,1.558131868131868,1.39,4.55,0.7737669934775974,307.64791208791206,332.55,291.3021978021978,306.11,0,89,0.41661976223899616,0.0919695437935092,1.2133333333333334,7.583333333333333,0.0,0.978021978021978,1.2133333333333334,1.0,3,0.5011698027327376,1.8905333333333332,7.26
P100000120538,steel,JSW Vijayanagar Metallics steel plant,4,3,4.4425,3.1399999999999997,8.82,2.927289702096463,333.09,337.96,299.895,306.65,0,0,0.6103017595033116,0.4445153307526364,1.3333333333333333,0.3333333333333333,0.0,0.0,1.3333333333333333,1.0,2,0.5773502691896258,5.923333333333333,8.82
P100000120540,steel,Neelachal Ispat Nigam steel plant,351,157,2.2116809116809115,1.35,16.68,2.323777779062182,313.4619658119658,367.0,292.15216524216527,313.91,1,286,0.648601968266882,0.1030327487898861,2.2356687898089174,29.25,0.002849002849002849,0.8148148148148148,2.2356687898089174,2.0,9,1.4682106997387576,4.944585987261147,46.25
P100000120541,steel,Welspun Metallics Anjar Steel plant,19,19,1.2742105263157895,0.91,6.18,1.2401761335009085,305.09999999999997,344.82,292.3415789473684,316.77,0,18,0.21113269436543397,0.0413507283685,1.0,1.5833333333333333,0.0,0.9473684210526315,1.0,1.0,1,0.0,1.2742105263157895,6.18
P100000120543,steel,Jindal Stainless Jajpur steel plant,389,209,2.72280205655527,2.23,11.24,1.7334403888947054,318.9540359897172,348.93,293.7001285347044,315.66,0,294,0.5582677975431637,0.2251231451056364,1.861244019138756,32.416666666666664,0.0,0.7557840616966581,1.861244019138756,2.0,5,0.8687304966129067,5.067799043062202,19.35
P100000120544,steel,Jindal Stainless Hisar steel plant,90,80,1.1326666666666667,0.9,4.4,0.6686222628189095,304.04822222222225,337.17,288.2274444444445,306.44,0,88,0.6006166745252075,0.048918227005325,1.125,7.5,0.0,0.9777777777777777,1.125,1.0,2,0.33280548924392167,1.2742499999999999,4.4
P100000120546,steel,Tata Metaliks Kharagpur steel plant,66,52,0.9616666666666667,0.9099999999999999,2.18,0.3920187724442772,303.56151515151515,314.37,288.8610606060606,296.56,0,66,0.4801217113204594,0.0496688027868703,1.2692307692307692,5.5,0.0,1.0,1.2692307692307692,1.0,3,0.5282373432458147,1.220576923076923,3.67
P100000120547,steel,Jayaswal Neco Industries Raipur steel plant,25,23,1.2544,0.94,3.96,0.8329569816823275,303.7856,335.96,289.4168,297.77,0,24,0.6130523320642937,0.1829739270622601,1.0869565217391304,2.0833333333333335,0.0,0.96,1.0869565217391304,1.0,2,0.2881040655200304,1.3634782608695653,3.9699999999999998
P100000120549,steel,SAIL Alloy steel plant,40,40,0.8165000000000001,0.725,1.69,0.3039277073286529,301.1325,312.01,288.24325,296.02,0,40,0.7803910999716841,0.546517411866667,1.0,3.3333333333333335,0.0,1.0,1.0,1.0,1,0.0,0.8165000000000001,1.69
P100000120552,steel,Hospet Steels Hospet plant,40,35,1.08275,1.045,2.08,0.39483841225857425,306.982,318.88,289.81475,295.94,0,40,0.7128143148165941,0.0382916978534733,1.1428571428571428,3.3333333333333335,0.0,1.0,1.1428571428571428,1.0,3,0.42996970774675736,1.2374285714285715,3.0
P100000120555,steel,Rashmi Metaliks Kharagpur steel plant,645,243,2.348790697674419,1.9,9.66,1.5381244410601587,313.939007751938,345.54,292.0236434108527,312.94,0,560,0.690053068863333,0.0753059245081292,2.654320987654321,53.75,0.0,0.8682170542635659,2.654320987654321,3.0,6,1.322036625320921,6.234444444444445,20.47
P100000120557,steel,Godawari Power and Ispat Siltara steel plant,314,193,1.9339171974522293,1.78,5.09,0.795838781992779,307.4209872611465,338.76,290.42044585987264,307.97,0,312,0.27277152700172824,0.0065789263399848,1.6269430051813472,26.166666666666668,0.0,0.9936305732484076,1.6269430051813472,1.0,5,0.8073229178028282,3.1463730569948187,11.1
P100000120558,steel,Prakash Industries Janjgir steel plant,262,193,1.7767175572519085,1.545,9.55,1.0594851223675337,309.33068702290075,342.93,290.52862595419845,310.56,0,250,0.19821836469881596,0.0242101756351383,1.3575129533678756,21.833333333333332,0.0,0.9541984732824428,1.3575129533678756,1.0,4,0.6468336589753348,2.411917098445596,13.45
P100000120560,steel,Jai Balaji Durgapur Unit IV steel plant,95,78,1.4738947368421054,1.31,5.1,0.8570090179729137,306.25178947368425,345.65,290.8254736842105,317.4,0,91,0.7292088304756948,0.1050389118493408,1.2179487179487178,7.916666666666667,0.0,0.9578947368421052,1.2179487179487178,1.0,4,0.5258866575192573,1.7951282051282054,5.1
P100000120562,steel,Jai Balaji Jyoti Steels Sundargarh plant,22,22,0.5363636363636364,0.475,1.48,0.26968315544172267,298.81363636363636,307.43,286.87227272727273,294.85,0,22,0.24715280611253804,0.0837716822478903,1.0,1.8333333333333333,0.0,1.0,1.0,1.0,1,0.0,0.5363636363636364,1.48
P100000120563,steel,Orissa Sponge Iron and Steel plant,26,25,0.6796153846153847,0.69,1.12,0.20906421538332698,301.4930769230769,308.45,287.1469230769231,295.0,0,26,0.20784390279235165,0.0935063105200503,1.04,2.1666666666666665,0.0,1.0,1.04,1.0,2,0.2,0.7068000000000001,1.1600000000000001
P100000120564,steel,Atibir Industries Bhorandiha steel plant,34,27,0.7958823529411765,0.695,1.92,0.36163867491502605,302.61,335.84,288.2364705882353,308.4,0,33,0.3818644050643924,0.2000074023488796,1.2592592592592593,2.8333333333333335,0.0,0.9705882352941176,1.2592592592592593,1.0,2,0.44657608470472243,1.0022222222222221,2.11
P100000120566,steel,Orissa Metaliks Markuta steel plant,138,115,1.4496376811594203,1.27,10.34,1.128336033074044,306.8482608695652,347.75,291.403115942029,314.27,0,132,0.30767492551129066,0.0732297130902785,1.2,11.5,0.0,0.9565217391304348,1.2,1.0,4,0.46263926305416214,1.7395652173913045,12.96
P100000120567,steel,MSP Steel & Power Raigarh plant,289,202,1.2284429065743945,1.12,5.46,0.5805953580759153,305.1104152249135,335.95,289.08512110726645,306.83,0,288,0.32924891179201704,0.0258811319837717,1.4306930693069306,24.083333333333332,0.0,0.9965397923875432,1.4306930693069306,1.0,5,0.6523196381376122,1.7575247524752475,7.209999999999999
P100000120568,steel,Arjas Steel Tadipatri plant,45,36,1.6653333333333333,1.36,4.91,0.9930270526389134,312.5435555555556,339.85,291.12244444444445,313.85,0,42,0.467125679867364,0.1824523148286211,1.25,3.75,0.0,0.9333333333333333,1.25,1.0,2,0.43915503282683976,2.0816666666666666,4.91
P100000120569,steel,Rungta Mines Dhenkanal steel plant,617,242,2.105299837925446,1.73,9.76,1.2857726525992264,310.8144084278768,340.71,290.9313290113452,310.44,0,565,0.6342995105119585,0.1499089533852076,2.549586776859504,51.416666666666664,0.0,0.9157212317666127,2.549586776859504,2.0,9,1.4228499229458154,5.367644628099174,22.89
P100000120575,steel,Sunflag Iron and Steel plant,149,124,1.5778523489932885,1.43,5.06,0.7490566714013009,306.6576510067114,334.36,291.36241610738256,307.79,0,144,0.29333884451899755,0.0159250647826619,1.2016129032258065,12.416666666666666,0.0,0.9664429530201343,1.2016129032258065,1.0,4,0.493532788338816,1.895967741935484,12.809999999999999
P100000120576,steel,Tata Steel Ludhiana steel plant,3,2,4.526666666666666,2.28,9.14,3.9957143708395044,340.07,344.53,304.30333333333334,313.17,0,0,0.5657047115494721,0.4058633721512251,1.5,0.25,0.0,0.0,1.5,1.5,2,0.7071067811865476,6.79,9.14
P100000121032,steel,Yazdani Steel and Power Kalinganagar steel plant,5,5,0.734,0.74,0.94,0.14099645385611653,302.184,305.45,291.69,295.08,0,5,0.06087044576005084,0.026334099468901,1.0,0.4166666666666667,0.0,1.0,1.0,1.0,1,0.0,0.734,0.94
P100000121165,steel,Nilachal Iron & Power Gamharia steel plant,333,216,1.3831231231231231,1.28,4.23,0.6158761805223474,307.8663663663664,332.68,288.70417417417417,305.66,0,328,0.24947536500682718,0.008242288608273,1.5416666666666667,27.75,0.0,0.984984984984985,1.5416666666666667,1.0,6,0.8507862300850464,2.1323148148148148,15.02
P100000121178,steel,ArcelorMittal Nippon Steel Paradip plant,3,3,6.903333333333333,6.89,7.96,1.0500634901439687,334.9433333333333,338.68,297.71666666666664,305.32,0,0,0.5009994841863558,0.4666970106151972,1.0,0.25,0.0,0.0,1.0,1.0,1,0.0,6.903333333333333,7.96
P100000121181,steel,Shyam Steel Raghunathpur steel plant,19,19,0.7447368421052631,0.77,1.19,0.2358052025873294,300.7194736842105,309.11,287.5257894736842,294.27,0,19,0.9216638438780965,0.8306833972557944,1.0,1.5833333333333333,0.0,1.0,1.0,1.0,1,0.0,0.7447368421052631,1.19
P100000121182,steel,Shyam Steel Mejia steel plant,365,211,1.5455890410958903,1.45,8.85,0.8354708456586065,305.9708493150685,336.28,288.88032876712333,308.79,0,358,0.5988518213026061,0.0344681380118303,1.7298578199052133,30.416666666666668,0.0,0.9808219178082191,1.7298578199052133,1.0,5,0.9651101484992152,2.673649289099526,11.36
P100000121183,steel,Shyam Metalics Jamuria steel plant,1003,239,1.925543369890329,1.71,8.91,0.9973343607882924,308.6496211365902,335.86,290.17855433698907,308.66,0,953,0.49550389926468563,0.017755945564065,4.196652719665272,83.58333333333333,0.0,0.9501495513459621,4.196652719665272,4.0,11,1.9997450700717296,8.080836820083682,23.85
P100000121184,steel,Shyam Metalics Sambalpur steel plant,207,141,1.8121256038647344,1.57,6.88,0.9972385774044197,308.2445893719807,338.22,290.95478260869567,309.46,0,190,0.4164352838660889,0.0212467244251117,1.4680851063829787,17.25,0.0,0.9178743961352657,1.4680851063829787,1.0,4,0.6158987798257775,2.6603546099290782,9.11
P100000121185,steel,Rungta Mines Karakhendra steel plant,39,38,0.7320512820512821,0.74,1.38,0.26060839231124144,302.10282051282053,310.74,286.85282051282053,294.67,0,39,0.34082617019086936,0.1350009058212527,1.0263157894736843,3.25,0.0,1.0,1.0263157894736843,1.0,2,0.16222142113076254,0.7513157894736843,1.43
P100000121186,steel,Rungta Mines Kamanda steel plant,587,238,1.4216524701873936,1.25,8.04,0.8202485441857047,305.8202044293015,335.67,287.2421976149915,310.48,0,570,0.4081983477526617,0.0070115650180821,2.466386554621849,48.916666666666664,0.0,0.9710391822827938,2.466386554621849,2.0,9,1.288100509150974,3.506344537815126,11.65
P100000121187,steel,Orissa Metaliks Kharagpur steel plant,823,271,2.88501822600243,2.41,10.87,1.689880779684103,317.6530619684083,352.08,292.8338517618469,320.27,0,638,0.3577055951445919,0.0219463317287899,3.03690036900369,68.58333333333333,0.0,0.7752126366950183,3.03690036900369,3.0,9,1.666256612123207,8.76151291512915,32.23
P100000121188,steel,Orissa Alloy Steel Kharagpur Plant,279,180,2.7411827956989248,2.12,9.77,1.7436180750512404,317.1578853046595,344.54,294.02089605734767,316.44,0,212,0.7598807148255083,0.4297337067238735,1.55,23.25,0.0,0.7598566308243727,1.55,1.0,4,0.7190543137658317,4.248833333333333,17.89
P100000121189,steel,Orissa Steel and Power Jhargram steel plant,683,236,1.9402196193265009,1.71,7.8,0.9887894099105095,311.9117423133236,343.46,291.0502489019034,315.86,0,632,0.5776826137490407,0.0243545365726834,2.8940677966101696,56.916666666666664,0.0,0.9253294289897511,2.8940677966101696,3.0,8,1.2451637419714048,5.615127118644068,19.18
P100000121190,steel,Prakash Sponge Iron and Power Challakere steel plant,1,1,0.7,0.7,0.7,,302.85,302.85,292.65,292.65,0,1,0.5894010674173082,0.5894010674173082,1.0,0.08333333333333333,0.0,1.0,1.0,1.0,1,,0.7,0.7
P100000121191,steel,Shakambhari Ispat and Power Purulia steel plant,357,203,1.5292717086834735,1.42,6.26,0.6919269840437753,305.61481792717086,318.56,289.79106442577034,301.85,0,357,0.2382149849080289,0.0185964036777898,1.7586206896551724,29.75,0.0,1.0,1.7586206896551724,1.0,6,1.002897815671532,2.689408866995074,9.81
P100000121192,steel,Shri Bajrang Power & Ispat Tilda steel plant,314,205,1.504872611464968,1.4,4.39,0.6287485539575433,307.4289171974522,320.39,290.0974522292994,299.63,0,314,0.3445010389885359,0.0281079367855252,1.5317073170731708,26.166666666666668,0.0,1.0,1.5317073170731708,1.0,5,0.8075741404652323,2.3050243902439025,7.5200000000000005
P100000121195,steel,Evonith Metallics Wardha steel plant,105,75,1.8575238095238094,1.37,15.89,1.9127782758596805,310.2695238095238,349.36,291.7112380952381,316.44,0,93,0.25918396417281786,0.0183960773133619,1.4,8.75,0.0,0.8857142857142857,1.4,1.0,3,0.5452497568062706,2.6005333333333334,15.89
P100000121205,steel,Vedanta Sesa Goa Pig Iron Plant,54,52,1.9427777777777777,1.355,9.46,1.6613661310450651,311.0553703703703,338.03,295.4551851851852,307.37,0,46,0.6438788060271402,0.1377460868607936,1.0384615384615385,4.5,0.0,0.8518518518518519,1.0384615384615385,1.0,2,0.19418390934515437,2.0175,9.46
P100000121207,steel,Electrosteel Castings Srikalahasthi steel plant,1,1,1.42,1.42,1.42,,304.14,304.14,287.85,287.85,0,1,0.0980417108121313,0.0980417108121313,1.0,0.08333333333333333,0.0,1.0,1.0,1.0,1,,1.42,1.42
P100000121216,steel,Godawari Power and Ispat Sarora steel plant,8,8,2.1475,1.33,5.19,1.7443275413260466,312.4625,337.89,293.28625,304.69,0,5,0.7642899254780644,0.5055188978621274,1.0,0.6666666666666666,0.0,0.625,1.0,1.0,1,0.0,2.1475,5.19
P100000121236,steel,Evonith Value Steel Wardha steel plant,61,55,1.469016393442623,1.21,7.13,1.0154862626972243,307.04590163934427,318.74,290.99508196721314,299.94,0,61,0.21616802669245616,0.0557448134692373,1.1090909090909091,5.083333333333333,0.0,1.0,1.1090909090909091,1.0,2,0.31462660248284635,1.6292727272727272,7.13
P100000121239,steel,Mono Steel Gandhidham plant,44,42,0.7020454545454545,0.74,1.32,0.2557304135167794,301.9468181818182,308.41,289.595,296.12,0,44,0.27465804284530865,0.0228932089640543,1.0476190476190477,3.6666666666666665,0.0,1.0,1.0476190476190477,1.0,2,0.21554026870452123,0.7354761904761905,1.81
P100000123900,cement,Birla Corporation Satna Cement Plant,13,13,0.9346153846153846,0.83,2.57,0.5292859243769759,299.9623076923077,306.46,288.18384615384616,292.42,0,13,0.24850361250808375,0.0874226459544107,1.0,1.0833333333333333,0.0,1.0,1.0,1.0,1,0.0,0.9346153846153846,2.57
P100000123901,cement,Birla Corporation Chanderia Cement Plant,100,89,1.1992,1.18,2.51,0.438080477824001,305.58029999999997,314.56,289.80150000000003,300.52,0,100,0.3321632238046815,0.0734402043464391,1.1235955056179776,8.333333333333334,0.0,1.0,1.1235955056179776,1.0,2,0.33098423194731325,1.3474157303370786,3.29
P100000123902,cement,KJS Cement Maihar Cement Plant,1,1,4.81,4.81,4.81,,340.65,340.65,305.9,305.9,0,0,0.8180619347534571,0.8180619347534571,1.0,0.08333333333333333,0.0,0.0,1.0,1.0,1,,4.81,4.81
P100000123904,cement,Birla Corporation Durgapur Cement Plant,573,229,2.9584642233856893,2.1,29.45,2.9093864396894014,317.72603839441535,367.0,290.30104712041884,316.45,5,455,0.6626931050110787,0.0679505933877899,2.502183406113537,47.75,0.008726003490401396,0.794066317626527,2.502183406113537,2.0,10,1.4346111831839374,7.402620087336245,36.43
P100000123906,cement,RCCPL Kundanganj Cement Plant,2,1,2.9,2.9,2.9,0.0,337.86,345.51,298.325,298.5,0,0,0.7974164126486806,0.6617239095954459,2.0,0.16666666666666666,0.0,0.0,2.0,2.0,2,,5.8,5.8
P100000123911,cement,Cement Corporation of India Tandur Cement Plant,6,6,0.5016666666666666,0.565,0.6,0.12967909109284606,301.46666666666664,306.34,289.91833333333335,293.01,0,6,0.11750132889857216,0.0518785793992629,1.0,0.5,0.0,1.0,1.0,1.0,1,0.0,0.5016666666666666,0.6
P100000123917,cement,UltraTech Cement Gadchandur Cement Plant,50,46,1.1838,1.0750000000000002,3.23,0.4709169951557606,305.4182,313.39,292.986,301.38,0,50,0.13713060709685765,0.0266303515125685,1.0869565217391304,4.166666666666667,0.0,1.0,1.0869565217391304,1.0,2,0.28488492464476783,1.2867391304347826,4.359999999999999
P100000123918,cement,UltraTech Cement Maihar Cement Plant,34,30,0.9358823529411765,0.89,1.94,0.30889948985173077,302.5917647058824,312.74,289.53823529411767,297.85,0,34,0.33959240280069913,0.0646973960584867,1.1333333333333333,2.8333333333333335,0.0,1.0,1.1333333333333333,1.0,2,0.34574590364176044,1.0606666666666666,1.94
P100000123919,cement,UltraTech Cement Dhalo Cement Plant,1,1,1.75,1.75,1.75,,328.68,328.68,301.57,301.57,0,0,0.574732382098943,0.574732382098943,1.0,0.08333333333333333,0.0,0.0,1.0,1.0,1,,1.75,1.75
P100000123920,cement,Chettinad Cement Corporation Sangam K Cement Plant,10,9,0.937,0.96,1.35,0.22196346045639537,300.377,304.83,288.32399999999996,292.91,0,10,0.16635344971720514,0.0351281201163733,1.1111111111111112,0.8333333333333334,0.0,1.0,1.1111111111111112,1.0,2,0.3333333333333333,1.0411111111111113,1.87
P100000123925,cement,Dalmia Cement (Bharat) East Jaintia Hills Cement Plant,1,1,3.87,3.87,3.87,,329.56,329.56,296.39,296.39,0,0,0.5269721502250716,0.5269721502250716,1.0,0.08333333333333333,0.0,0.0,1.0,1.0,1,,3.87,3.87
P100000123927,cement,Dalmia Cement (Bharat) YSR District Cement Plant,25,25,1.0532,0.74,7.74,1.4054528333126897,305.8488,347.78,291.77639999999997,299.1,0,24,0.18090456840802635,0.0412794261079607,1.0,2.0833333333333335,0.0,0.96,1.0,1.0,1,0.0,1.0532,7.74
P100000123929,cement,Dalmia Cement (Bharat) Ariyalur Cement Plant,72,65,1.1466666666666667,1.05,4.21,0.624317091697733,306.36583333333334,315.6,290.07180555555556,296.69,0,72,0.168652982417569,0.0149201451610226,1.1076923076923078,6.0,0.0,1.0,1.1076923076923078,1.0,2,0.31240383135639344,1.2701538461538462,7.26
P100000123930,cement,Dalmia Cement (Bharat) Belagavi Cement Plant,5,5,0.688,0.66,0.91,0.17655027612552748,302.156,304.65,291.204,293.5,0,5,0.16375828726463668,0.0366081662686676,1.0,0.4166666666666667,0.0,1.0,1.0,1.0,1,0.0,0.688,0.91
P100000123932,cement,OCL India Rajgangpur Cement Plant,2,2,0.6699999999999999,0.6699999999999999,0.83,0.22627416997969513,298.69500000000005,298.85,286.79499999999996,286.84,0,2,0.6423657776736246,0.303203248181894,1.0,0.16666666666666666,0.0,1.0,1.0,1.0,1,0.0,0.6699999999999999,0.83
P100000123934,cement,Dalmia Cement (Bharat) Bokaro Steel City Cement Plant,27,25,2.9192592592592597,1.82,13.81,3.513202490305923,313.5618518518518,344.48,284.82703703703703,294.4,0,27,0.9291677699039943,0.7347665182232658,1.08,2.25,0.0,1.0,1.08,1.0,2,0.27688746209726917,3.1527999999999996,20.97
P100000123939,cement,HeidelbergCement India Narsinghgarh Cement Plant,91,82,1.1234065934065935,1.05,3.46,0.4202465408152162,303.328021978022,314.29,289.7701098901099,300.37,0,91,0.1832723262370295,0.015053992089368,1.1097560975609757,7.583333333333333,0.0,1.0,1.1097560975609757,1.0,2,0.31450912412820653,1.2467073170731708,3.56
P100000123940,cement,Zuari Cement Sitapuram Cement Plant,10,10,0.9339999999999999,0.8600000000000001,1.76,0.32803116383118913,304.04900000000004,307.43,291.817,295.92,0,10,0.13901505644475023,0.0201859316736689,1.0,0.8333333333333334,0.0,1.0,1.0,1.0,1,0.0,0.9339999999999999,1.76
P100000123941,cement,Zuari Cement Yerraguntla Cement Plant,16,16,0.87125,0.8200000000000001,1.47,0.279568119307859,307.4975,312.53,294.685,300.38,0,16,0.12498954551110246,0.0312108116417359,1.0,1.3333333333333333,0.0,1.0,1.0,1.0,1,0.0,0.87125,1.47
P100000123942,cement,HeidelbergCement India Jhansi Cement Plant,4,4,6.602499999999999,6.13,10.7,3.668972381108003,340.7225,345.5,304.725,316.16,0,0,0.8007530300139416,0.7026516078922042,1.0,0.3333333333333333,0.0,0.0,1.0,1.0,1,0.0,6.602499999999999,10.7
P100000123947,cement,India Cements Malkapur Cement Plant,3,2,12.459999999999999,12.36,13.08,0.5765414122159837,361.5366666666667,367.0,304.68666666666667,310.25,2,0,0.465653838880322,0.362902357850565,1.5,0.25,0.6666666666666666,0.0,1.5,1.5,2,0.7071067811865476,18.689999999999998,25.02
P100000123950,cement,India Cements Wadapally Cement Plant,1,1,0.58,0.58,0.58,,306.25,306.25,294.25,294.25,0,1,0.1196220393753778,0.1196220393753778,1.0,0.08333333333333333,0.0,1.0,1.0,1.0,1,,0.58,0.58
P100000123952,cement,Trinetra Cement Banswara Cement Plant,3,3,0.8333333333333334,1.05,1.16,0.47374395334751596,299.78333333333336,304.57,289.24333333333334,293.79,0,3,0.20757328356781432,0.1822634782324361,1.0,0.25,0.0,1.0,1.0,1.0,1,0.0,0.8333333333333334,1.16
P100000123956,cement,JK Cement Nimbahera Cement Plant,21,20,1.8280952380952382,1.65,3.72,0.6563125707132164,310.22761904761904,317.59,295.7738095238095,300.49,0,21,0.20341577644245015,0.0197643807666749,1.05,1.75,0.0,1.0,1.05,1.0,2,0.22360679774997894,1.9195,3.72
P100000123957,cement,JK Cement Chittaurgarh Cement Plant,53,51,1.0941509433962264,1.12,1.67,0.30024627047106706,302.3209433962264,311.32,288.90603773584905,300.03,0,53,0.6413325695117232,0.3771258818053451,1.0392156862745099,4.416666666666667,0.0,1.0,1.0392156862745099,1.0,2,0.1960392117639214,1.137058823529412,2.66
P100000123958,cement,JK Cement Bagalkot Cement Plant,1,1,0.65,0.65,0.65,,300.33,300.33,289.72,289.72,0,1,0.0709750926749601,0.0709750926749601,1.0,0.08333333333333333,0.0,1.0,1.0,1.0,1,,0.65,0.65
P100000123960,cement,JK Lakshmi Cement Ahiwara Cement Plant,4,4,1.8275000000000001,1.7249999999999999,3.18,1.3303476989118297,315.0,333.28,292.435,301.85,0,2,0.4184647287996208,0.1704717696032539,1.0,0.3333333333333333,0.0,0.5,1.0,1.0,1,0.0,1.8275000000000001,3.18
P100000123961,cement,JK Lakshmi Cement Sirohi Cement Plant,121,106,1.4585123966942148,1.32,4.9,0.7272352452462507,307.8929752066116,335.98,292.2260330578512,307.14,0,118,0.16832894761646652,0.0141301426938891,1.1415094339622642,10.083333333333334,0.0,0.9752066115702479,1.1415094339622642,1.0,2,0.3502020979862375,1.6649056603773584,6.05
P100000123967,cement,JSW Cement Nandyal Cement Plant,23,20,1.4043478260869564,0.8,6.23,1.4983045754420277,309.34869565217394,336.24,294.03869565217394,310.38,0,19,0.39473334622450684,0.0802107916182112,1.15,1.9166666666666667,0.0,0.8260869565217391,1.15,1.0,2,0.3663475485325232,1.6149999999999998,11.48
P100000123969,cement,JSW Cement Raigad Cement Plant,531,192,2.43758945386064,2.01,10.66,1.4861290190701917,313.5853672316384,349.3,294.70267419962335,316.24,0,468,0.4355797074081713,0.0261111966366318,2.765625,44.25,0.0,0.8813559322033898,2.765625,2.5,9,1.6790254044833635,6.741458333333333,29.2
P100000123970,cement,JSW Cement Bellary Cement Plant,22,21,1.2854545454545454,1.2,3.8,0.7079395136438953,310.55636363636364,339.11,292.4372727272727,309.98,0,20,0.9331002008571573,0.8333126584025615,1.0476190476190477,1.8333333333333333,0.0,0.9090909090909091,1.0476190476190477,1.0,2,0.21821789023599236,1.3466666666666667,4.09
P100000123974,cement,Kesoram Industries Basanth Nagar Cement Plant,2,2,1.155,1.155,1.71,0.7848885271170677,306.26,309.93,293.68,295.31,0,2,0.4877138371649899,0.1176143262696621,1.0,0.16666666666666666,0.0,1.0,1.0,1.0,1,0.0,1.155,1.71
P100000123975,cement,Kesoram Industries Gulbarga Cement Plant,2,2,5.1899999999999995,5.1899999999999995,6.12,1.3152186130069783,328.5,335.69,291.3,296.79,0,2,0.7070092986844794,0.7052696089960016,1.0,0.16666666666666666,0.0,1.0,1.0,1.0,1,0.0,5.1899999999999995,6.12
P100000123976,cement,ACC Bardol Cement Plant,1,1,4.64,4.64,4.64,,342.4,342.4,306.21,306.21,0,0,0.8957483543849287,0.8957483543849287,1.0,0.08333333333333333,0.0,0.0,1.0,1.0,1,,4.64,4.64
P100000123977,cement,ACC Barmana Cement Plant,20,19,0.75,0.77,1.04,0.19322743621251917,301.79499999999996,306.38,288.913,294.95,0,20,0.12405575633957544,0.0071520829737294,1.0526315789473684,1.6666666666666667,0.0,1.0,1.0526315789473684,1.0,2,0.22941573387056174,0.7894736842105263,1.81
P100000123978,cement,ACC Cementnagar Cement Plant,143,126,1.213146853146853,1.19,2.86,0.4097945544706889,305.47041958041956,313.54,291.6963636363636,300.25,0,143,0.29115330773120435,0.0566610997814267,1.1349206349206349,11.916666666666666,0.0,1.0,1.1349206349206349,1.0,3,0.38684724847256385,1.3768253968253967,4.16
P100000123979,cement,ACC Jamul Cement Plant,30,28,0.9023333333333333,0.8500000000000001,1.67,0.2921464362779136,304.7653333333334,311.81,291.6666666666667,301.4,0,30,0.3400321547379861,0.1534904866267921,1.0714285714285714,2.5,0.0,1.0,1.0714285714285714,1.0,2,0.2622652641564811,0.9667857142857142,2.6799999999999997
P100000123981,cement,ACC Kymore Cement Plant,67,63,1.1465671641791044,1.03,3.35,0.5365138656142836,303.67,347.32,289.979552238806,315.56,0,66,0.2596272929776992,0.0215944905894997,1.0634920634920635,5.583333333333333,0.0,0.9850746268656716,1.0634920634920635,1.0,2,0.24580452980260514,1.2193650793650792,3.8
P100000123982,cement,ACC Ametha Cement Plant,43,43,1.0962790697674418,0.84,7.69,1.1095130275760707,305.11023255813956,367.0,289.9132558139535,299.82,1,42,0.1501728778746716,0.0024957422475536,1.0,3.5833333333333335,0.023255813953488372,0.9767441860465116,1.0,1.0,1,0.0,1.0962790697674418,7.69
P100000123985,cement,ACC Wadi Cement Plant,91,74,1.4623076923076923,1.3,5.13,0.7785528982571547,308.23681318681315,334.59,291.63571428571424,309.38,0,90,0.17921613447823512,0.0230656723774542,1.2297297297297298,7.583333333333333,0.0,0.989010989010989,1.2297297297297298,1.0,3,0.4839137616281197,1.7982432432432431,6.35
P100000123986,cement,Ambuja Cements Ambuja Nagar Cement Plant,20,17,1.1305,1.14,1.62,0.2703306941701707,303.21950000000004,308.34,291.6165,294.36,0,20,0.21935364691823106,0.0186717363625231,1.1764705882352942,1.6666666666666667,0.0,1.0,1.1764705882352942,1.0,2,0.3929526239966879,1.33,2.66
P100000123987,cement,Ambuja Cements Darlaghat Cement Plant,83,71,0.8213253012048193,0.78,1.8,0.3371536925510721,300.6940963855422,311.3,287.2624096385542,295.54,0,83,0.34180906268014455,0.0108365460587413,1.1690140845070423,6.916666666666667,0.0,1.0,1.1690140845070423,1.0,2,0.3774317532617273,0.9601408450704225,2.37
P100000123988,cement,Ambuja Cements Rabriyawas Cement Plant,32,32,0.9824999999999999,0.85,2.58,0.49380027306333,302.4025,316.12,289.665625,303.3,0,32,0.29166086855510565,0.1315752784851516,1.0,2.6666666666666665,0.0,1.0,1.0,1.0,1,0.0,0.9824999999999999,2.58
P100000123989,cement,Ambuja Cements Rawan Cement Plant,174,143,1.5201149425287357,1.4,4.14,0.5773248937596759,305.96482758620687,329.77,291.09741379310344,304.76,0,173,0.31770874833401697,0.019073506499498,1.2167832167832169,14.5,0.0,0.9942528735632183,1.2167832167832169,1.0,5,0.606767702027211,1.8496503496503496,9.96
P100000123990,cement,Ambuja Cements Sonapur Cement Plant,1,1,2.27,2.27,2.27,,313.86,313.86,299.03,299.03,0,1,0.7861722092921638,0.7861722092921638,1.0,0.08333333333333333,0.0,1.0,1.0,1.0,1,,2.27,2.27
P100000123991,cement,ACC Sindri Cement Plant,6,5,2.12,2.135,3.34,1.1439405578962571,319.3383333333333,338.76,293.64,313.32,0,5,0.6198509203284733,0.4949201156727913,1.2,0.5,0.0,0.8333333333333334,1.2,1.0,2,0.4472135954999579,2.544,5.98
P100000123992,cement,ACC Kudithini Cement Plant,3,2,10.103333333333333,7.16,20.32,9.108920536119157,347.93,350.42,317.6433333333334,323.97,0,0,0.6206661160513995,0.433063677184909,1.5,0.25,0.0,0.0,1.5,1.5,2,0.7071067811865476,15.155000000000001,27.48
P100000123993,cement,ACC Gauriganj Cement Plant,3,3,7.0,3.26,14.56,6.547274242003309,345.73333333333335,367.0,305.63,320.39,1,0,0.7141653461331119,0.6254543619156815,1.0,0.25,0.3333333333333333,0.0,1.0,1.0,1,0.0,7.0,14.56
P100000124006,cement,Murli Industries Chandrapur Cement Plant,19,18,1.4331578947368422,0.84,12.37,2.659899857412303,304.6063157894737,341.71,291.1721052631579,313.14,0,18,0.19024501038481417,0.047322244957757,1.0555555555555556,1.5833333333333333,0.0,0.9473684210526315,1.0555555555555556,1.0,2,0.2357022603955158,1.5127777777777778,12.37
P100000124007,cement,NCL Industries Nalgonda Cement Plant,1,1,1.96,1.96,1.96,,303.51,303.51,288.08,288.08,0,1,0.1009330017642307,0.1009330017642307,1.0,0.08333333333333333,0.0,1.0,1.0,1.0,1,,1.96,1.96
P100000124009,cement,NU Vista Risda Cement Plant,28,27,0.8521428571428571,0.785,1.95,0.3369070334771139,304.22107142857146,312.91,291.8546428571429,300.24,0,28,0.2565749587287881,0.1059302984696497,1.037037037037037,2.3333333333333335,0.0,1.0,1.037037037037037,1.0,2,0.19245008972987526,0.8837037037037037,1.95
P100000124011,cement,NuvoVistas Corporation Raseda Cement Plant,135,116,1.2736296296296297,1.19,4.24,0.551133983503331,305.60585185185187,318.71,291.3284444444444,301.6,0,135,0.20888773222741505,0.0073076925434534,1.1637931034482758,11.25,0.0,1.0,1.1637931034482758,1.0,2,0.37169331718364335,1.4822413793103448,4.77
P100000124013,cement,NuvoVistas Corporation Chittaurgarh Cement Plant,41,40,0.8004878048780488,0.77,1.79,0.26518815225714926,300.7051219512195,308.41,288.4473170731707,296.49,0,41,0.14579760060779712,0.0397157332412235,1.025,3.4166666666666665,0.0,1.0,1.025,1.0,2,0.15811388300841894,0.8205,2.0700000000000003
P100000124019,cement,NU Vista Bhabua Cement Plant,6,4,10.941666666666668,2.045,51.67,20.09956657907495,330.81666666666666,348.21,300.2183333333333,322.94,0,1,0.6266330453543529,0.3440074974153219,1.5,0.5,0.0,0.16666666666666666,1.5,1.5,2,0.5773502691896257,16.4125,52.660000000000004
P100000124021,cement,Orient Cement Chittapur Cement Plant,3,3,1.5866666666666667,0.77,3.35,1.528474184712759,312.59999999999997,340.78,296.02,311.18,0,2,0.42335011106571985,0.1936614552870331,1.0,0.25,0.0,0.6666666666666666,1.0,1.0,1,0.0,1.5866666666666667,3.35
P100000124023,cement,Ambuja Cements Talaricheruvu Cement Plant,3,3,0.62,0.67,0.83,0.2389560629069704,303.82,304.68,293.48333333333335,294.32,0,3,0.1134180081797459,0.0619154425311743,1.0,0.25,0.0,1.0,1.0,1.0,1,0.0,0.62,0.83
P100000124025,cement,Ambuja Cements Anantapuram Cement Plant,9,9,0.7388888888888889,0.66,1.44,0.34228805283139974,305.28,310.05,293.56666666666666,299.56,0,9,0.17156952634415032,0.0340602935996479,1.0,0.75,0.0,1.0,1.0,1.0,1,0.0,0.7388888888888889,1.44
P100000124029,cement,Rain Cements Kurnool Cement Plant,5,3,2.322,1.78,4.95,1.6165611649424219,329.216,338.3,298.306,301.05,0,1,0.4908179063088576,0.1314422817835992,1.6666666666666667,0.4166666666666667,0.0,0.2,1.6666666666666667,1.0,3,1.1547005383792517,3.8700000000000006,6.050000000000001
P100000124031,cement,Ramco Cements Govindapuram Cement Plant,24,24,0.85125,0.925,1.71,0.35559273846940953,304.57041666666663,308.94,290.29,296.55,0,24,0.14692467121851116,0.0265674778308242,1.0,2.0,0.0,1.0,1.0,1.0,1,0.0,0.85125,1.71
P100000124032,cement,RamCements Jayanthipuram Cement Plant,4,4,0.6275,0.585,0.95,0.25850531909421126,303.9425,304.88,290.49,294.28,0,4,0.1523276242236677,0.0280366669287024,1.0,0.3333333333333333,0.0,1.0,1.0,1.0,1,0.0,0.6275,0.95
P100000124033,cement,Ramco Cements Mathodu Cement Plant,2,2,4.72,4.72,7.56,4.0163665171395895,343.585,346.4,309.855,310.53,0,0,0.8513417612728718,0.8159504941006516,1.0,0.16666666666666666,0.0,0.0,1.0,1.0,1,0.0,4.72,7.56
P100000124034,cement,Ramco Cements Alathiyur Cement Plant,3,3,0.5266666666666666,0.57,0.6,0.10214368964029708,303.95666666666665,305.38,293.01,294.04,0,3,0.08605068315122166,0.0272089596393914,1.0,0.25,0.0,1.0,1.0,1.0,1,0.0,0.5266666666666666,0.6
P100000124035,cement,Ramco Cements Tulukkapatti Cement Plant,1,1,2.55,2.55,2.55,,336.18,336.18,306.28,306.28,0,0,0.7990340019818458,0.7990340019818458,1.0,0.08333333333333333,0.0,0.0,1.0,1.0,1,,2.55,2.55
P100000124039,cement,Ramco Cements Chengalpattu Cement Plant,2,2,0.435,0.435,0.49,0.07778174593052022,304.75,304.99,286.945,288.25,0,2,0.1540622158861957,0.0775044327327548,1.0,0.16666666666666666,0.0,1.0,1.0,1.0,1,0.0,0.435,0.49
P100000124040,cement,Sagar Cements Mattampally Cement Plant,1,1,0.52,0.52,0.52,,304.33,304.33,294.31,294.31,0,1,0.0299782747483447,0.0299782747483447,1.0,0.08333333333333333,0.0,1.0,1.0,1.0,1,,0.52,0.52
P100000124043,cement,Shree Cement Beawar Cement Plant,5,5,0.704,0.65,0.97,0.1708215443086732,300.576,306.41,289.71400000000006,295.86,0,5,0.10616370288172654,0.0583092165624247,1.0,0.4166666666666667,0.0,1.0,1.0,1.0,1,0.0,0.704,0.97
P100000124045,cement,Shree Cement Ras Cement Plant,134,84,1.3497014925373134,1.29,3.09,0.4713361910146106,303.920223880597,315.35,291.13522388059704,303.04,0,134,0.3021298197876304,0.0220277247275326,1.5952380952380953,11.166666666666666,0.0,1.0,1.5952380952380953,1.0,5,0.8083755482231034,2.1530952380952377,6.93
P100000124046,cement,Shree Cement Raipur Cement Plant,1,1,3.45,3.45,3.45,,335.07,335.07,304.49,304.49,0,0,0.7261793082180379,0.7261793082180379,1.0,0.08333333333333333,0.0,0.0,1.0,1.0,1,,3.45,3.45
P100000124049,cement,Shree Cement Aurangabad Cement Plant,1,1,4.17,4.17,4.17,,333.13,333.13,298.32,298.32,0,0,0.8609397010515297,0.8609397010515297,1.0,0.08333333333333333,0.0,0.0,1.0,1.0,1,,4.17,4.17
P100000124051,cement,Shree Cement Panipat Cement Plant,1,1,3.73,3.73,3.73,,345.27,345.27,296.45,296.45,0,0,0.4707737343643464,0.4707737343643464,1.0,0.08333333333333333,0.0,0.0,1.0,1.0,1,,3.73,3.73
P100000124052,cement,Shree Cement Khushkhera Cement Plant,2,2,1.885,1.885,2.52,0.8980256121069153,328.725,329.26,294.845,297.16,0,1,0.7385832916637436,0.6192843760419422,1.0,0.16666666666666666,0.0,0.5,1.0,1.0,1,0.0,1.885,2.52
P100000124055,cement,UltraTech Cement Sirohi Cement Plant,159,137,1.411132075471698,1.4,2.75,0.49625430028054274,305.85106918238995,318.27,291.24440251572327,301.76,0,159,0.2050233174671952,0.0180138508122207,1.1605839416058394,13.25,0.0,1.0,1.1605839416058394,1.0,2,0.3684940865184344,1.6377372262773724,4.21
P100000124056,cement,UltraTech Cement Sidhi Cement Plant,61,59,1.0572131147540982,0.87,3.28,0.5647628739791034,303.91803278688525,314.51,290.71081967213115,300.13,0,61,0.2500595859975101,0.0451412403551275,1.0338983050847457,5.083333333333333,0.0,1.0,1.0338983050847457,1.0,2,0.18252082497293803,1.093050847457627,4.32
P100000124057,cement,UltraTech Cement Dalla Cement Plant,77,71,0.9288311688311688,0.92,2.55,0.3729680881861003,300.9707792207792,310.44,288.23883116883115,298.15,0,77,0.17142950790466313,0.0309470077724132,1.0845070422535212,6.416666666666667,0.0,1.0,1.0845070422535212,1.0,2,0.2801264445740498,1.0073239436619719,3.36
P100000124058,cement,UltraTech Cement Jaypee Puram Cement Plant,32,32,0.94,0.865,1.83,0.35785201482753876,302.8525,311.32,290.7478125,299.16,0,32,0.13944405264078247,0.0507392422410126,1.0,2.6666666666666665,0.0,1.0,1.0,1.0,1,0.0,0.94,1.83
P100000124059,cement,UltraTech Cement Budawada Cement Plant,67,63,1.093731343283582,0.97,3.39,0.5476612418465409,305.94358208955225,312.52,293.3073134328358,299.05,0,67,0.17159103663371114,0.0070059272656041,1.0634920634920635,5.583333333333333,0.0,1.0,1.0634920634920635,1.0,2,0.24580452980260512,1.163174603174603,5.46
P100000124060,cement,UltraTech Cement Nrupathanga Cement Plant,81,65,1.1111111111111112,1.05,3.83,0.48315887656132317,304.4606172839506,310.92,291.69456790123456,298.71,0,81,0.5524754769198066,0.0509148827832898,1.2461538461538462,6.75,0.0,1.0,1.2461538461538462,1.0,2,0.43412157106222965,1.3846153846153846,3.83
P100000124061,cement,UltraTech Cement Adityapuram Cement Plant,4,4,1.3425,1.095,2.48,0.7875013227502119,301.4575,305.28,289.6175,290.91,0,4,0.16010854350771042,0.0685625483879804,1.0,0.3333333333333333,0.0,1.0,1.0,1.0,1,0.0,1.3425,2.48
P100000124062,cement,UltraTech Cement Chandrapur Cement Plant,125,114,1.46952,1.34,5.55,0.834443851877095,306.82568,317.7,292.7636,302.8,0,125,0.22426973884950419,0.0169465208702929,1.0964912280701755,10.416666666666666,0.0,1.0,1.0964912280701755,1.0,2,0.29656733019383896,1.6113157894736843,10.76
P100000124063,cement,UltraTech Cement Jafrabad Cement Plant,6,6,0.8033333333333333,0.74,1.53,0.3715194028131864,303.8833333333333,306.88,292.7283333333333,295.21,0,6,0.08695473840190565,0.0345941160670169,1.0,0.5,0.0,1.0,1.0,1.0,1,0.0,0.8033333333333333,1.53
P100000124064,cement,UltraTech Cement Tadipatri Cement Plant,195,148,1.7432307692307694,1.59,6.44,1.0017265111656402,310.2456923076923,339.05,292.79784615384614,313.13,0,189,0.20056037179098857,0.0099499200611346,1.3175675675675675,16.25,0.0,0.9692307692307692,1.3175675675675675,1.0,3,0.5089292770208932,2.2968243243243243,11.9
P100000124065,cement,UltraTech Cement Hirmi Cement Plant,49,43,1.3451020408163266,1.13,7.33,1.0095277824495048,305.85979591836735,316.08,292.2657142857143,299.45,0,49,0.27006743439265124,0.0353717202767427,1.1395348837209303,4.083333333333333,0.0,1.0,1.1395348837209303,1.0,2,0.350604603563426,1.5327906976744186,7.33
P100000124066,cement,UltraTech Cement Vikram Nagar Cement Plant,55,51,1.1356363636363636,0.96,5.35,0.8606473955075561,302.3492727272727,309.27,289.65,295.99,0,55,0.14864780669990488,0.0434945452210965,1.0784313725490196,4.583333333333333,0.0,1.0,1.0784313725490196,1.0,2,0.2715243823233531,1.224705882352941,10.5
P100000124067,cement,UltraTech Cement Amreli Cement Plant,234,189,1.406111111111111,1.28,3.81,0.538874845571138,308.9507692307692,333.34,293.30559829059825,307.56,0,230,0.21325318039343463,0.0091199540534972,1.2380952380952381,19.5,0.0,0.9829059829059829,1.2380952380952381,1.0,2,0.4270489675302974,1.7408994708994707,5.58
P100000124068,cement,UltraTech Cement Kotputli Cement Plant,196,129,1.3626530612244898,1.255,3.17,0.5058378193937683,303.7377551020408,316.48,289.10367346938773,302.32,0,196,0.33108891498913806,0.0269335819968773,1.5193798449612403,16.333333333333332,0.0,1.0,1.5193798449612403,1.0,4,0.6743141792985676,2.0703875968992245,5.43
P100000124069,cement,UltraTech Cement Kharia Khangar Cement Plant,90,87,0.9442222222222223,0.905,3.71,0.3895055285923358,302.2415555555556,335.06,288.03766666666667,306.97,0,89,0.20078184963919216,0.0252322390886776,1.0344827586206897,7.5,0.0,0.9888888888888889,1.0344827586206897,1.0,2,0.18352338815966712,0.9767816091954024,3.71
P100000124070,cement,UltraTech Cement Rawan Cement Plant,50,49,1.4716,1.545,2.84,0.5188777528946288,307.6406,330.8,293.4598,304.66,0,49,0.2242631133099111,0.0600351211196466,1.0204081632653061,4.166666666666667,0.0,0.98,1.0204081632653061,1.0,2,0.14285714285714288,1.5016326530612245,2.89
P100000124071,cement,UltraTech Cement Reddipalayam Cement Plant,2,2,0.675,0.675,1.12,0.6293250352560273,304.125,305.39,292.46500000000003,292.66,0,2,0.437877169261792,0.1016406451063979,1.0,0.16666666666666666,0.0,1.0,1.0,1.0,1,0.0,0.675,1.12
P100000124072,cement,UltraTech Cement Sewagram Cement Plant,81,72,1.1975308641975309,1.13,3.62,0.44725979828338447,305.0502469135802,348.87,290.58444444444444,303.07,0,80,0.2350358317283042,0.053537647771684,1.125,6.75,0.0,0.9876543209876543,1.125,1.0,3,0.37294035319639723,1.3472222222222223,4.16
P100000124073,cement,UltraTech Cement Kandhar Cement Plant,32,31,0.6653125,0.71,1.04,0.22327452182632526,299.346875,307.84,286.4309375,296.73,0,32,0.1644257255647479,0.0204149921495235,1.032258064516129,2.6666666666666665,0.0,1.0,1.032258064516129,1.0,2,0.1796053020267749,0.6867741935483871,1.04
P100000124074,cement,UltraTech Cement Tonki Cement Plant,218,154,1.3939449541284403,1.34,2.89,0.45950588238037166,305.49353211009173,317.88,291.26550458715593,300.4,0,218,0.27927591839426674,0.0099980660437778,1.4155844155844155,18.166666666666668,0.0,1.0,1.4155844155844155,1.0,5,0.7558166487666993,1.9732467532467532,6.4
P100000124078,cement,UltraTech Cement Dhutra Cement Plant,4,3,4.275,4.195,7.68,2.8088016424565594,341.22249999999997,352.84,303.6875,309.46,0,0,0.8102897833282606,0.4505798360439459,1.3333333333333333,0.3333333333333333,0.0,0.0,1.3333333333333333,1.0,2,0.5773502691896258,5.7,11.0
P100000124082,cement,UltraTech Cement Hipale Cement Plant,2,1,6.85,6.85,6.85,0.0,343.98,345.23,314.015,314.12,0,0,0.5329266329547403,0.345216813290537,2.0,0.16666666666666666,0.0,0.0,2.0,2.0,2,,13.7,13.7
P100000124084,cement,UltraTech Cement Panipat Cement Plant,1,1,4.56,4.56,4.56,,339.46,339.46,305.91,305.91,0,0,0.751978081086683,0.751978081086683,1.0,0.08333333333333333,0.0,0.0,1.0,1.0,1,,4.56,4.56
P100000124088,cement,UltraTech Cement Durgapur Cement Plant,6,6,1.2066666666666668,1.2000000000000002,1.61,0.2781845909943013,305.62333333333333,310.82,286.77,292.64,0,6,0.6650638542868769,0.5023029356168858,1.0,0.5,0.0,1.0,1.0,1.0,1,0.0,1.2066666666666668,1.61
P100000124091,cement,UltraTech Cement Katni Cement Plant,1,1,3.53,3.53,3.53,,345.02,345.02,302.68,302.68,0,0,0.4004317131749381,0.4004317131749381,1.0,0.08333333333333333,0.0,0.0,1.0,1.0,1,,3.53,3.53
P100000124092,cement,UltraTech Cement Nagpur Cement Plant,3,3,6.56,8.0,8.26,2.7224253892439365,341.63000000000005,342.94,313.54,316.31,0,0,0.8248574892127135,0.6196557065305042,1.0,0.25,0.0,0.0,1.0,1.0,1,0.0,6.56,8.26
P100000124096,cement,Bharathi Cement Corporation Kadapa Cement Plant,1,1,1.49,1.49,1.49,,306.84,306.84,292.98,292.98,0,1,0.1701545107970604,0.1701545107970604,1.0,0.08333333333333333,0.0,1.0,1.0,1.0,1,,1.49,1.49
P100000124097,cement,Kalburgi Cement Chatarsal Cement Plant,9,8,2.572222222222222,0.84,8.94,3.617729874443978,308.3877777777777,367.0,289.65555555555557,296.11,1,9,0.2072161960803619,0.040656293804856,1.125,0.75,0.1111111111111111,1.0,1.125,1.0,2,0.3535533905932738,2.89375,17.88
P100000124098,cement,Shree Digvijay Cement Company Sikka Cement Plant,52,50,0.7267307692307692,0.71,1.37,0.2655864480496548,303.83153846153846,311.6,291.7273076923077,298.31,0,52,0.22640302015391972,0.0358740540105576,1.04,4.333333333333333,0.0,1.0,1.04,1.0,2,0.19794866372215741,0.7558,1.37
P100000124100,cement,Anjani Portland Cement Nalgonda Cement Plant,2,2,0.88,0.88,1.01,0.18384776310850237,306.83,307.76,295.765,295.79,0,2,0.22640982393118644,0.2156228056840244,1.0,0.16666666666666666,0.0,1.0,1.0,1.0,1,0.0,0.88,1.01
P100000124106,cement,Amrit Cement East Jaintia Hills Cement Plant,1,1,2.48,2.48,2.48,,330.38,330.38,299.53,299.53,0,0,0.8775965096177115,0.8775965096177115,1.0,0.08333333333333333,0.0,0.0,1.0,1.0,1,,2.48,2.48
P100000124107,cement,DCM Shriram Kota Cement Plant,22,22,0.6045454545454546,0.595,1.01,0.1495302891032695,300.0254545454545,305.22,288.07045454545454,293.66,0,22,0.1220727847777181,0.0450605527440829,1.0,1.8333333333333333,0.0,1.0,1.0,1.0,1,0.0,0.6045454545454546,1.01
P100000124109,cement,Green Valliey Industries Chiehruphi Cement Plant,1,1,3.62,3.62,3.62,,331.3,331.3,297.5,297.5,0,0,0.9429002668193582,0.9429002668193582,1.0,0.08333333333333333,0.0,0.0,1.0,1.0,1,,3.62,3.62
P100000124110,cement,Saurashtra Cement Sutrapada Cement Plant,37,37,0.9208108108108108,0.81,2.24,0.40996868700465927,305.8424324324324,311.13,292.26378378378377,298.37,0,37,0.125947263924038,0.0022061318631678,1.0,3.0833333333333335,0.0,1.0,1.0,1.0,1,0.0,0.9208108108108108,2.24
P100000124112,cement,JUD Cements East Jaintia Hills Cement Plant,4,4,7.755,6.040000000000001,18.49,7.829506157266029,332.19,353.6,296.76750000000004,303.43,0,1,0.7814492517722403,0.4509194982076706,1.0,0.3333333333333333,0.0,0.25,1.0,1.0,1,0.0,7.755,18.49
P100000124117,cement,Khyber Industries Khunmoh Cement Plant,3,2,4.9,5.65,5.65,1.2990381056766582,342.23,342.91,296.53666666666663,306.71,0,0,0.5839858340410937,0.4587948373179303,1.5,0.25,0.0,0.0,1.5,1.5,2,0.7071067811865476,7.3500000000000005,11.3
P100000124118,cement,Mangalam Cement Chonsala Cement Plant,61,58,1.0022950819672132,0.99,1.91,0.31143428114998817,303.0175409836066,312.72,289.7913114754098,302.21,0,61,0.16916819237622416,0.0050897352413747,1.0517241379310345,5.083333333333333,0.0,1.0,1.0517241379310345,1.0,2,0.22340379562211246,1.0541379310344827,2.21
P100000124120,cement,Meghalaya Cements Umbadoh Cement Plant,2,2,1.96,1.96,3.08,1.5839191898578666,315.78,333.19,289.425,292.0,0,1,0.816147199112423,0.6944391791474578,1.0,0.16666666666666666,0.0,0.5,1.0,1.0,1,0.0,1.96,3.08
P100000124122,cement,Parasakti Cement Industries Goli Cement Plant,1,1,2.33,2.33,2.33,,338.81,338.81,309.27,309.27,0,0,0.9327254699291436,0.9327254699291436,1.0,0.08333333333333333,0.0,0.0,1.0,1.0,1,,2.33,2.33
P100000124123,cement,Prism Johnson Mankahari Cement Plant,31,30,1.1870967741935485,1.22,2.74,0.49609940904612454,303.07451612903225,312.63,290.5032258064516,299.88,0,31,0.33583048126651066,0.1398425887932151,1.0333333333333334,2.5833333333333335,0.0,1.0,1.0333333333333334,1.0,2,0.18257418583505539,1.2266666666666666,2.74
P100000124124,cement,Sanghi Industries Hothiay Cement Plant,103,81,1.4184466019417474,1.27,3.02,0.5792773680884801,307.186213592233,317.14,293.4215533980583,301.84,0,103,0.20711463017444645,0.0319851881556026,1.271604938271605,8.583333333333334,0.0,1.0,1.271604938271605,1.0,2,0.44755853469161855,1.8037037037037036,5.34
P100000124125,cement,Saurashtra Cement Porbandar Cement Plant,6,6,0.505,0.5,0.77,0.16658331248957683,303.24666666666667,305.56,291.5683333333333,294.25,0,6,0.1618480144445135,0.0889560437390731,1.0,0.5,0.0,1.0,1.0,1.0,1,0.0,0.505,0.77
P100000124130,cement,Star Cement East Jaintia Hills Cement Plant,2,1,10.995000000000001,10.995000000000001,11.49,0.7000357133746828,341.605,341.9,299.73,299.84,0,0,0.5814599052300911,0.5399155806521316,2.0,0.16666666666666666,0.0,0.0,2.0,2.0,2,,21.990000000000002,21.990000000000002
P100000124132,cement,Tata Chemicals Mithapur Cement Plant,23,23,0.8700000000000001,0.69,1.76,0.484111181820495,304.0639130434783,311.32,292.4213043478261,297.62,0,23,0.1626947617128956,0.057298020299352,1.0,1.9166666666666667,0.0,1.0,1.0,1.0,1,0.0,0.8700000000000001,1.76
P100000124134,cement,Udaipur Cement Works Udaipur Cement Plant,40,40,1.00225,1.0150000000000001,2.12,0.3793346908632371,302.23675,313.24,288.82399999999996,301.57,0,40,0.22968566350539454,0.0649537360474673,1.0,3.3333333333333335,0.0,1.0,1.0,1.0,1,0.0,1.00225,2.12
P100000124135,cement,Wonder Cement Phachar Aheeran Cement Plant,248,165,1.6983870967741934,1.66,4.17,0.6091188127877368,304.1251612903226,318.14,290.62068548387094,303.8,0,248,0.22492223952083085,0.0287128346265305,1.503030303030303,20.666666666666668,0.0,1.0,1.503030303030303,1.0,5,0.8455352066363014,2.5527272727272727,8.620000000000001
P100000124147,cement,Rashmi Cement Jhargram Cement Plant,1,1,4.6,4.6,4.6,,338.0,338.0,302.73,302.73,0,0,0.4387599101073047,0.4387599101073047,1.0,0.08333333333333333,0.0,0.0,1.0,1.0,1,,4.6,4.6
P100000124152,cement,ACC Nalagarh Cement Plant,1,1,1.86,1.86,1.86,,330.28,330.28,304.61,304.61,0,0,0.4097362993104622,0.4097362993104622,1.0,0.08333333333333333,0.0,0.0,1.0,1.0,1,,1.86,1.86
P100000124158,cement,Mawmluh-Cherra Cements Cherrapunji‎ Cement Plant,1,1,2.26,2.26,2.26,,335.0,335.0,293.66,293.66,0,0,0.693441361216886,0.693441361216886,1.0,0.08333333333333333,0.0,0.0,1.0,1.0,1,,2.26,2.26
P100000124473,cement,UltraTech Cement Dhule Cement Plant,1,1,2.86,2.86,2.86,,331.19,331.19,298.57,298.57,0,0,0.6816951946896971,0.6816951946896971,1.0,0.08333333333333333,0.0,0.0,1.0,1.0,1,,2.86,2.86
P100000124506,cement,Ambuja Cements Marwar Mundwa Cement Plant,35,33,0.9274285714285715,0.79,4.03,0.5952129765008136,301.56571428571425,309.3,288.86314285714286,295.74,0,35,0.14892475358870783,0.0096360855960994,1.0606060606060606,2.9166666666666665,0.0,1.0,1.0606060606060606,1.0,2,0.24230584229877997,0.9836363636363636,4.03
P100000124507,cement,Asian Fine Cements Rajpura Cement Plant,2,1,3.02,3.02,3.02,0.0,341.895,352.48,303.62,304.94,0,0,0.2730557754309394,0.1196807892528625,2.0,0.16666666666666666,0.0,0.0,2.0,2.0,2,,6.04,6.04
P100000124511,cement,Dalmia Banjari Cement Plant,25,23,0.5660000000000001,0.54,0.87,0.14767644813352376,299.14279999999997,302.58,287.0284,291.84,0,25,0.15365059478504237,0.0327949774170262,1.0869565217391304,2.0833333333333335,0.0,1.0,1.0869565217391304,1.0,2,0.2881040655200304,0.6152173913043478,1.23
P100000124512,cement,Dalmia Bharat Green Vision Sattur Taluk Cement Plant,3,3,6.46,7.71,8.5,2.876473535424931,338.15333333333336,343.94,297.60999999999996,301.06,0,0,0.7342644273575404,0.5884136208542045,1.0,0.25,0.0,0.0,1.0,1.0,1,0.0,6.46,8.5
P100000124518,cement,Jindal Steel & Power Raigarh Cement Plant,1,1,5.5,5.5,5.5,,344.93,344.93,309.9,309.9,0,0,0.7368515563010753,0.7368515563010753,1.0,0.08333333333333333,0.0,0.0,1.0,1.0,1,,5.5,5.5
P100000124521,cement,Kakatiya Cement Sugar & Industries Dondapadu Cement Plant,1,1,3.57,3.57,3.57,,331.84,331.84,303.5,303.5,0,0,0.5186352937760188,0.5186352937760188,1.0,0.08333333333333333,0.0,0.0,1.0,1.0,1,,3.57,3.57
P100000124524,cement,JK Cement Panna Cement Plant,2,2,0.63,0.63,0.67,0.05656854249492385,297.685,299.21,285.73,287.48,0,2,0.22150171464376767,0.1753889157707154,1.0,0.16666666666666666,0.0,1.0,1.0,1.0,1,0.0,0.63,0.67
P100000124528,cement,JSW Cement Jajpur Cement Plant,10,9,3.034,2.585,7.36,1.9699193440905702,306.627,322.94,288.40999999999997,295.82,0,10,0.7547886352632981,0.593835516638256,1.1111111111111112,0.8333333333333334,0.0,1.0,1.1111111111111112,1.0,2,0.3333333333333333,3.371111111111111,7.36
P100000124530,cement,Kanodia Cement Bhabua Cement Plant,10,7,7.110000000000001,5.82,17.85,5.041538565865694,342.338,354.28,302.18600000000004,327.28,0,0,0.8036000506815917,0.5027180503694068,1.4285714285714286,0.8333333333333334,0.0,0.0,1.4285714285714286,1.0,2,0.5345224838248488,10.157142857142858,28.060000000000002
P100000124532,cement,Kanodia Cement Sikandrabad Cement Plant,1,1,2.46,2.46,2.46,,332.12,332.12,295.56,295.56,0,0,0.7187195987562915,0.7187195987562915,1.0,0.08333333333333333,0.0,0.0,1.0,1.0,1,,2.46,2.46
P100000124534,cement,Srikalahasthi Pipes Rachagunneri Cement Plant,21,20,1.7076190476190476,0.76,6.74,1.9717857509422894,310.2790476190476,335.82,293.94,310.31,0,18,0.3109338356544458,0.0870621571341083,1.05,1.75,0.0,0.8571428571428571,1.05,1.0,2,0.22360679774997894,1.793,6.74
P100000124536,cement,Purbanchal Cement Sarutari Cement Plant,1,1,0.71,0.71,0.71,,301.46,301.46,289.08,289.08,0,1,0.8051830372173173,0.8051830372173173,1.0,0.08333333333333333,0.0,1.0,1.0,1.0,1,,0.71,0.71
P100000124537,cement,RCCPL Maihar Cement Plant,115,105,1.0874782608695652,1.01,2.83,0.40051467651287415,302.5255652173913,313.4,287.83330434782613,298.2,0,115,0.2653726418510036,0.0184146848927619,1.0952380952380953,9.583333333333334,0.0,1.0,1.0952380952380953,1.0,2,0.2949514146369483,1.1910476190476191,3.29
P100000124538,cement,RCCPL Mukutban Cement Plant,43,37,0.7272093023255813,0.76,1.19,0.19918076955124325,300.4741860465116,307.17,288.23976744186047,294.92,0,43,0.2371326695290542,0.0344891187499044,1.162162162162162,3.5833333333333335,0.0,1.0,1.162162162162162,1.0,2,0.37368387661182223,0.8451351351351352,2.09
P100000124539,cement,RNB Cements Umiam Cement Plant,13,8,2.0476923076923077,1.52,4.8,1.4126048860536211,312.3192307692308,334.31,280.8146153846154,297.42,0,11,0.6629134754472005,0.3197213814384479,1.625,1.0833333333333333,0.0,0.8461538461538461,1.625,1.0,4,1.0606601717798212,3.3274999999999997,8.94
P100000124541,cement,Shiva Cement Kutra Cement Plant,15,13,1.572,0.7,9.77,2.499949142339842,306.99600000000004,354.67,291.032,309.26,0,13,0.24356027969959115,0.066778046192094,1.1538461538461537,1.25,0.0,0.8666666666666667,1.1538461538461537,1.0,2,0.3755338080994054,1.8138461538461537,14.53
P100000124626,cement,Star Cement Guwahati Cement Plant,1,1,7.36,7.36,7.36,,341.27,341.27,304.02,304.02,0,0,0.6900400175298806,0.6900400175298806,1.0,0.08333333333333333,0.0,0.0,1.0,1.0,1,,7.36,7.36
P100000124636,cement,UltraTech Cement Cuttack Cement Plant,1,1,1.7,1.7,1.7,,326.77,326.77,298.21,298.21,0,0,0.8480910300940276,0.8480910300940276,1.0,0.08333333333333333,0.0,0.0,1.0,1.0,1,,1.7,1.7
P100000124637,cement,UltraTech Cement Pali Cement Plant,96,90,0.9397916666666667,0.895,2.18,0.30699555685681285,303.6709375,338.64,289.69604166666664,307.26,0,95,0.210342013111645,0.0151738223711716,1.0666666666666667,8.0,0.0,0.9895833333333334,1.0666666666666667,1.0,2,0.25084128112136317,1.0024444444444445,2.51
P100000124640,cement,Wonder Cement Alligarh Cement Plant,2,1,2.625,2.625,2.66,0.049497474683058526,334.53499999999997,338.68,299.905,300.26,0,0,0.9069371375874999,0.8734893869384271,2.0,0.16666666666666666,0.0,0.0,2.0,2.0,2,,5.25,5.25
P100000124641,cement,Wonder Cement Badnawar Cement Plant,1,1,6.99,6.99,6.99,,347.88,347.88,319.77,319.77,0,0,0.7327283355842996,0.7327283355842996,1.0,0.08333333333333333,0.0,0.0,1.0,1.0,1,,6.99,6.99
P100000124722,cement,Wonder Cement Dhule Cement Plant,1,1,2.86,2.86,2.86,,335.23,335.23,298.55,298.55,0,0,0.9764667356387092,0.9764667356387092,1.0,0.08333333333333333,0.0,0.0,1.0,1.0,1,,2.86,2.86
P100000125199,cement,Cement Corporation of India Mandhar Cement Plant,5,4,2.978,2.68,4.39,1.2706966593172424,335.828,342.31,304.42600000000004,306.87,0,0,0.6813862686175497,0.3438877313168034,1.25,0.4166666666666667,0.0,0.0,1.25,1.0,2,0.5,3.7225,5.430000000000001
P100000125208,cement,JK Cement Ujjain Cement Plant,2,2,0.945,0.945,1.13,0.2616295090390225,306.58000000000004,306.8,292.83500000000004,293.99,0,2,0.6555126682315777,0.5177446298259184,1.0,0.16666666666666666,0.0,1.0,1.0,1.0,1,0.0,0.945,1.13
P100000125215,cement,Shree Cement Guntur Cement Plant,1,1,0.59,0.59,0.59,,300.38,300.38,287.98,287.98,0,1,0.1524404209518758,0.1524404209518758,1.0,0.08333333333333333,0.0,1.0,1.0,1.0,1,,0.59,0.59
P100000126784,cement,Shree Cement Nigoh Hasanpur Cement Plant,1,1,3.22,3.22,3.22,,338.86,338.86,300.04,300.04,0,0,0.8154605617318474,0.8154605617318474,1.0,0.08333333333333333,0.0,0.0,1.0,1.0,1,,3.22,3.22
P100000126804,cement,Dalmia Cement (Bharat) Umrangso Cement Plant,11,8,3.5963636363636367,3.42,4.96,1.0072166869871921,336.1536363636364,343.92,303.6963636363636,311.33,0,0,0.6250088048330732,0.0642128347326317,1.375,0.9166666666666666,0.0,0.0,1.375,1.0,2,0.5175491695067657,4.945,8.84
P100000127201,cement,Topcem India Amingaon Cement Plant,1,1,4.55,4.55,4.55,,330.61,330.61,299.39,299.39,0,0,0.6574166391277171,0.6574166391277171,1.0,0.08333333333333333,0.0,0.0,1.0,1.0,1,,4.55,4.55
P100000127204,cement,JK Cement Buxar Cement Plant,2,2,7.81,7.81,11.19,4.7800418408210605,346.505,353.11,315.145,325.18,0,0,0.8244047928083276,0.7287216904349241,1.0,0.16666666666666666,0.0,0.0,1.0,1.0,1,0.0,7.81,11.19
P100000127205,cement,Toshali Cements Cuttack Cement Plant,1,1,2.26,2.26,2.26,,331.35,331.35,299.09,299.09,0,0,0.8841331852808035,0.8841331852808035,1.0,0.08333333333333333,0.0,0.0,1.0,1.0,1,,2.26,2.26
P100000127509,cement,Shiva Cement Sundergarh Cement Plant,6,6,0.7116666666666666,0.66,0.96,0.20252571853141682,300.30333333333334,303.14,288.7416666666667,291.81,0,6,0.12520443292752426,0.0941412652333428,1.0,0.5,0.0,1.0,1.0,1.0,1,0.0,0.7116666666666666,0.96
P100001025672,steel,N R Ispat and Power Raigarh steel plant,34,32,1.160294117647059,0.64,10.06,1.8810965295001965,303.58235294117645,356.61,289.2882352941176,314.12,0,31,0.7014175550776806,0.2759666846520973,1.0625,2.8333333333333335,0.0,0.9117647058823529,1.0625,1.0,2,0.2459346884189824,1.2328125,10.06
P100001025815,steel,Adhunik Metaliks Kuanrmunda steel plant,29,27,1.150344827586207,0.68,8.18,1.7997231587874458,303.44241379310347,349.28,290.3344827586207,316.74,0,27,0.673819405063353,0.0775045019928658,1.0740740740740742,2.4166666666666665,0.0,0.9310344827586207,1.0740740740740742,1.0,2,0.26688025634181184,1.2355555555555555,8.18
P100001025818,steel,Rungta Mines Karakolha sponge iron plant,51,47,0.7268627450980393,0.69,1.88,0.2975264035078462,300.0019607843137,308.02,285.618431372549,294.78,0,51,0.17699571217504279,0.0255288217622424,1.0851063829787233,4.25,0.0,1.0,1.0851063829787233,1.0,2,0.2820566728469693,0.7887234042553192,1.88
P100001025819,steel,Rungta Mines Chaliyama steel plant,326,198,1.2494171779141103,1.17,4.93,0.4996299838997892,305.6649693251534,332.17,289.72677914110426,305.55,0,323,0.31331459183316024,0.0179109430701739,1.6464646464646464,27.166666666666668,0.0,0.99079754601227,1.6464646464646464,2.0,4,0.7098027367795383,2.057121212121212,6.1
P100001025922,steel,Jai Balaji Rajbandh Unit III steel plant,171,116,1.5584795321637428,1.34,6.75,0.9725200880379938,308.69397660818714,346.16,290.0606432748538,308.36,0,161,0.5745381705066089,0.061252993304071,1.4741379310344827,14.25,0.0,0.9415204678362573,1.4741379310344827,1.0,5,0.7741610538714373,2.2974137931034484,13.5
P100001025938,steel,Rashmi Green Hydrogen Steel Kharagpur steel plant,1,1,1.2,1.2,1.2,,329.07,329.07,299.37,299.37,0,0,0.7969237986203193,0.7969237986203193,1.0,0.08333333333333333,0.0,0.0,1.0,1.0,1,,1.2,1.2
P100001045282,steel,Crest Steel and Power Mangatta steel plant,49,43,0.9948979591836735,0.84,4.81,0.6316813623476751,305.16816326530613,346.5,291.6795918367347,310.34,0,47,0.22277916166131367,0.0414770201477503,1.1395348837209303,4.083333333333333,0.0,0.9591836734693877,1.1395348837209303,1.0,2,0.350604603563426,1.1337209302325582,5.75
P100001045284,steel,KIC Metaliks Durgapur steel plant,71,60,1.0263380281690142,1.01,2.59,0.34434301601173256,302.9191549295774,320.2,289.33169014084507,295.13,0,71,0.39336611443956565,0.0659270559321192,1.1833333333333333,5.916666666666667,0.0,1.0,1.1833333333333333,1.0,2,0.3902049294994232,1.2145000000000001,2.59
P100001045296,steel,Action Ispat and Power Jharsuguda steel plant,64,55,1.02859375,0.96,4.73,0.5457508798137299,302.7709375,337.01,288.88625,307.3,0,63,0.211531589936801,0.0213763672138432,1.1636363636363636,5.333333333333333,0.0,0.984375,1.1636363636363636,1.0,3,0.4200368750847674,1.196909090909091,4.73
P100001045317,steel,Gallantt Ispat Gorakhpur steel plant,237,169,1.6018143459915613,1.48,5.57,0.8009848805975442,305.5990717299578,334.36,290.7897890295358,303.29,0,236,0.405660403516136,0.0602000740951523,1.4023668639053255,19.75,0.0,0.9957805907172996,1.4023668639053255,1.0,4,0.6484370093431893,2.2463313609467455,7.39
P100001061405,steel,Jindal Stainless Maharashtra steel plant,4,3,5.1,4.23,9.02,2.88747871565027,335.10249999999996,339.98,305.5125,312.95,0,1,0.8470723280861363,0.7852095219213076,1.3333333333333333,0.3333333333333333,0.0,0.25,1.3333333333333333,1.0,2,0.5773502691896257,6.8,11.94
P100001062086,steel,Jindal Steel Chhattisgarh steel plant,1,1,11.58,11.58,11.58,,367.0,367.0,308.17,308.17,1,0,0.8989100472352052,0.8989100472352052,1.0,0.08333333333333333,1.0,0.0,1.0,1.0,1,,11.58,11.58
P100001062088,steel,Bhagyalaxmi Metals Mul steel plant,2,1,5.84,5.84,6.43,0.8343860018001259,340.755,345.2,308.79499999999996,308.84,0,0,0.41280885533246575,0.3045200455072016,2.0,0.16666666666666666,0.0,0.0,2.0,2.0,2,,11.68,11.68
P100001062093,steel,Kapila Metals Jalna steel plant,1,1,15.6,15.6,15.6,,344.38,344.38,319.19,319.19,0,0,0.5853524170860585,0.5853524170860585,1.0,0.08333333333333333,0.0,0.0,1.0,1.0,1,,15.6,15.6
