nearest_facility_id,nearest_facility_type,acq_date,daily_detections,daily_total_frp_mw,daily_max_frp_mw
L100000102032,coal_power,2025-01-06,1,0.47,0.47
L100000102032,coal_power,2025-01-12,1,0.32,0.32
L100000102032,coal_power,2025-01-21,1,0.68,0.68
L100000102032,coal_power,2025-02-05,1,0.9,0.9
L100000102032,coal_power,2025-02-06,1,1.35,1.35
L100000102032,coal_power,2025-02-10,1,0.79,0.79
L100000102032,coal_power,2025-02-13,1,12.87,12.87
L100000102032,coal_power,2025-03-01,1,1.36,1.36
L100000102032,coal_power,2025-03-29,1,0.7,0.7
L100000102032,coal_power,2025-05-11,1,0.88,0.88
L100000102032,coal_power,2025-05-12,1,1.67,1.67
L100000102032,coal_power,2025-05-19,1,1.66,1.66
L100000102032,coal_power,2025-09-18,1,1.09,1.09
L100000102032,coal_power,2025-11-10,1,1.24,1.24
L100000102032,coal_power,2025-11-12,1,1.1,1.1
L100000102048,coal_power,2025-02-15,2,11.899999999999999,6.43
L100000102050,coal_power,2025-04-17,2,8.7,5.45
L100000102050,coal_power,2025-05-03,1,5.61,5.61
L100000102050,coal_power,2025-06-02,1,1.29,1.29
L100000102050,coal_power,2025-06-04,1,8.47,8.47
L100000102050,coal_power,2025-06-20,1,9.76,9.76
L100000102060,coal_power,2025-02-26,2,2.68,2.02
L100000102065,coal_power,2025-01-12,3,3.64,1.52
L100000102071,coal_power,2025-03-27,1,18.96,18.96
L100000102071,coal_power,2025-04-05,1,5.02,5.02
L100000102072,coal_power,2025-12-23,2,4.04,2.62
L100000102075,coal_power,2025-12-29,1,8.09,8.09
L100000102076,coal_power,2025-12-05,1,3.96,3.96
L100000102078,coal_power,2025-03-11,1,5.83,5.83
L100000102078,coal_power,2025-03-17,1,2.91,2.91
L100000102078,coal_power,2025-03-23,1,4.5,4.5
L100000102078,coal_power,2025-05-02,1,3.76,3.76
L100000102082,coal_power,2025-01-01,5,8.68,2.5
L100000102082,coal_power,2025-01-02,3,3.32,1.21
L100000102082,coal_power,2025-01-03,3,6.140000000000001,2.58
L100000102082,coal_power,2025-01-04,2,2.58,1.49
L100000102082,coal_power,2025-01-05,1,2.74,2.74
L100000102082,coal_power,2025-01-06,1,1.17,1.17
L100000102082,coal_power,2025-01-08,3,3.29,1.39
L100000102082,coal_power,2025-01-09,2,1.79,0.92
L100000102082,coal_power,2025-01-10,1,1.56,1.56
L100000102082,coal_power,2025-01-11,3,8.0,5.15
L100000102082,coal_power,2025-01-12,3,3.3000000000000003,1.1
L100000102082,coal_power,2025-01-13,6,7.95,2.79
L100000102082,coal_power,2025-01-14,3,2.8499999999999996,0.95
L100000102082,coal_power,2025-01-15,4,6.37,1.73
L100000102082,coal_power,2025-01-16,3,6.46,4.04
L100000102082,coal_power,2025-01-17,2,2.62,1.31
L100000102082,coal_power,2025-01-18,3,6.23,3.58
L100000102082,coal_power,2025-01-19,2,3.1,1.55
L100000102082,coal_power,2025-01-22,3,6.28,3.75
L100000102082,coal_power,2025-01-23,1,1.75,1.75
L100000102082,coal_power,2025-01-24,2,1.42,0.71
L100000102082,coal_power,2025-01-25,2,3.96,2.04
L100000102082,coal_power,2025-01-27,3,2.8600000000000003,1.07
L100000102082,coal_power,2025-01-28,1,1.74,1.74
L100000102082,coal_power,2025-01-29,2,4.32,2.16
L100000102082,coal_power,2025-01-30,2,2.84,1.98
L100000102082,coal_power,2025-02-01,1,2.33,2.33
L100000102082,coal_power,2025-02-02,2,2.24,1.12
L100000102082,coal_power,2025-02-03,3,4.87,1.76
L100000102082,coal_power,2025-02-04,1,1.3,1.3
L100000102082,coal_power,2025-02-05,1,1.73,1.73
L100000102082,coal_power,2025-02-06,3,7.34,4.64
L100000102082,coal_power,2025-02-08,2,6.44,4.23
L100000102082,coal_power,2025-02-10,3,4.07,1.95
L100000102082,coal_power,2025-02-12,3,3.8400000000000003,1.62
L100000102082,coal_power,2025-02-13,4,5.45,1.65
L100000102082,coal_power,2025-02-14,3,6.3,2.13
L100000102082,coal_power,2025-02-15,3,3.09,1.03
L100000102082,coal_power,2025-02-16,4,4.8100000000000005,1.63
L100000102082,coal_power,2025-02-17,1,2.04,2.04
L100000102082,coal_power,2025-02-18,3,7.89,4.89
L100000102082,coal_power,2025-02-19,1,3.16,3.16
L100000102082,coal_power,2025-02-20,1,1.37,1.37
L100000102082,coal_power,2025-02-22,1,2.35,2.35
L100000102082,coal_power,2025-02-23,2,5.91,3.94
L100000102082,coal_power,2025-02-24,4,5.08,1.31
L100000102082,coal_power,2025-02-25,2,3.06,1.53
L100000102082,coal_power,2025-02-26,2,4.58,2.5
L100000102082,coal_power,2025-02-27,1,0.87,0.87
L100000102082,coal_power,2025-02-28,4,8.99,5.14
L100000102082,coal_power,2025-03-01,2,4.25,2.41
L100000102082,coal_power,2025-03-02,1,3.47,3.47
L100000102082,coal_power,2025-03-05,1,3.28,3.28
L100000102082,coal_power,2025-03-06,3,4.31,1.97
L100000102082,coal_power,2025-03-07,3,5.47,2.05
L100000102082,coal_power,2025-03-09,4,7.88,3.16
L100000102082,coal_power,2025-03-10,2,8.43,5.08
L100000102082,coal_power,2025-03-11,3,13.7,8.95
L100000102082,coal_power,2025-03-12,2,3.8200000000000003,2.0
L100000102082,coal_power,2025-03-13,3,4.41,1.52
L100000102082,coal_power,2025-03-14,2,4.43,2.35
L100000102082,coal_power,2025-03-15,3,6.8100000000000005,3.99
L100000102082,coal_power,2025-03-16,2,4.42,2.21
L100000102082,coal_power,2025-03-17,3,7.029999999999999,3.31
L100000102082,coal_power,2025-03-18,7,19.15,4.99
L100000102082,coal_power,2025-03-19,4,6.69,1.86
L100000102082,coal_power,2025-03-20,1,2.39,2.39
L100000102082,coal_power,2025-03-21,2,10.280000000000001,6.91
L100000102082,coal_power,2025-03-22,5,14.129999999999999,3.41
L100000102082,coal_power,2025-03-23,5,12.870000000000001,4.26
L100000102082,coal_power,2025-03-26,1,4.05,4.05
L100000102082,coal_power,2025-03-27,2,6.15,3.31
L100000102082,coal_power,2025-03-28,3,3.54,1.3
L100000102082,coal_power,2025-03-29,2,8.64,4.49
L100000102082,coal_power,2025-03-31,5,6.95,1.99
L100000102082,coal_power,2025-04-01,3,10.44,6.22
L100000102082,coal_power,2025-04-02,1,7.07,7.07
L100000102082,coal_power,2025-04-05,4,7.17,2.3
L100000102082,coal_power,2025-04-08,1,4.11,4.11
L100000102082,coal_power,2025-04-09,3,9.21,4.89
L100000102082,coal_power,2025-04-12,2,9.16,5.68
L100000102082,coal_power,2025-04-14,1,3.1,3.1
L100000102082,coal_power,2025-04-15,1,2.87,2.87
L100000102082,coal_power,2025-04-16,3,4.06,1.78
L100000102082,coal_power,2025-04-17,2,7.83,5.06
L100000102082,coal_power,2025-04-18,4,13.84,5.2
L100000102082,coal_power,2025-04-21,1,2.69,2.69
L100000102082,coal_power,2025-04-22,3,4.87,2.42
L100000102082,coal_power,2025-04-23,2,2.42,1.5
L100000102082,coal_power,2025-04-24,2,3.0199999999999996,2.07
L100000102082,coal_power,2025-04-25,2,6.42,3.22
L100000102082,coal_power,2025-04-26,1,3.23,3.23
L100000102082,coal_power,2025-04-27,1,4.95,4.95
L100000102082,coal_power,2025-04-28,4,12.280000000000001,3.39
L100000102082,coal_power,2025-04-29,4,14.809999999999999,7.16
L100000102082,coal_power,2025-05-02,1,0.72,0.72
L100000102082,coal_power,2025-05-03,1,5.05,5.05
L100000102082,coal_power,2025-05-05,3,8.44,2.98
L100000102082,coal_power,2025-05-06,5,7.59,2.41
L100000102082,coal_power,2025-05-07,2,5.51,3.01
L100000102082,coal_power,2025-05-08,6,16.73,5.1
L100000102082,coal_power,2025-05-09,2,8.4,5.03
L100000102082,coal_power,2025-05-10,3,6.550000000000001,2.22
L100000102082,coal_power,2025-05-12,1,2.0,2.0
L100000102082,coal_power,2025-05-15,3,4.45,1.57
L100000102082,coal_power,2025-05-16,2,2.91,1.77
L100000102082,coal_power,2025-05-19,1,2.33,2.33
L100000102082,coal_power,2025-05-21,1,0.63,0.63
L100000102082,coal_power,2025-05-23,2,2.2800000000000002,1.51
L100000102082,coal_power,2025-05-25,3,4.78,1.6
L100000102082,coal_power,2025-06-04,2,8.97,6.19
L100000102082,coal_power,2025-06-06,3,7.02,3.44
L100000102082,coal_power,2025-06-08,1,1.87,1.87
L100000102082,coal_power,2025-06-09,1,4.94,4.94
L100000102082,coal_power,2025-06-13,1,2.74,2.74
L100000102082,coal_power,2025-06-20,1,3.94,3.94
L100000102082,coal_power,2025-07-10,6,17.62,4.28
L100000102082,coal_power,2025-07-21,2,2.8200000000000003,1.52
L100000102082,coal_power,2025-07-26,2,6.26,3.89
L100000102082,coal_power,2025-07-29,4,3.1,0.86
L100000102082,coal_power,2025-08-02,1,2.0,2.0
L100000102082,coal_power,2025-08-03,1,7.97,7.97
L100000102082,coal_power,2025-08-05,5,8.42,2.82
L100000102082,coal_power,2025-08-10,3,3.18,1.06
L100000102082,coal_power,2025-08-11,1,1.58,1.58
L100000102082,coal_power,2025-08-13,1,8.52,8.52
L100000102082,coal_power,2025-08-14,2,7.29,4.16
L100000102082,coal_power,2025-08-18,1,0.61,0.61
L100000102082,coal_power,2025-08-27,1,1.57,1.57
L100000102082,coal_power,2025-09-03,2,3.91,2.15
L100000102082,coal_power,2025-09-04,1,4.3,4.3
L100000102082,coal_power,2025-09-08,4,7.859999999999999,1.99
L100000102082,coal_power,2025-09-13,4,7.99,2.41
L100000102082,coal_power,2025-09-14,1,5.32,5.32
L100000102082,coal_power,2025-09-15,1,1.59,1.59
L100000102082,coal_power,2025-09-16,4,9.52,2.45
L100000102082,coal_power,2025-09-17,1,1.83,1.83
L100000102082,coal_power,2025-09-18,1,3.02,3.02
L100000102082,coal_power,2025-09-19,4,10.5,3.5
L100000102082,coal_power,2025-09-20,2,6.0600000000000005,3.17
L100000102082,coal_power,2025-09-23,1,0.8,0.8
L100000102082,coal_power,2025-09-25,2,6.029999999999999,3.73
L100000102082,coal_power,2025-09-28,2,3.88,2.0
L100000102082,coal_power,2025-09-30,2,3.5,1.75
L100000102082,coal_power,2025-10-03,2,1.86,0.93
L100000102082,coal_power,2025-10-05,1,4.44,4.44
L100000102082,coal_power,2025-10-06,3,2.79,1.55
L100000102082,coal_power,2025-10-11,1,3.45,3.45
L100000102082,coal_power,2025-10-12,1,2.84,2.84
L100000102082,coal_power,2025-10-13,4,3.93,1.04
L100000102082,coal_power,2025-10-14,2,4.41,2.25
L100000102082,coal_power,2025-10-15,3,7.7,3.83
L100000102082,coal_power,2025-10-16,5,10.77,3.12
L100000102082,coal_power,2025-10-17,4,15.43,6.42
L100000102082,coal_power,2025-10-19,5,7.18,1.64
L100000102082,coal_power,2025-10-20,2,4.04,2.02
L100000102082,coal_power,2025-10-21,2,8.57,5.32
L100000102082,coal_power,2025-10-24,2,3.5,1.88
L100000102082,coal_power,2025-10-25,3,5.53,1.85
L100000102082,coal_power,2025-10-26,2,3.06,1.53
L100000102082,coal_power,2025-10-30,2,5.24,3.56
L100000102082,coal_power,2025-10-31,2,3.52,1.76
L100000102082,coal_power,2025-11-01,3,10.26,5.52
L100000102082,coal_power,2025-11-02,3,4.32,1.8
L100000102082,coal_power,2025-11-03,2,4.86,2.43
L100000102082,coal_power,2025-11-04,6,10.83,2.39
L100000102082,coal_power,2025-11-05,4,10.23,3.54
L100000102082,coal_power,2025-11-06,4,9.95,3.67
L100000102082,coal_power,2025-11-07,3,6.1899999999999995,2.3
L100000102082,coal_power,2025-11-08,5,15.74,5.33
L100000102082,coal_power,2025-11-09,6,11.64,2.88
L100000102082,coal_power,2025-11-10,2,2.84,1.42
L100000102082,coal_power,2025-11-11,3,13.79,4.82
L100000102082,coal_power,2025-11-12,5,8.96,2.47
L100000102082,coal_power,2025-11-13,5,15.17,4.34
L100000102082,coal_power,2025-11-14,3,8.459999999999999,5.22
L100000102082,coal_power,2025-11-15,1,5.14,5.14
L100000102082,coal_power,2025-11-16,4,18.46,5.53
L100000102082,coal_power,2025-11-17,5,11.11,2.69
L100000102082,coal_power,2025-11-18,6,14.23,5.08
L100000102082,coal_power,2025-11-19,3,10.129999999999999,4.0
L100000102082,coal_power,2025-11-21,2,10.51,6.92
L100000102082,coal_power,2025-11-22,2,7.720000000000001,3.93
L100000102082,coal_power,2025-11-23,1,5.28,5.28
L100000102082,coal_power,2025-11-24,1,3.67,3.67
L100000102082,coal_power,2025-11-25,4,7.18,1.89
L100000102082,coal_power,2025-11-26,2,3.83,2.8
L100000102082,coal_power,2025-11-27,4,6.79,1.75
L100000102082,coal_power,2025-11-28,6,16.05,5.12
L100000102082,coal_power,2025-12-03,4,7.319999999999999,2.28
L100000102082,coal_power,2025-12-04,5,16.939999999999998,5.71
L100000102082,coal_power,2025-12-05,4,6.4,2.04
L100000102082,coal_power,2025-12-06,3,9.1,4.04
L100000102082,coal_power,2025-12-07,4,13.440000000000001,5.23
L100000102082,coal_power,2025-12-08,4,8.66,5.18
L100000102082,coal_power,2025-12-09,6,13.3,4.46
L100000102082,coal_power,2025-12-10,4,8.03,2.11
L100000102082,coal_power,2025-12-11,7,12.54,2.93
L100000102082,coal_power,2025-12-12,2,4.1,2.05
L100000102082,coal_power,2025-12-13,3,8.92,6.36
L100000102082,coal_power,2025-12-14,6,14.08,4.86
L100000102082,coal_power,2025-12-15,5,11.98,4.03
L100000102082,coal_power,2025-12-16,6,13.91,7.26
L100000102082,coal_power,2025-12-17,6,12.98,3.66
L100000102082,coal_power,2025-12-18,3,5.01,2.93
L100000102082,coal_power,2025-12-19,5,13.24,5.32
L100000102082,coal_power,2025-12-20,5,14.71,5.12
L100000102082,coal_power,2025-12-21,5,19.1,4.76
L100000102082,coal_power,2025-12-22,7,16.25,3.63
L100000102082,coal_power,2025-12-23,6,13.96,5.82
L100000102082,coal_power,2025-12-24,6,19.29,5.05
L100000102082,coal_power,2025-12-25,6,16.7,5.96
L100000102082,coal_power,2025-12-26,6,18.169999999999998,9.18
L100000102082,coal_power,2025-12-27,5,11.5,3.81
L100000102082,coal_power,2025-12-28,7,15.79,5.51
L100000102082,coal_power,2025-12-29,4,9.13,2.94
L100000102082,coal_power,2025-12-30,5,14.33,4.73
L100000102082,coal_power,2025-12-31,3,9.33,6.94
L100000102111,coal_power,2025-11-28,1,0.57,0.57
L100000102118,coal_power,2025-12-05,1,4.39,4.39
L100000102121,coal_power,2025-03-05,1,5.35,5.35
L100000102122,coal_power,2025-01-01,1,2.17,2.17
L100000102122,coal_power,2025-01-02,1,3.04,3.04
L100000102122,coal_power,2025-01-03,1,2.47,2.47
L100000102122,coal_power,2025-12-25,1,7.35,7.35
L100000102122,coal_power,2025-12-29,2,5.27,2.65
L100000102122,coal_power,2025-12-31,1,6.21,6.21
L100000102123,coal_power,2025-12-08,1,8.59,8.59
L100000102125,coal_power,2025-03-12,1,2.22,2.22
L100000102128,coal_power,2025-01-10,2,15.17,7.62
L100000102128,coal_power,2025-12-18,1,2.07,2.07
L100000102132,coal_power,2025-03-29,1,2.89,2.89
L100000102134,coal_power,2025-12-17,1,1.76,1.76
L100000102134,coal_power,2025-12-21,3,9.9,4.61
L100000102134,coal_power,2025-12-28,1,9.23,9.23
L100000102134,coal_power,2025-12-31,1,4.52,4.52
L100000102135,coal_power,2025-02-08,1,2.5,2.5
L100000102135,coal_power,2025-03-09,1,3.48,3.48
L100000102138,coal_power,2025-01-08,1,12.0,12.0
L100000102139,coal_power,2025-01-28,1,2.12,2.12
L100000102140,coal_power,2025-01-23,1,2.82,2.82
L100000102140,coal_power,2025-12-25,1,4.38,4.38
L100000102141,coal_power,2025-01-10,1,8.3,8.3
L100000102141,coal_power,2025-12-05,1,1.34,1.34
L100000102141,coal_power,2025-12-21,1,2.09,2.09
L100000102142,coal_power,2025-05-03,1,0.65,0.65
L100000102144,coal_power,2025-02-27,1,1.69,1.69
L100000102145,coal_power,2025-01-01,2,12.26,6.13
L100000102145,coal_power,2025-01-04,1,8.88,8.88
L100000102145,coal_power,2025-02-01,1,4.63,4.63
L100000102145,coal_power,2025-02-28,1,7.88,7.88
L100000102145,coal_power,2025-03-29,2,15.440000000000001,9.22
L100000102149,coal_power,2025-01-01,1,1.14,1.14
L100000102149,coal_power,2025-01-02,3,4.13,1.46
L100000102149,coal_power,2025-01-03,1,1.33,1.33
L100000102149,coal_power,2025-01-04,3,4.7,2.04
L100000102149,coal_power,2025-01-05,1,2.8,2.8
L100000102149,coal_power,2025-01-06,1,1.54,1.54
L100000102149,coal_power,2025-01-07,1,1.21,1.21
L100000102149,coal_power,2025-01-08,2,6.25,4.12
L100000102149,coal_power,2025-01-09,2,5.04,2.87
L100000102149,coal_power,2025-01-11,1,1.77,1.77
L100000102149,coal_power,2025-01-12,1,1.1,1.1
L100000102149,coal_power,2025-01-13,2,2.28,1.14
L100000102149,coal_power,2025-01-14,2,3.54,2.6
L100000102149,coal_power,2025-01-17,1,1.83,1.83
L100000102149,coal_power,2025-01-18,1,1.74,1.74
L100000102149,coal_power,2025-01-19,1,2.49,2.49
L100000102149,coal_power,2025-01-21,1,1.67,1.67
L100000102149,coal_power,2025-01-22,1,1.28,1.28
L100000102149,coal_power,2025-01-23,1,1.48,1.48
L100000102149,coal_power,2025-01-24,1,2.66,2.66
L100000102149,coal_power,2025-01-25,1,1.99,1.99
L100000102149,coal_power,2025-01-26,1,2.74,2.74
L100000102149,coal_power,2025-01-27,1,2.82,2.82
L100000102149,coal_power,2025-01-28,1,1.53,1.53
L100000102149,coal_power,2025-01-29,1,3.39,3.39
L100000102149,coal_power,2025-01-30,1,1.26,1.26
L100000102149,coal_power,2025-01-31,1,1.18,1.18
L100000102149,coal_power,2025-02-01,1,2.09,2.09
L100000102149,coal_power,2025-02-02,2,3.9699999999999998,2.34
L100000102149,coal_power,2025-02-04,2,3.08,2.1
L100000102149,coal_power,2025-02-05,1,1.73,1.73
L100000102149,coal_power,2025-02-06,1,1.35,1.35
L100000102149,coal_power,2025-02-07,2,4.529999999999999,3.01
L100000102149,coal_power,2025-02-08,1,3.25,3.25
L100000102149,coal_power,2025-02-09,2,4.59,2.78
L100000102149,coal_power,2025-02-10,1,2.55,2.55
L100000102149,coal_power,2025-02-11,1,2.71,2.71
L100000102149,coal_power,2025-02-12,1,2.16,2.16
L100000102149,coal_power,2025-02-13,1,2.18,2.18
L100000102149,coal_power,2025-02-14,2,3.74,3.33
L100000102149,coal_power,2025-02-15,1,2.08,2.08
L100000102149,coal_power,2025-02-16,1,1.18,1.18
L100000102149,coal_power,2025-02-17,2,4.3,2.67
L100000102149,coal_power,2025-02-18,1,1.55,1.55
L100000102149,coal_power,2025-02-19,1,1.6,1.6
L100000102149,coal_power,2025-02-20,2,2.52,1.74
L100000102149,coal_power,2025-02-21,1,1.95,1.95
L100000102149,coal_power,2025-02-22,1,1.56,1.56
L100000102149,coal_power,2025-02-23,2,1.76,0.88
L100000102149,coal_power,2025-02-24,1,1.74,1.74
L100000102149,coal_power,2025-02-25,1,2.37,2.37
L100000102149,coal_power,2025-02-26,2,3.48,1.9
L100000102149,coal_power,2025-02-27,1,1.33,1.33
L100000102149,coal_power,2025-03-01,1,0.92,0.92
L100000102149,coal_power,2025-03-03,1,2.22,2.22
L100000102149,coal_power,2025-03-04,1,1.29,1.29
L100000102149,coal_power,2025-03-05,1,1.45,1.45
L100000102149,coal_power,2025-03-08,1,1.02,1.02
L100000102149,coal_power,2025-03-14,1,2.42,2.42
L100000102149,coal_power,2025-03-16,1,2.26,2.26
L100000102149,coal_power,2025-03-17,1,1.74,1.74
L100000102149,coal_power,2025-03-18,1,2.66,2.66
L100000102149,coal_power,2025-03-19,1,1.57,1.57
L100000102149,coal_power,2025-03-22,1,2.51,2.51
L100000102149,coal_power,2025-03-23,1,1.57,1.57
L100000102149,coal_power,2025-03-24,1,2.3,2.3
L100000102149,coal_power,2025-03-25,3,6.27,2.27
L100000102149,coal_power,2025-03-27,1,1.56,1.56
L100000102149,coal_power,2025-03-28,1,2.78,2.78
L100000102149,coal_power,2025-03-29,1,2.37,2.37
L100000102149,coal_power,2025-03-30,2,3.5500000000000003,2.64
L100000102149,coal_power,2025-04-01,1,2.16,2.16
L100000102149,coal_power,2025-04-04,1,2.1,2.1
L100000102149,coal_power,2025-04-06,1,3.09,3.09
L100000102149,coal_power,2025-04-07,1,2.21,2.21
L100000102149,coal_power,2025-04-08,1,2.84,2.84
L100000102149,coal_power,2025-04-10,1,1.21,1.21
L100000102149,coal_power,2025-04-11,1,3.0,3.0
L100000102149,coal_power,2025-04-12,1,1.11,1.11
L100000102149,coal_power,2025-04-14,2,5.279999999999999,3.38
L100000102149,coal_power,2025-04-16,1,2.47,2.47
L100000102149,coal_power,2025-04-17,1,3.21,3.21
L100000102149,coal_power,2025-04-18,1,1.8,1.8
L100000102149,coal_power,2025-04-19,1,3.27,3.27
L100000102149,coal_power,2025-04-20,2,3.16,1.72
L100000102149,coal_power,2025-04-21,1,3.57,3.57
L100000102149,coal_power,2025-04-22,1,2.38,2.38
L100000102149,coal_power,2025-04-23,1,2.11,2.11
L100000102149,coal_power,2025-04-24,1,4.46,4.46
L100000102149,coal_power,2025-04-25,1,2.18,2.18
L100000102149,coal_power,2025-04-27,1,1.83,1.83
L100000102149,coal_power,2025-04-28,1,1.14,1.14
L100000102149,coal_power,2025-04-30,1,2.18,2.18
L100000102149,coal_power,2025-05-01,1,1.19,1.19
L100000102149,coal_power,2025-05-02,2,4.2299999999999995,2.82
L100000102149,coal_power,2025-05-03,1,2.46,2.46
L100000102149,coal_power,2025-05-04,1,2.17,2.17
L100000102149,coal_power,2025-05-06,3,5.33,2.44
L100000102149,coal_power,2025-05-07,1,2.37,2.37
L100000102149,coal_power,2025-05-10,1,4.89,4.89
L100000102149,coal_power,2025-05-11,1,0.67,0.67
L100000102149,coal_power,2025-05-14,1,2.16,2.16
L100000102149,coal_power,2025-05-29,1,0.83,0.83
L100000102149,coal_power,2025-06-01,1,2.59,2.59
L100000102149,coal_power,2025-06-02,1,2.86,2.86
L100000102149,coal_power,2025-06-04,1,2.58,2.58
L100000102149,coal_power,2025-06-09,1,6.79,6.79
L100000102149,coal_power,2025-06-13,2,6.35,3.68
L100000102149,coal_power,2025-06-15,1,5.58,5.58
L100000102149,coal_power,2025-08-09,1,4.86,4.86
L100000102149,coal_power,2025-08-16,2,2.99,1.87
L100000102149,coal_power,2025-08-18,1,3.32,3.32
L100000102149,coal_power,2025-08-28,1,3.4,3.4
L100000102149,coal_power,2025-09-08,1,1.45,1.45
L100000102149,coal_power,2025-09-17,1,1.15,1.15
L100000102149,coal_power,2025-09-25,1,0.38,0.38
L100000102149,coal_power,2025-10-05,1,0.86,0.86
L100000102149,coal_power,2025-10-06,2,2.3,1.15
L100000102149,coal_power,2025-10-07,1,1.92,1.92
L100000102149,coal_power,2025-10-10,1,1.2,1.2
L100000102149,coal_power,2025-10-11,2,1.72,0.86
L100000102149,coal_power,2025-10-12,2,2.12,1.39
L100000102149,coal_power,2025-10-13,1,0.89,0.89
L100000102149,coal_power,2025-10-14,2,2.95,1.55
L100000102149,coal_power,2025-10-15,2,3.9000000000000004,2.33
L100000102149,coal_power,2025-10-16,1,1.22,1.22
L100000102149,coal_power,2025-10-17,1,1.71,1.71
L100000102149,coal_power,2025-10-18,1,1.18,1.18
L100000102149,coal_power,2025-10-19,2,2.54,1.4
L100000102149,coal_power,2025-10-20,1,2.02,2.02
L100000102149,coal_power,2025-10-21,1,2.61,2.61
L100000102149,coal_power,2025-10-22,2,4.13,2.54
L100000102149,coal_power,2025-10-23,1,1.98,1.98
L100000102149,coal_power,2025-10-24,2,3.98,2.0
L100000102149,coal_power,2025-10-26,1,1.54,1.54
L100000102149,coal_power,2025-10-28,1,2.65,2.65
L100000102149,coal_power,2025-10-29,1,1.21,1.21
L100000102149,coal_power,2025-10-31,1,1.77,1.77
L100000102149,coal_power,2025-11-01,1,2.52,2.52
L100000102149,coal_power,2025-11-02,1,2.39,2.39
L100000102149,coal_power,2025-11-03,1,2.4,2.4
L100000102149,coal_power,2025-11-04,1,3.07,3.07
L100000102149,coal_power,2025-11-06,1,2.17,2.17
L100000102149,coal_power,2025-11-07,1,2.99,2.99
L100000102149,coal_power,2025-11-08,1,1.6,1.6
L100000102149,coal_power,2025-11-10,1,1.77,1.77
L100000102149,coal_power,2025-11-12,1,1.87,1.87
L100000102149,coal_power,2025-11-13,1,2.94,2.94
L100000102149,coal_power,2025-11-14,3,5.130000000000001,2.16
L100000102149,coal_power,2025-11-15,2,2.0,1.0
L100000102149,coal_power,2025-11-16,1,1.87,1.87
L100000102149,coal_power,2025-11-17,1,1.69,1.69
L100000102149,coal_power,2025-11-20,1,2.4,2.4
L100000102149,coal_power,2025-11-21,1,2.28,2.28
L100000102149,coal_power,2025-11-23,2,3.02,1.51
L100000102149,coal_power,2025-11-24,1,1.89,1.89
L100000102149,coal_power,2025-11-25,1,1.71,1.71
L100000102149,coal_power,2025-11-26,1,2.41,2.41
L100000102149,coal_power,2025-11-29,1,2.76,2.76
L100000102149,coal_power,2025-12-01,2,2.29,1.15
L100000102149,coal_power,2025-12-02,1,2.45,2.45
L100000102149,coal_power,2025-12-04,1,2.95,2.95
L100000102149,coal_power,2025-12-05,3,3.63,1.65
L100000102149,coal_power,2025-12-06,2,3.0500000000000003,2.12
L100000102149,coal_power,2025-12-07,1,1.36,1.36
L100000102149,coal_power,2025-12-08,2,2.4299999999999997,1.23
L100000102149,coal_power,2025-12-09,1,1.11,1.11
L100000102149,coal_power,2025-12-10,2,2.9400000000000004,1.82
L100000102149,coal_power,2025-12-11,1,2.42,2.42
L100000102149,coal_power,2025-12-12,2,4.18,2.12
L100000102149,coal_power,2025-12-13,1,2.31,2.31
L100000102149,coal_power,2025-12-14,2,2.0,1.0
L100000102149,coal_power,2025-12-15,1,1.14,1.14
L100000102149,coal_power,2025-12-16,2,3.3,1.97
L100000102149,coal_power,2025-12-17,1,2.2,2.2
L100000102149,coal_power,2025-12-18,2,6.130000000000001,3.45
L100000102149,coal_power,2025-12-19,1,2.5,2.5
L100000102149,coal_power,2025-12-20,1,1.51,1.51
L100000102149,coal_power,2025-12-21,2,2.55,1.51
L100000102149,coal_power,2025-12-22,3,5.6499999999999995,2.32
L100000102149,coal_power,2025-12-23,1,2.57,2.57
L100000102149,coal_power,2025-12-24,1,1.66,1.66
L100000102149,coal_power,2025-12-25,1,1.06,1.06
L100000102149,coal_power,2025-12-26,1,2.32,2.32
L100000102149,coal_power,2025-12-27,1,2.11,2.11
L100000102149,coal_power,2025-12-28,1,1.78,1.78
L100000102149,coal_power,2025-12-29,1,0.9,0.9
L100000102149,coal_power,2025-12-30,1,1.59,1.59
L100000102151,coal_power,2025-01-01,2,1.66,0.83
L100000102151,coal_power,2025-01-02,1,1.03,1.03
L100000102151,coal_power,2025-01-03,1,0.75,0.75
L100000102151,coal_power,2025-01-04,1,2.83,2.83
L100000102151,coal_power,2025-01-06,2,2.23,1.2
L100000102151,coal_power,2025-01-07,1,1.47,1.47
L100000102151,coal_power,2025-01-08,3,3.46,1.24
L100000102151,coal_power,2025-01-09,1,4.09,4.09
L100000102151,coal_power,2025-01-11,1,1.61,1.61
L100000102151,coal_power,2025-01-12,2,2.22,1.62
L100000102151,coal_power,2025-01-14,1,2.32,2.32
L100000102151,coal_power,2025-01-17,2,2.52,1.26
L100000102151,coal_power,2025-01-18,2,1.98,0.99
L100000102151,coal_power,2025-01-19,2,2.81,1.47
L100000102151,coal_power,2025-01-21,2,3.3200000000000003,1.95
L100000102151,coal_power,2025-01-22,2,8.1,4.08
L100000102151,coal_power,2025-01-23,3,7.42,3.26
L100000102151,coal_power,2025-01-24,2,4.76,2.95
L100000102151,coal_power,2025-01-25,2,6.13,3.5
L100000102151,coal_power,2025-01-26,1,1.83,1.83
L100000102151,coal_power,2025-01-27,2,3.7,1.85
L100000102151,coal_power,2025-01-28,2,3.24,2.29
L100000102151,coal_power,2025-01-29,2,3.49,1.91
L100000102151,coal_power,2025-01-31,1,1.38,1.38
L100000102151,coal_power,2025-02-01,2,2.08,1.04
L100000102151,coal_power,2025-02-02,1,1.69,1.69
L100000102151,coal_power,2025-02-04,1,2.07,2.07
L100000102151,coal_power,2025-02-05,1,2.84,2.84
L100000102151,coal_power,2025-02-06,1,2.02,2.02
L100000102151,coal_power,2025-02-07,3,5.94,4.28
L100000102151,coal_power,2025-02-08,3,4.66,1.8
L100000102151,coal_power,2025-02-09,2,4.54,2.96
L100000102151,coal_power,2025-02-10,3,8.85,3.48
L100000102151,coal_power,2025-02-12,1,1.66,1.66
L100000102151,coal_power,2025-02-14,2,2.63,1.38
L100000102151,coal_power,2025-02-15,1,1.7,1.7
L100000102151,coal_power,2025-02-16,1,1.98,1.98
L100000102151,coal_power,2025-02-17,2,6.82,3.41
L100000102151,coal_power,2025-02-18,2,5.27,3.1
L100000102151,coal_power,2025-02-19,2,4.13,2.48
L100000102151,coal_power,2025-02-23,2,3.88,2.17
L100000102151,coal_power,2025-02-25,3,4.32,1.98
L100000102151,coal_power,2025-02-26,1,2.68,2.68
L100000102151,coal_power,2025-02-27,1,1.76,1.76
L100000102151,coal_power,2025-02-28,2,15.04,7.59
L100000102151,coal_power,2025-03-01,2,2.48,1.24
L100000102151,coal_power,2025-03-04,1,1.54,1.54
L100000102151,coal_power,2025-03-06,3,2.5,1.04
L100000102151,coal_power,2025-03-07,2,4.34,2.71
L100000102151,coal_power,2025-03-08,2,1.98,0.99
L100000102151,coal_power,2025-03-10,1,2.88,2.88
L100000102151,coal_power,2025-03-11,2,4.15,2.12
L100000102151,coal_power,2025-03-12,2,1.92,0.96
L100000102151,coal_power,2025-03-15,1,2.73,2.73
L100000102151,coal_power,2025-03-16,3,13.73,5.96
L100000102151,coal_power,2025-03-17,3,4.14,2.09
L100000102151,coal_power,2025-03-18,2,3.1,1.55
L100000102151,coal_power,2025-03-20,1,2.11,2.11
L100000102151,coal_power,2025-03-22,1,4.02,4.02
L100000102151,coal_power,2025-03-23,1,4.72,4.72
L100000102151,coal_power,2025-03-24,1,2.86,2.86
L100000102151,coal_power,2025-03-25,2,5.98,3.05
L100000102151,coal_power,2025-03-27,1,1.81,1.81
L100000102151,coal_power,2025-03-28,3,4.0,1.64
L100000102151,coal_power,2025-03-29,2,4.390000000000001,2.22
L100000102151,coal_power,2025-03-30,1,3.33,3.33
L100000102151,coal_power,2025-03-31,3,19.9,13.78
L100000102151,coal_power,2025-04-01,2,4.82,2.91
L100000102151,coal_power,2025-04-02,1,1.62,1.62
L100000102151,coal_power,2025-04-05,1,1.92,1.92
L100000102151,coal_power,2025-04-07,3,4.91,2.0
L100000102151,coal_power,2025-04-08,2,3.94,2.65
L100000102151,coal_power,2025-04-09,4,5.12,1.77
L100000102151,coal_power,2025-04-10,1,4.24,4.24
L100000102151,coal_power,2025-04-11,3,10.7,3.88
L100000102151,coal_power,2025-04-12,3,7.56,6.22
L100000102151,coal_power,2025-04-13,1,2.0,2.0
L100000102151,coal_power,2025-04-14,3,6.01,2.28
L100000102151,coal_power,2025-04-16,2,9.27,5.26
L100000102151,coal_power,2025-04-17,3,4.59,1.55
L100000102151,coal_power,2025-04-18,2,7.130000000000001,6.07
L100000102151,coal_power,2025-04-19,2,3.95,2.45
L100000102151,coal_power,2025-04-21,2,3.95,2.37
L100000102151,coal_power,2025-04-22,2,2.22,1.11
L100000102151,coal_power,2025-04-23,2,12.27,9.08
L100000102151,coal_power,2025-04-24,3,11.09,4.48
L100000102151,coal_power,2025-04-25,2,3.41,1.85
L100000102151,coal_power,2025-04-26,1,5.3,5.3
L100000102151,coal_power,2025-04-28,2,2.72,1.36
L100000102151,coal_power,2025-04-29,2,2.0,1.0
L100000102151,coal_power,2025-05-02,1,1.76,1.76
L100000102151,coal_power,2025-05-03,3,9.209999999999999,6.81
L100000102151,coal_power,2025-05-04,2,3.5200000000000005,2.2
L100000102151,coal_power,2025-05-05,1,1.34,1.34
L100000102151,coal_power,2025-05-07,2,2.58,1.29
L100000102151,coal_power,2025-05-08,1,5.36,5.36
L100000102151,coal_power,2025-05-09,5,7.37,2.61
L100000102151,coal_power,2025-05-10,1,4.54,4.54
L100000102151,coal_power,2025-05-13,1,2.0,2.0
L100000102151,coal_power,2025-05-14,3,3.93,1.31
L100000102151,coal_power,2025-05-16,1,1.23,1.23
L100000102151,coal_power,2025-05-19,5,11.95,6.98
L100000102151,coal_power,2025-05-31,1,2.09,2.09
L100000102151,coal_power,2025-06-01,1,2.58,2.58
L100000102151,coal_power,2025-06-04,2,8.13,7.16
L100000102151,coal_power,2025-06-05,1,2.49,2.49
L100000102151,coal_power,2025-06-06,1,2.72,2.72
L100000102151,coal_power,2025-06-08,2,3.3,2.32
L100000102151,coal_power,2025-06-09,3,8.61,5.73
L100000102151,coal_power,2025-06-13,2,5.1,2.77
L100000102151,coal_power,2025-06-14,1,1.0,1.0
L100000102151,coal_power,2025-06-15,2,1.8699999999999999,1.14
L100000102151,coal_power,2025-06-20,1,2.27,2.27
L100000102151,coal_power,2025-06-21,2,14.780000000000001,7.5
L100000102151,coal_power,2025-07-11,1,0.99,0.99
L100000102151,coal_power,2025-07-12,2,1.4,0.7
L100000102151,coal_power,2025-07-18,2,16.25,9.16
L100000102151,coal_power,2025-08-02,1,1.37,1.37
L100000102151,coal_power,2025-08-11,1,2.16,2.16
L100000102151,coal_power,2025-08-12,1,8.0,8.0
L100000102151,coal_power,2025-08-29,2,1.88,0.97
L100000102151,coal_power,2025-09-04,2,2.92,1.46
L100000102151,coal_power,2025-09-10,2,3.0700000000000003,1.54
L100000102151,coal_power,2025-09-13,2,3.17,2.34
L100000102151,coal_power,2025-09-16,1,0.83,0.83
L100000102151,coal_power,2025-09-17,1,2.09,2.09
L100000102151,coal_power,2025-09-18,1,1.52,1.52
L100000102151,coal_power,2025-09-19,1,2.25,2.25
L100000102151,coal_power,2025-09-28,3,3.98,2.0
L100000102151,coal_power,2025-09-30,2,2.97,2.47
L100000102151,coal_power,2025-10-03,2,3.0300000000000002,1.8
L100000102151,coal_power,2025-10-05,1,4.02,4.02
L100000102151,coal_power,2025-10-06,2,4.15,2.31
L100000102151,coal_power,2025-10-07,1,3.02,3.02
L100000102151,coal_power,2025-10-10,1,1.39,1.39
L100000102151,coal_power,2025-10-11,1,4.07,4.07
L100000102151,coal_power,2025-10-12,1,1.93,1.93
L100000102151,coal_power,2025-10-13,3,3.75,1.71
L100000102151,coal_power,2025-10-15,4,11.11,7.45
L100000102151,coal_power,2025-10-16,3,12.12,6.34
L100000102151,coal_power,2025-10-17,2,3.36,1.68
L100000102151,coal_power,2025-10-18,3,3.42,1.51
L100000102151,coal_power,2025-10-20,1,6.63,6.63
L100000102151,coal_power,2025-10-21,3,2.88,1.2
L100000102151,coal_power,2025-10-22,3,3.25,1.22
L100000102151,coal_power,2025-10-23,1,3.53,3.53
L100000102151,coal_power,2025-10-25,1,1.94,1.94
L100000102151,coal_power,2025-10-26,1,1.65,1.65
L100000102151,coal_power,2025-10-31,2,7.99,4.53
L100000102151,coal_power,2025-11-02,3,2.68,0.9
L100000102151,coal_power,2025-11-03,1,1.02,1.02
L100000102151,coal_power,2025-11-04,2,2.62,1.31
L100000102151,coal_power,2025-11-05,2,3.17,1.91
L100000102151,coal_power,2025-11-06,2,2.54,1.27
L100000102151,coal_power,2025-11-07,2,6.1899999999999995,5.38
L100000102151,coal_power,2025-11-08,1,2.26,2.26
L100000102151,coal_power,2025-11-09,2,5.01,2.91
L100000102151,coal_power,2025-11-10,3,11.52,5.32
L100000102151,coal_power,2025-11-11,1,4.32,4.32
L100000102151,coal_power,2025-11-12,3,4.78,1.83
L100000102151,coal_power,2025-11-13,2,2.7,1.35
L100000102151,coal_power,2025-11-14,2,5.73,3.19
L100000102151,coal_power,2025-11-15,1,4.86,4.86
L100000102151,coal_power,2025-11-16,3,7.97,4.17
L100000102151,coal_power,2025-11-17,3,8.709999999999999,5.27
L100000102151,coal_power,2025-11-18,3,3.99,1.56
L100000102151,coal_power,2025-11-19,3,5.32,2.68
L100000102151,coal_power,2025-11-20,3,8.129999999999999,3.63
L100000102151,coal_power,2025-11-21,3,8.649999999999999,3.63
L100000102151,coal_power,2025-11-22,4,9.28,3.71
L100000102151,coal_power,2025-11-23,5,18.52,5.82
L100000102151,coal_power,2025-11-24,3,5.13,2.27
L100000102151,coal_power,2025-11-25,3,7.22,2.82
L100000102151,coal_power,2025-11-26,4,11.59,3.37
L100000102151,coal_power,2025-11-27,3,9.79,5.91
L100000102151,coal_power,2025-11-28,5,10.87,5.47
L100000102151,coal_power,2025-12-02,3,4.24,2.28
L100000102151,coal_power,2025-12-03,3,6.95,3.45
L100000102151,coal_power,2025-12-04,2,8.01,4.11
L100000102151,coal_power,2025-12-05,1,0.63,0.63
L100000102151,coal_power,2025-12-07,2,4.2,2.1
L100000102151,coal_power,2025-12-08,2,7.6,5.2
L100000102151,coal_power,2025-12-09,3,11.25,6.77
L100000102151,coal_power,2025-12-10,3,7.109999999999999,3.15
L100000102151,coal_power,2025-12-11,2,3.15,1.89
L100000102151,coal_power,2025-12-12,1,1.64,1.64
L100000102151,coal_power,2025-12-13,2,3.44,1.9
L100000102151,coal_power,2025-12-14,1,2.59,2.59
L100000102151,coal_power,2025-12-15,5,11.92,6.2
L100000102151,coal_power,2025-12-16,3,5.72,2.82
L100000102151,coal_power,2025-12-17,2,1.8,0.9
L100000102151,coal_power,2025-12-18,2,4.58,3.7
L100000102151,coal_power,2025-12-19,4,12.8,8.16
L100000102151,coal_power,2025-12-20,3,6.859999999999999,3.76
L100000102151,coal_power,2025-12-21,2,3.5500000000000003,2.22
L100000102151,coal_power,2025-12-22,2,4.29,2.31
L100000102151,coal_power,2025-12-23,5,18.37,5.22
L100000102151,coal_power,2025-12-24,4,9.36,2.7
L100000102151,coal_power,2025-12-25,3,7.16,3.39
L100000102151,coal_power,2025-12-26,2,3.4,1.7
L100000102151,coal_power,2025-12-27,3,6.359999999999999,2.25
L100000102151,coal_power,2025-12-28,1,1.67,1.67
L100000102151,coal_power,2025-12-29,3,11.24,8.82
L100000102151,coal_power,2025-12-30,3,8.48,5.26
L100000102151,coal_power,2025-12-31,3,4.04,1.44
L100000102154,coal_power,2025-01-03,2,4.92,2.46
L100000102154,coal_power,2025-01-04,2,4.26,2.13
L100000102154,coal_power,2025-01-05,2,4.5,2.63
L100000102154,coal_power,2025-01-07,2,3.9,1.95
L100000102154,coal_power,2025-01-08,1,2.16,2.16
L100000102154,coal_power,2025-01-09,2,6.02,3.99
L100000102154,coal_power,2025-01-10,1,0.41,0.41
L100000102154,coal_power,2025-01-14,1,2.65,2.65
L100000102154,coal_power,2025-01-17,1,3.93,3.93
L100000102154,coal_power,2025-01-25,2,4.46,3.06
L100000102154,coal_power,2025-01-27,1,4.06,4.06
L100000102154,coal_power,2025-01-28,3,2.71,0.93
L100000102154,coal_power,2025-01-29,1,4.1,4.1
L100000102154,coal_power,2025-01-30,1,2.98,2.98
L100000102154,coal_power,2025-01-31,4,12.27,4.09
L100000102154,coal_power,2025-02-01,2,5.07,2.6
L100000102154,coal_power,2025-02-03,1,1.96,1.96
L100000102154,coal_power,2025-02-05,2,5.47,3.26
L100000102154,coal_power,2025-02-06,3,5.9399999999999995,2.42
L100000102154,coal_power,2025-02-10,3,6.14,2.8
L100000102154,coal_power,2025-02-13,2,4.62,2.41
L100000102154,coal_power,2025-02-15,2,3.04,1.68
L100000102154,coal_power,2025-02-16,2,5.63,3.1
L100000102154,coal_power,2025-02-18,2,2.5599999999999996,1.4
L100000102154,coal_power,2025-02-20,1,2.55,2.55
L100000102154,coal_power,2025-02-21,1,3.83,3.83
L100000102154,coal_power,2025-02-23,1,3.81,3.81
L100000102154,coal_power,2025-02-25,1,2.41,2.41
L100000102154,coal_power,2025-02-26,3,8.36,3.06
L100000102154,coal_power,2025-02-27,2,3.36,1.68
L100000102154,coal_power,2025-02-28,2,7.92,4.84
L100000102154,coal_power,2025-03-02,1,2.29,2.29
L100000102154,coal_power,2025-03-03,4,15.1,5.07
L100000102154,coal_power,2025-03-04,1,3.2,3.2
L100000102154,coal_power,2025-03-07,2,3.88,2.04
L100000102154,coal_power,2025-03-08,1,3.28,3.28
L100000102154,coal_power,2025-03-09,2,5.28,3.39
L100000102154,coal_power,2025-03-11,1,3.31,3.31
L100000102154,coal_power,2025-03-13,1,4.9,4.9
L100000102154,coal_power,2025-03-14,1,2.81,2.81
L100000102154,coal_power,2025-03-16,2,4.699999999999999,2.57
L100000102154,coal_power,2025-03-17,1,3.14,3.14
L100000102154,coal_power,2025-03-19,3,7.4399999999999995,2.95
L100000102154,coal_power,2025-03-23,2,5.11,2.64
L100000102154,coal_power,2025-03-25,2,9.93,5.5
L100000102154,coal_power,2025-03-27,1,4.36,4.36
L100000102154,coal_power,2025-03-28,1,3.78,3.78
L100000102154,coal_power,2025-03-30,2,6.21,3.65
L100000102154,coal_power,2025-03-31,2,8.93,5.19
L100000102154,coal_power,2025-04-04,1,4.64,4.64
L100000102154,coal_power,2025-04-05,1,4.16,4.16
L100000102154,coal_power,2025-04-08,1,4.29,4.29
L100000102154,coal_power,2025-04-09,1,2.75,2.75
L100000102154,coal_power,2025-04-12,1,2.42,2.42
L100000102154,coal_power,2025-04-14,1,4.2,4.2
L100000102154,coal_power,2025-04-16,1,4.93,4.93
L100000102154,coal_power,2025-04-17,4,15.57,6.25
L100000102154,coal_power,2025-04-18,2,3.87,2.05
L100000102154,coal_power,2025-04-19,1,3.36,3.36
L100000102154,coal_power,2025-04-20,2,6.07,3.6
L100000102154,coal_power,2025-04-21,2,7.6,5.07
L100000102154,coal_power,2025-04-22,2,7.1499999999999995,4.14
L100000102154,coal_power,2025-04-23,1,3.77,3.77
L100000102154,coal_power,2025-04-24,1,4.21,4.21
L100000102154,coal_power,2025-04-25,2,7.09,3.99
L100000102154,coal_power,2025-04-26,1,1.63,1.63
L100000102154,coal_power,2025-04-28,2,5.1899999999999995,3.06
L100000102154,coal_power,2025-04-30,2,3.13,1.96
L100000102154,coal_power,2025-05-01,2,4.18,2.26
L100000102154,coal_power,2025-05-02,3,7.109999999999999,4.17
L100000102154,coal_power,2025-05-07,1,3.73,3.73
L100000102154,coal_power,2025-05-10,1,4.88,4.88
L100000102154,coal_power,2025-05-11,1,5.88,5.88
L100000102154,coal_power,2025-05-26,1,1.99,1.99
L100000102154,coal_power,2025-05-29,1,1.12,1.12
L100000102154,coal_power,2025-06-03,1,3.4,3.4
L100000102154,coal_power,2025-06-06,1,2.35,2.35
L100000102154,coal_power,2025-06-08,1,2.87,2.87
L100000102154,coal_power,2025-06-10,1,2.93,2.93
L100000102154,coal_power,2025-06-14,1,3.61,3.61
L100000102154,coal_power,2025-06-21,1,1.87,1.87
L100000102154,coal_power,2025-07-11,1,1.65,1.65
L100000102154,coal_power,2025-07-18,2,10.969999999999999,7.46
L100000102154,coal_power,2025-07-21,1,1.83,1.83
L100000102154,coal_power,2025-07-22,1,4.49,4.49
L100000102154,coal_power,2025-09-05,1,2.66,2.66
L100000102154,coal_power,2025-09-08,3,7.1499999999999995,4.52
L100000102154,coal_power,2025-09-10,1,1.17,1.17
L100000102154,coal_power,2025-09-12,1,1.38,1.38
L100000102154,coal_power,2025-09-19,1,2.08,2.08
L100000102154,coal_power,2025-09-20,1,1.27,1.27
L100000102154,coal_power,2025-09-28,2,2.9499999999999997,2.57
L100000102154,coal_power,2025-10-08,1,0.8,0.8
L100000102154,coal_power,2025-10-11,1,0.21,0.21
L100000102154,coal_power,2025-10-12,1,3.64,3.64
L100000102154,coal_power,2025-10-13,2,4.42,2.26
L100000102154,coal_power,2025-10-14,2,6.34,3.48
L100000102154,coal_power,2025-10-15,1,2.33,2.33
L100000102154,coal_power,2025-10-16,1,3.0,3.0
L100000102154,coal_power,2025-10-17,1,3.13,3.13
L100000102154,coal_power,2025-10-18,1,4.18,4.18
L100000102154,coal_power,2025-10-19,1,2.91,2.91
L100000102154,coal_power,2025-10-20,3,8.76,4.39
L100000102154,coal_power,2025-10-23,1,1.9,1.9
L100000102154,coal_power,2025-10-24,1,1.62,1.62
L100000102154,coal_power,2025-10-26,1,1.73,1.73
L100000102154,coal_power,2025-10-28,1,2.36,2.36
L100000102154,coal_power,2025-11-01,1,2.73,2.73
L100000102154,coal_power,2025-11-02,1,3.26,3.26
L100000102154,coal_power,2025-11-03,1,1.98,1.98
L100000102154,coal_power,2025-11-04,1,1.63,1.63
L100000102154,coal_power,2025-11-05,2,4.85,2.52
L100000102154,coal_power,2025-11-07,2,2.62,1.31
L100000102154,coal_power,2025-11-09,1,2.95,2.95
L100000102154,coal_power,2025-11-10,1,2.84,2.84
L100000102154,coal_power,2025-11-12,1,2.72,2.72
L100000102154,coal_power,2025-11-13,1,1.23,1.23
L100000102154,coal_power,2025-11-14,2,2.5,1.25
L100000102154,coal_power,2025-11-15,1,1.77,1.77
L100000102154,coal_power,2025-11-17,1,1.86,1.86
L100000102154,coal_power,2025-11-18,1,2.2,2.2
L100000102154,coal_power,2025-11-19,1,2.55,2.55
L100000102154,coal_power,2025-11-20,1,2.35,2.35
L100000102154,coal_power,2025-11-21,1,3.9,3.9
L100000102154,coal_power,2025-11-22,1,2.47,2.47
L100000102154,coal_power,2025-11-23,1,2.58,2.58
L100000102154,coal_power,2025-11-25,2,8.66,5.31
L100000102154,coal_power,2025-11-26,1,3.66,3.66
L100000102154,coal_power,2025-12-01,1,2.52,2.52
L100000102154,coal_power,2025-12-02,1,4.24,4.24
L100000102154,coal_power,2025-12-04,2,3.31,1.81
L100000102154,coal_power,2025-12-05,1,3.22,3.22
L100000102154,coal_power,2025-12-06,2,5.03,3.1
L100000102154,coal_power,2025-12-08,1,3.05,3.05
L100000102154,coal_power,2025-12-10,1,2.06,2.06
L100000102154,coal_power,2025-12-11,6,18.09,5.09
L100000102154,coal_power,2025-12-12,1,1.03,1.03
L100000102154,coal_power,2025-12-13,1,3.25,3.25
L100000102154,coal_power,2025-12-14,1,2.82,2.82
L100000102154,coal_power,2025-12-16,2,7.779999999999999,5.26
L100000102154,coal_power,2025-12-17,3,5.3,2.46
L100000102154,coal_power,2025-12-22,1,2.18,2.18
L100000102154,coal_power,2025-12-23,2,4.28,2.96
L100000102154,coal_power,2025-12-27,3,7.470000000000001,3.81
L100000102154,coal_power,2025-12-28,1,2.54,2.54
L100000102154,coal_power,2025-12-29,2,3.7,1.85
L100000102154,coal_power,2025-12-31,1,2.21,2.21
L100000102156,coal_power,2025-04-16,3,20.81,11.03
L100000102161,coal_power,2025-01-26,1,3.85,3.85
L100000102161,coal_power,2025-02-23,1,5.51,5.51
L100000102161,coal_power,2025-03-05,2,9.32,4.66
L100000102161,coal_power,2025-03-11,1,3.95,3.95
L100000102164,coal_power,2025-12-09,1,2.3,2.3
L100000102165,coal_power,2025-01-18,1,3.33,3.33
L100000102166,coal_power,2025-12-17,1,5.77,5.77
L100000102167,coal_power,2025-01-01,1,0.67,0.67
L100000102167,coal_power,2025-01-05,1,0.9,0.9
L100000102167,coal_power,2025-01-06,1,0.99,0.99
L100000102167,coal_power,2025-01-07,1,1.28,1.28
L100000102167,coal_power,2025-01-08,1,1.35,1.35
L100000102167,coal_power,2025-01-10,1,0.46,0.46
L100000102167,coal_power,2025-01-11,1,1.26,1.26
L100000102167,coal_power,2025-01-12,1,0.95,0.95
L100000102167,coal_power,2025-01-13,2,2.26,1.21
L100000102167,coal_power,2025-01-14,1,0.82,0.82
L100000102167,coal_power,2025-01-16,1,1.28,1.28
L100000102167,coal_power,2025-01-17,1,1.25,1.25
L100000102167,coal_power,2025-01-18,1,0.81,0.81
L100000102167,coal_power,2025-01-19,1,1.04,1.04
L100000102167,coal_power,2025-01-20,1,0.75,0.75
L100000102167,coal_power,2025-01-22,1,1.41,1.41
L100000102167,coal_power,2025-01-23,1,0.91,0.91
L100000102167,coal_power,2025-01-24,1,1.18,1.18
L100000102167,coal_power,2025-01-25,1,0.82,0.82
L100000102167,coal_power,2025-01-26,1,0.99,0.99
L100000102167,coal_power,2025-01-27,1,0.77,0.77
L100000102167,coal_power,2025-01-28,1,0.99,0.99
L100000102167,coal_power,2025-01-29,1,1.19,1.19
L100000102167,coal_power,2025-01-30,1,1.01,1.01
L100000102167,coal_power,2025-02-01,1,1.75,1.75
L100000102167,coal_power,2025-02-02,1,1.04,1.04
L100000102167,coal_power,2025-02-03,1,1.4,1.4
L100000102167,coal_power,2025-02-06,1,1.84,1.84
L100000102167,coal_power,2025-02-07,1,1.41,1.41
L100000102167,coal_power,2025-02-08,1,0.92,0.92
L100000102167,coal_power,2025-02-09,1,1.48,1.48
L100000102167,coal_power,2025-02-11,1,1.02,1.02
L100000102167,coal_power,2025-02-13,1,1.17,1.17
L100000102167,coal_power,2025-02-15,2,1.78,0.93
L100000102167,coal_power,2025-02-16,1,0.7,0.7
L100000102167,coal_power,2025-02-17,1,0.76,0.76
L100000102167,coal_power,2025-02-18,1,1.09,1.09
L100000102167,coal_power,2025-02-20,1,1.37,1.37
L100000102167,coal_power,2025-02-21,2,2.04,1.11
L100000102167,coal_power,2025-02-22,1,1.57,1.57
L100000102167,coal_power,2025-02-23,1,1.4,1.4
L100000102167,coal_power,2025-02-24,1,1.44,1.44
L100000102167,coal_power,2025-02-25,1,0.99,0.99
L100000102167,coal_power,2025-02-26,1,0.82,0.82
L100000102167,coal_power,2025-02-27,1,0.8,0.8
L100000102167,coal_power,2025-02-28,1,0.87,0.87
L100000102167,coal_power,2025-03-01,1,0.73,0.73
L100000102167,coal_power,2025-03-04,1,0.84,0.84
L100000102167,coal_power,2025-03-06,1,0.69,0.69
L100000102167,coal_power,2025-03-07,1,0.72,0.72
L100000102167,coal_power,2025-03-08,1,1.08,1.08
L100000102167,coal_power,2025-03-10,1,1.14,1.14
L100000102167,coal_power,2025-03-11,1,0.77,0.77
L100000102167,coal_power,2025-03-12,1,1.07,1.07
L100000102167,coal_power,2025-03-13,1,1.72,1.72
L100000102167,coal_power,2025-03-15,1,0.63,0.63
L100000102167,coal_power,2025-03-17,1,0.96,0.96
L100000102167,coal_power,2025-03-26,1,1.28,1.28
L100000102167,coal_power,2025-03-27,1,1.24,1.24
L100000102167,coal_power,2025-03-28,1,1.43,1.43
L100000102167,coal_power,2025-03-29,1,0.69,0.69
L100000102167,coal_power,2025-03-30,1,0.84,0.84
L100000102167,coal_power,2025-03-31,1,0.6,0.6
L100000102167,coal_power,2025-04-09,1,1.94,1.94
L100000102167,coal_power,2025-04-11,1,1.47,1.47
L100000102167,coal_power,2025-04-12,1,0.73,0.73
L100000102167,coal_power,2025-04-14,1,1.58,1.58
L100000102167,coal_power,2025-04-16,1,0.82,0.82
L100000102167,coal_power,2025-04-17,1,1.67,1.67
L100000102167,coal_power,2025-04-19,1,1.08,1.08
L100000102167,coal_power,2025-04-22,1,1.35,1.35
L100000102167,coal_power,2025-04-23,1,1.0,1.0
L100000102167,coal_power,2025-04-24,1,1.95,1.95
L100000102167,coal_power,2025-04-25,1,2.27,2.27
L100000102167,coal_power,2025-04-28,1,0.92,0.92
L100000102167,coal_power,2025-04-29,1,0.86,0.86
L100000102167,coal_power,2025-04-30,1,0.86,0.86
L100000102167,coal_power,2025-05-01,1,0.9,0.9
L100000102167,coal_power,2025-05-02,1,0.81,0.81
L100000102167,coal_power,2025-05-04,1,0.93,0.93
L100000102167,coal_power,2025-05-05,1,4.26,4.26
L100000102167,coal_power,2025-05-08,1,2.0,2.0
L100000102167,coal_power,2025-05-09,1,1.05,1.05
L100000102167,coal_power,2025-05-14,1,1.32,1.32
L100000102167,coal_power,2025-05-25,1,0.61,0.61
L100000102167,coal_power,2025-06-05,1,1.68,1.68
L100000102167,coal_power,2025-08-09,1,3.09,3.09
L100000102167,coal_power,2025-08-18,2,1.69,1.13
L100000102167,coal_power,2025-08-27,1,0.68,0.68
L100000102167,coal_power,2025-09-05,1,0.65,0.65
L100000102167,coal_power,2025-09-08,1,1.57,1.57
L100000102167,coal_power,2025-09-09,1,0.69,0.69
L100000102167,coal_power,2025-09-18,1,1.67,1.67
L100000102167,coal_power,2025-09-19,1,0.81,0.81
L100000102167,coal_power,2025-09-24,1,0.92,0.92
L100000102167,coal_power,2025-09-25,1,0.99,0.99
L100000102167,coal_power,2025-09-29,1,0.99,0.99
L100000102167,coal_power,2025-09-30,1,1.5,1.5
L100000102167,coal_power,2025-10-12,1,0.74,0.74
L100000102167,coal_power,2025-10-13,1,0.53,0.53
L100000102167,coal_power,2025-10-19,1,1.3,1.3
L100000102167,coal_power,2025-10-20,1,0.6,0.6
L100000102167,coal_power,2025-10-21,1,1.47,1.47
L100000102167,coal_power,2025-10-22,1,1.4,1.4
L100000102167,coal_power,2025-10-23,1,1.31,1.31
L100000102167,coal_power,2025-10-24,1,1.01,1.01
L100000102167,coal_power,2025-10-26,2,2.98,1.5
L100000102167,coal_power,2025-10-31,1,0.94,0.94
L100000102167,coal_power,2025-11-01,1,0.84,0.84
L100000102167,coal_power,2025-11-04,1,1.13,1.13
L100000102167,coal_power,2025-11-06,1,1.42,1.42
L100000102167,coal_power,2025-11-07,2,1.46,0.73
L100000102167,coal_power,2025-11-08,1,1.4,1.4
L100000102167,coal_power,2025-11-09,1,1.23,1.23
L100000102167,coal_power,2025-11-10,2,1.9000000000000001,1.11
L100000102167,coal_power,2025-11-12,1,1.09,1.09
L100000102167,coal_power,2025-11-13,1,0.64,0.64
L100000102167,coal_power,2025-11-14,1,0.7,0.7
L100000102167,coal_power,2025-11-15,1,1.11,1.11
L100000102167,coal_power,2025-11-16,1,1.59,1.59
L100000102167,coal_power,2025-11-17,1,1.07,1.07
L100000102167,coal_power,2025-11-18,2,2.67,1.65
L100000102167,coal_power,2025-11-19,1,0.97,0.97
L100000102167,coal_power,2025-11-22,1,0.96,0.96
L100000102167,coal_power,2025-11-23,1,0.9,0.9
L100000102167,coal_power,2025-11-24,1,1.45,1.45
L100000102167,coal_power,2025-11-25,3,2.35,1.0
L100000102167,coal_power,2025-11-26,1,1.03,1.03
L100000102167,coal_power,2025-11-27,1,1.46,1.46
L100000102167,coal_power,2025-11-28,1,1.15,1.15
L100000102167,coal_power,2025-12-01,1,0.75,0.75
L100000102167,coal_power,2025-12-02,1,0.73,0.73
L100000102167,coal_power,2025-12-03,1,0.98,0.98
L100000102167,coal_power,2025-12-04,1,1.41,1.41
L100000102167,coal_power,2025-12-07,1,1.14,1.14
L100000102167,coal_power,2025-12-08,1,1.14,1.14
L100000102167,coal_power,2025-12-09,1,1.19,1.19
L100000102167,coal_power,2025-12-10,1,0.97,0.97
L100000102167,coal_power,2025-12-11,1,0.81,0.81
L100000102167,coal_power,2025-12-12,1,0.82,0.82
L100000102167,coal_power,2025-12-13,1,1.07,1.07
L100000102167,coal_power,2025-12-14,1,0.65,0.65
L100000102167,coal_power,2025-12-17,1,0.65,0.65
L100000102167,coal_power,2025-12-18,1,0.73,0.73
L100000102167,coal_power,2025-12-19,1,1.06,1.06
L100000102167,coal_power,2025-12-20,1,1.12,1.12
L100000102167,coal_power,2025-12-21,1,1.28,1.28
L100000102167,coal_power,2025-12-22,2,1.99,1.22
L100000102167,coal_power,2025-12-23,1,1.48,1.48
L100000102167,coal_power,2025-12-24,1,1.02,1.02
L100000102167,coal_power,2025-12-27,1,1.02,1.02
L100000102167,coal_power,2025-12-28,1,0.61,0.61
L100000102167,coal_power,2025-12-29,1,1.23,1.23
L100000102167,coal_power,2025-12-30,1,1.18,1.18
L100000102167,coal_power,2025-12-31,1,0.8,0.8
L100000102168,coal_power,2025-01-04,1,2.73,2.73
L100000102168,coal_power,2025-01-07,1,6.15,6.15
L100000102168,coal_power,2025-01-09,1,2.81,2.81
L100000102168,coal_power,2025-01-11,1,4.72,4.72
L100000102168,coal_power,2025-01-14,1,1.94,1.94
L100000102168,coal_power,2025-01-24,1,5.76,5.76
L100000102168,coal_power,2025-02-05,1,3.79,3.79
L100000102168,coal_power,2025-02-11,1,0.8,0.8
L100000102168,coal_power,2025-02-15,1,2.66,2.66
L100000102168,coal_power,2025-02-16,1,5.22,5.22
L100000102168,coal_power,2025-02-23,1,1.36,1.36
L100000102168,coal_power,2025-03-11,1,1.36,1.36
L100000102168,coal_power,2025-04-05,2,5.9,3.3
L100000102168,coal_power,2025-04-21,1,3.54,3.54
L100000102168,coal_power,2025-05-02,1,1.23,1.23
L100000102168,coal_power,2025-05-13,1,5.6,5.6
L100000102168,coal_power,2025-07-18,1,2.07,2.07
L100000102168,coal_power,2025-10-13,1,1.11,1.11
L100000102168,coal_power,2025-10-14,1,2.82,2.82
L100000102168,coal_power,2025-11-03,1,1.98,1.98
L100000102168,coal_power,2025-11-04,1,3.57,3.57
L100000102168,coal_power,2025-11-08,1,2.85,2.85
L100000102168,coal_power,2025-11-09,2,6.6499999999999995,4.06
L100000102168,coal_power,2025-11-17,1,5.08,5.08
L100000102168,coal_power,2025-12-01,1,1.5,1.5
L100000102168,coal_power,2025-12-04,1,1.5,1.5
L100000102168,coal_power,2025-12-16,1,2.32,2.32
L100000102168,coal_power,2025-12-17,1,2.73,2.73
L100000102168,coal_power,2025-12-29,1,6.52,6.52
L100000102170,coal_power,2025-02-14,3,18.57,10.57
L100000102171,coal_power,2025-12-11,1,5.46,5.46
L100000102172,coal_power,2025-01-01,1,1.59,1.59
L100000102172,coal_power,2025-01-02,2,2.4,1.2
L100000102172,coal_power,2025-01-03,1,2.46,2.46
L100000102172,coal_power,2025-01-04,1,0.68,0.68
L100000102172,coal_power,2025-01-06,1,2.05,2.05
L100000102172,coal_power,2025-01-07,1,1.95,1.95
L100000102172,coal_power,2025-01-08,1,1.38,1.38
L100000102172,coal_power,2025-01-09,1,1.11,1.11
L100000102172,coal_power,2025-01-10,1,0.99,0.99
L100000102172,coal_power,2025-01-11,1,1.74,1.74
L100000102172,coal_power,2025-01-12,1,1.52,1.52
L100000102172,coal_power,2025-01-13,1,1.19,1.19
L100000102172,coal_power,2025-01-14,1,1.13,1.13
L100000102172,coal_power,2025-01-17,2,2.4,1.2
L100000102172,coal_power,2025-01-18,1,3.0,3.0
L100000102172,coal_power,2025-01-19,1,2.3,2.3
L100000102172,coal_power,2025-01-21,1,1.27,1.27
L100000102172,coal_power,2025-01-22,1,1.32,1.32
L100000102172,coal_power,2025-01-23,1,2.22,2.22
L100000102172,coal_power,2025-01-24,1,1.7,1.7
L100000102172,coal_power,2025-01-25,2,3.2199999999999998,1.63
L100000102172,coal_power,2025-01-26,1,1.7,1.7
L100000102172,coal_power,2025-01-27,3,5.35,2.03
L100000102172,coal_power,2025-01-28,2,2.74,1.37
L100000102172,coal_power,2025-01-29,2,4.72,3.08
L100000102172,coal_power,2025-01-30,2,2.96,1.81
L100000102172,coal_power,2025-01-31,2,2.48,1.3
L100000102172,coal_power,2025-02-02,2,3.7199999999999998,2.9
L100000102172,coal_power,2025-02-03,2,4.970000000000001,2.74
L100000102172,coal_power,2025-02-04,1,1.71,1.71
L100000102172,coal_power,2025-02-05,2,5.84,4.06
L100000102172,coal_power,2025-02-06,1,2.66,2.66
L100000102172,coal_power,2025-02-07,1,2.96,2.96
L100000102172,coal_power,2025-02-08,1,1.02,1.02
L100000102172,coal_power,2025-02-09,1,1.95,1.95
L100000102172,coal_power,2025-02-11,2,3.21,2.03
L100000102172,coal_power,2025-02-12,2,5.65,3.07
L100000102172,coal_power,2025-02-13,1,3.02,3.02
L100000102172,coal_power,2025-02-14,1,1.84,1.84
L100000102172,coal_power,2025-02-15,1,1.68,1.68
L100000102172,coal_power,2025-02-16,1,1.67,1.67
L100000102172,coal_power,2025-02-17,1,1.95,1.95
L100000102172,coal_power,2025-02-18,2,3.26,1.9
L100000102172,coal_power,2025-02-19,1,1.59,1.59
L100000102172,coal_power,2025-02-20,1,2.31,2.31
L100000102172,coal_power,2025-02-21,2,1.96,0.99
L100000102172,coal_power,2025-02-22,1,1.56,1.56
L100000102172,coal_power,2025-02-23,1,1.42,1.42
L100000102172,coal_power,2025-02-24,2,2.72,1.36
L100000102172,coal_power,2025-02-25,2,2.48,1.24
L100000102172,coal_power,2025-02-26,1,1.72,1.72
L100000102172,coal_power,2025-02-28,1,1.4,1.4
L100000102172,coal_power,2025-03-01,1,2.18,2.18
L100000102172,coal_power,2025-03-02,1,2.57,2.57
L100000102172,coal_power,2025-03-03,1,1.98,1.98
L100000102172,coal_power,2025-03-04,1,2.06,2.06
L100000102172,coal_power,2025-03-05,1,1.69,1.69
L100000102172,coal_power,2025-03-06,2,2.08,1.04
L100000102172,coal_power,2025-03-07,1,2.7,2.7
L100000102172,coal_power,2025-03-08,2,4.33,2.8
L100000102172,coal_power,2025-03-09,1,1.35,1.35
L100000102172,coal_power,2025-03-10,1,2.42,2.42
L100000102172,coal_power,2025-03-11,1,1.62,1.62
L100000102172,coal_power,2025-03-12,2,3.04,1.52
L100000102172,coal_power,2025-03-13,2,5.57,3.52
L100000102172,coal_power,2025-03-14,1,2.26,2.26
L100000102172,coal_power,2025-03-15,1,2.74,2.74
L100000102172,coal_power,2025-03-16,1,1.67,1.67
L100000102172,coal_power,2025-03-17,2,4.71,3.02
L100000102172,coal_power,2025-03-18,1,3.46,3.46
L100000102172,coal_power,2025-03-19,1,1.92,1.92
L100000102172,coal_power,2025-03-20,1,0.9,0.9
L100000102172,coal_power,2025-03-22,1,1.83,1.83
L100000102172,coal_power,2025-03-23,1,2.78,2.78
L100000102172,coal_power,2025-03-24,1,1.85,1.85
L100000102172,coal_power,2025-03-26,1,2.42,2.42
L100000102172,coal_power,2025-03-27,1,3.12,3.12
L100000102172,coal_power,2025-03-28,2,3.18,1.59
L100000102172,coal_power,2025-03-29,2,5.5,3.08
L100000102172,coal_power,2025-03-30,2,5.26,2.85
L100000102172,coal_power,2025-03-31,1,3.07,3.07
L100000102172,coal_power,2025-04-01,1,2.94,2.94
L100000102172,coal_power,2025-04-02,1,0.93,0.93
L100000102172,coal_power,2025-04-04,1,1.74,1.74
L100000102172,coal_power,2025-04-08,1,3.77,3.77
L100000102172,coal_power,2025-04-11,1,2.02,2.02
L100000102172,coal_power,2025-04-18,2,2.99,1.67
L100000102172,coal_power,2025-04-19,1,1.92,1.92
L100000102172,coal_power,2025-04-20,1,2.31,2.31
L100000102172,coal_power,2025-04-21,1,1.69,1.69
L100000102172,coal_power,2025-04-22,2,4.25,2.26
L100000102172,coal_power,2025-04-23,1,2.27,2.27
L100000102172,coal_power,2025-04-28,1,1.23,1.23
L100000102172,coal_power,2025-04-29,2,2.18,1.09
L100000102172,coal_power,2025-04-30,1,2.07,2.07
L100000102172,coal_power,2025-05-01,1,1.25,1.25
L100000102172,coal_power,2025-05-02,2,4.51,2.33
L100000102172,coal_power,2025-05-03,1,1.85,1.85
L100000102172,coal_power,2025-05-04,2,2.42,1.21
L100000102172,coal_power,2025-05-05,1,1.85,1.85
L100000102172,coal_power,2025-05-06,1,1.42,1.42
L100000102172,coal_power,2025-05-09,1,1.29,1.29
L100000102172,coal_power,2025-05-11,1,6.9,6.9
L100000102172,coal_power,2025-05-25,2,1.28,0.64
L100000102172,coal_power,2025-05-29,1,0.7,0.7
L100000102172,coal_power,2025-06-01,2,5.8,2.94
L100000102172,coal_power,2025-06-05,1,3.32,3.32
L100000102172,coal_power,2025-06-06,1,1.27,1.27
L100000102172,coal_power,2025-06-08,1,1.21,1.21
L100000102172,coal_power,2025-06-09,1,3.03,3.03
L100000102172,coal_power,2025-06-10,1,1.35,1.35
L100000102172,coal_power,2025-06-14,1,3.31,3.31
L100000102172,coal_power,2025-07-18,1,2.77,2.77
L100000102172,coal_power,2025-08-09,1,2.24,2.24
L100000102172,coal_power,2025-08-13,1,0.5,0.5
L100000102172,coal_power,2025-08-15,2,1.56,0.78
L100000102172,coal_power,2025-08-17,1,1.08,1.08
L100000102172,coal_power,2025-08-18,2,2.92,1.46
L100000102172,coal_power,2025-08-27,2,2.01,1.14
L100000102172,coal_power,2025-08-30,1,2.85,2.85
L100000102172,coal_power,2025-09-13,1,0.98,0.98
L100000102172,coal_power,2025-09-19,2,1.64,0.82
L100000102172,coal_power,2025-09-24,1,1.0,1.0
L100000102172,coal_power,2025-09-25,1,1.47,1.47
L100000102172,coal_power,2025-09-27,1,1.41,1.41
L100000102172,coal_power,2025-09-28,1,0.87,0.87
L100000102172,coal_power,2025-09-29,1,1.34,1.34
L100000102172,coal_power,2025-10-09,1,1.79,1.79
L100000102172,coal_power,2025-10-11,1,1.42,1.42
L100000102172,coal_power,2025-10-12,1,2.28,2.28
L100000102172,coal_power,2025-10-13,1,1.68,1.68
L100000102172,coal_power,2025-10-14,3,3.24,1.18
L100000102172,coal_power,2025-10-16,2,2.74,1.37
L100000102172,coal_power,2025-10-17,2,2.66,1.33
L100000102172,coal_power,2025-10-18,1,1.12,1.12
L100000102172,coal_power,2025-10-19,1,1.45,1.45
L100000102172,coal_power,2025-10-20,1,1.76,1.76
L100000102172,coal_power,2025-10-21,1,2.84,2.84
L100000102172,coal_power,2025-10-22,2,5.47,4.22
L100000102172,coal_power,2025-10-23,1,1.19,1.19
L100000102172,coal_power,2025-11-01,1,2.47,2.47
L100000102172,coal_power,2025-11-02,2,2.64,1.32
L100000102172,coal_power,2025-11-03,2,5.08,2.54
L100000102172,coal_power,2025-11-04,1,1.51,1.51
L100000102172,coal_power,2025-11-05,2,2.2,1.1
L100000102172,coal_power,2025-11-07,2,6.26,4.07
L100000102172,coal_power,2025-11-08,2,5.18,3.03
L100000102172,coal_power,2025-11-09,1,1.49,1.49
L100000102172,coal_power,2025-11-12,1,0.86,0.86
L100000102172,coal_power,2025-11-13,1,1.9,1.9
L100000102172,coal_power,2025-11-14,2,3.13,1.61
L100000102172,coal_power,2025-11-15,1,0.55,0.55
L100000102172,coal_power,2025-11-16,1,2.23,2.23
L100000102172,coal_power,2025-11-17,2,1.76,0.92
L100000102172,coal_power,2025-11-18,1,2.68,2.68
L100000102172,coal_power,2025-11-21,1,2.23,2.23
L100000102172,coal_power,2025-11-22,1,1.28,1.28
L100000102172,coal_power,2025-11-23,1,0.92,0.92
L100000102172,coal_power,2025-11-24,1,1.82,1.82
L100000102172,coal_power,2025-11-25,2,2.4,1.57
L100000102172,coal_power,2025-11-26,1,1.89,1.89
L100000102172,coal_power,2025-11-28,1,2.06,2.06
L100000102172,coal_power,2025-11-29,1,1.27,1.27
L100000102172,coal_power,2025-12-01,1,0.82,0.82
L100000102172,coal_power,2025-12-02,1,1.52,1.52
L100000102172,coal_power,2025-12-03,1,2.18,2.18
L100000102172,coal_power,2025-12-04,1,2.5,2.5
L100000102172,coal_power,2025-12-05,1,1.32,1.32
L100000102172,coal_power,2025-12-06,1,1.4,1.4
L100000102172,coal_power,2025-12-07,1,2.15,2.15
L100000102172,coal_power,2025-12-10,1,1.5,1.5
L100000102172,coal_power,2025-12-13,1,2.52,2.52
L100000102172,coal_power,2025-12-14,2,1.72,0.86
L100000102172,coal_power,2025-12-15,2,2.7800000000000002,1.45
L100000102172,coal_power,2025-12-16,1,0.7,0.7
L100000102172,coal_power,2025-12-17,1,1.29,1.29
L100000102172,coal_power,2025-12-18,1,1.72,1.72
L100000102172,coal_power,2025-12-19,2,2.51,1.57
L100000102172,coal_power,2025-12-20,1,1.3,1.3
L100000102172,coal_power,2025-12-21,1,2.31,2.31
L100000102172,coal_power,2025-12-23,2,2.6,1.84
L100000102172,coal_power,2025-12-24,1,2.73,2.73
L100000102172,coal_power,2025-12-25,1,2.01,2.01
L100000102172,coal_power,2025-12-26,2,3.26,2.42
L100000102172,coal_power,2025-12-27,1,1.64,1.64
L100000102172,coal_power,2025-12-28,1,1.67,1.67
L100000102172,coal_power,2025-12-29,1,1.72,1.72
L100000102172,coal_power,2025-12-30,2,2.16,1.08
L100000102172,coal_power,2025-12-31,2,1.8,1.0
L100000102173,coal_power,2025-01-18,1,1.49,1.49
L100000102174,coal_power,2025-01-04,1,0.56,0.56
L100000102174,coal_power,2025-03-01,1,0.65,0.65
L100000102174,coal_power,2025-03-06,1,0.31,0.31
L100000102174,coal_power,2025-03-11,1,1.0,1.0
L100000102174,coal_power,2025-04-07,1,3.03,3.03
L100000102174,coal_power,2025-04-18,1,1.68,1.68
L100000102174,coal_power,2025-05-01,2,1.36,0.68
L100000102174,coal_power,2025-05-08,1,1.64,1.64
L100000102175,coal_power,2025-01-01,1,0.54,0.54
L100000102175,coal_power,2025-01-05,1,1.77,1.77
L100000102175,coal_power,2025-01-06,2,1.06,0.53
L100000102175,coal_power,2025-01-09,1,0.65,0.65
L100000102175,coal_power,2025-01-10,1,1.04,1.04
L100000102175,coal_power,2025-01-11,1,0.67,0.67
L100000102175,coal_power,2025-01-13,1,1.96,1.96
L100000102175,coal_power,2025-01-17,2,1.47,0.74
L100000102175,coal_power,2025-01-18,1,1.42,1.42
L100000102175,coal_power,2025-01-22,1,0.99,0.99
L100000102175,coal_power,2025-01-28,2,3.44,2.52
L100000102175,coal_power,2025-02-02,1,0.97,0.97
L100000102175,coal_power,2025-02-05,1,1.22,1.22
L100000102175,coal_power,2025-02-06,1,1.69,1.69
L100000102175,coal_power,2025-02-07,2,3.17,2.64
L100000102175,coal_power,2025-02-11,3,6.18,2.93
L100000102175,coal_power,2025-02-12,2,3.88,2.77
L100000102175,coal_power,2025-02-17,1,2.41,2.41
L100000102175,coal_power,2025-02-18,1,0.98,0.98
L100000102175,coal_power,2025-02-23,2,4.78,3.64
L100000102175,coal_power,2025-03-04,1,0.45,0.45
L100000102175,coal_power,2025-03-10,1,2.04,2.04
L100000102175,coal_power,2025-03-28,1,1.03,1.03
L100000102175,coal_power,2025-04-01,1,1.43,1.43
L100000102175,coal_power,2025-04-06,1,1.2,1.2
L100000102175,coal_power,2025-04-07,1,1.52,1.52
L100000102175,coal_power,2025-04-08,1,0.73,0.73
L100000102175,coal_power,2025-04-12,1,1.49,1.49
L100000102175,coal_power,2025-04-18,1,0.75,0.75
L100000102175,coal_power,2025-04-21,1,1.98,1.98
L100000102175,coal_power,2025-04-23,1,1.71,1.71
L100000102175,coal_power,2025-04-27,1,0.75,0.75
L100000102175,coal_power,2025-04-28,1,0.83,0.83
L100000102175,coal_power,2025-05-03,1,0.54,0.54
L100000102175,coal_power,2025-05-06,1,1.57,1.57
L100000102175,coal_power,2025-05-09,2,3.4899999999999998,2.07
L100000102175,coal_power,2025-05-10,3,5.59,3.59
L100000102175,coal_power,2025-05-14,1,2.09,2.09
L100000102175,coal_power,2025-05-25,1,0.55,0.55
L100000102175,coal_power,2025-05-30,1,2.86,2.86
L100000102175,coal_power,2025-06-16,2,7.34,6.76
L100000102175,coal_power,2025-08-01,1,2.51,2.51
L100000102175,coal_power,2025-08-02,1,0.98,0.98
L100000102175,coal_power,2025-08-30,1,1.39,1.39
L100000102175,coal_power,2025-09-09,1,3.87,3.87
L100000102175,coal_power,2025-09-19,2,2.08,1.18
L100000102175,coal_power,2025-09-21,1,1.06,1.06
L100000102175,coal_power,2025-09-25,1,1.2,1.2
L100000102175,coal_power,2025-10-10,1,1.97,1.97
L100000102175,coal_power,2025-10-11,1,1.03,1.03
L100000102175,coal_power,2025-10-14,2,1.8599999999999999,0.98
L100000102175,coal_power,2025-10-15,1,1.62,1.62
L100000102175,coal_power,2025-10-16,2,2.52,1.69
L100000102175,coal_power,2025-10-17,2,2.66,1.33
L100000102175,coal_power,2025-10-18,1,2.26,2.26
L100000102175,coal_power,2025-10-20,2,1.24,0.62
L100000102175,coal_power,2025-10-22,1,1.9,1.9
L100000102175,coal_power,2025-10-26,1,0.8,0.8
L100000102175,coal_power,2025-11-01,3,2.79,1.05
L100000102175,coal_power,2025-11-05,1,1.29,1.29
L100000102175,coal_power,2025-11-06,2,3.0,1.97
L100000102175,coal_power,2025-11-07,1,1.7,1.7
L100000102175,coal_power,2025-11-09,1,1.1,1.1
L100000102175,coal_power,2025-11-10,1,2.18,2.18
L100000102175,coal_power,2025-11-11,1,4.34,4.34
L100000102175,coal_power,2025-11-12,3,2.66,1.04
L100000102175,coal_power,2025-11-13,1,1.96,1.96
L100000102175,coal_power,2025-11-14,2,1.81,1.05
L100000102175,coal_power,2025-11-15,1,0.82,0.82
L100000102175,coal_power,2025-11-16,1,1.79,1.79
L100000102175,coal_power,2025-11-17,3,2.94,1.14
L100000102175,coal_power,2025-11-18,1,1.12,1.12
L100000102175,coal_power,2025-11-19,1,1.42,1.42
L100000102175,coal_power,2025-11-20,2,2.83,1.67
L100000102175,coal_power,2025-11-21,2,2.84,2.31
L100000102175,coal_power,2025-11-22,1,1.18,1.18
L100000102175,coal_power,2025-11-23,1,0.67,0.67
L100000102175,coal_power,2025-11-25,2,2.7800000000000002,1.8
L100000102175,coal_power,2025-11-26,1,1.52,1.52
L100000102175,coal_power,2025-11-27,3,2.56,1.16
L100000102175,coal_power,2025-11-28,3,2.03,0.86
L100000102175,coal_power,2025-11-29,1,1.21,1.21
L100000102175,coal_power,2025-12-01,2,1.96,1.13
L100000102175,coal_power,2025-12-02,1,1.91,1.91
L100000102175,coal_power,2025-12-03,2,1.52,0.76
L100000102175,coal_power,2025-12-04,1,1.23,1.23
L100000102175,coal_power,2025-12-05,2,1.7,0.95
L100000102175,coal_power,2025-12-07,4,4.37,1.6
L100000102175,coal_power,2025-12-08,2,2.34,1.61
L100000102175,coal_power,2025-12-09,2,3.04,1.76
L100000102175,coal_power,2025-12-10,1,1.25,1.25
L100000102175,coal_power,2025-12-12,3,2.2,1.14
L100000102175,coal_power,2025-12-13,2,2.17,1.09
L100000102175,coal_power,2025-12-14,2,2.17,1.64
L100000102175,coal_power,2025-12-15,1,1.14,1.14
L100000102175,coal_power,2025-12-17,2,1.4300000000000002,1.07
L100000102175,coal_power,2025-12-18,2,1.54,0.77
L100000102175,coal_power,2025-12-19,2,1.52,0.76
L100000102175,coal_power,2025-12-20,1,1.0,1.0
L100000102175,coal_power,2025-12-21,1,1.41,1.41
L100000102175,coal_power,2025-12-22,1,0.78,0.78
L100000102175,coal_power,2025-12-23,1,1.27,1.27
L100000102175,coal_power,2025-12-24,2,2.31,1.27
L100000102175,coal_power,2025-12-25,1,0.63,0.63
L100000102175,coal_power,2025-12-27,1,1.39,1.39
L100000102175,coal_power,2025-12-29,2,4.24,2.12
L100000102175,coal_power,2025-12-30,2,2.33,1.55
L100000102175,coal_power,2025-12-31,1,3.77,3.77
L100000102177,coal_power,2025-03-04,1,1.75,1.75
L100000102178,coal_power,2025-01-01,1,2.0,2.0
L100000102178,coal_power,2025-01-04,1,0.89,0.89
L100000102178,coal_power,2025-01-05,1,2.19,2.19
L100000102178,coal_power,2025-01-06,2,3.29,1.7
L100000102178,coal_power,2025-01-07,1,1.7,1.7
L100000102178,coal_power,2025-01-10,1,0.81,0.81
L100000102178,coal_power,2025-01-11,1,1.65,1.65
L100000102178,coal_power,2025-01-16,1,1.69,1.69
L100000102178,coal_power,2025-01-17,1,1.57,1.57
L100000102178,coal_power,2025-01-18,2,1.75,0.91
L100000102178,coal_power,2025-01-20,1,0.73,0.73
L100000102178,coal_power,2025-01-21,1,1.93,1.93
L100000102178,coal_power,2025-01-22,1,1.91,1.91
L100000102178,coal_power,2025-01-23,1,1.33,1.33
L100000102178,coal_power,2025-01-26,2,2.14,1.07
L100000102178,coal_power,2025-01-27,1,2.34,2.34
L100000102178,coal_power,2025-01-29,1,1.69,1.69
L100000102178,coal_power,2025-01-31,1,1.97,1.97
L100000102178,coal_power,2025-02-01,2,2.72,1.36
L100000102178,coal_power,2025-02-03,2,4.46,2.31
L100000102178,coal_power,2025-02-05,1,1.98,1.98
L100000102178,coal_power,2025-02-06,1,2.29,2.29
L100000102178,coal_power,2025-02-07,2,3.8899999999999997,2.15
L100000102178,coal_power,2025-02-08,1,1.43,1.43
L100000102178,coal_power,2025-02-11,2,2.8,1.4
L100000102178,coal_power,2025-02-13,1,1.37,1.37
L100000102178,coal_power,2025-02-16,1,1.8,1.8
L100000102178,coal_power,2025-02-17,1,2.29,2.29
L100000102178,coal_power,2025-02-18,2,3.03,2.07
L100000102178,coal_power,2025-02-19,2,3.16,1.65
L100000102178,coal_power,2025-02-21,1,1.36,1.36
L100000102178,coal_power,2025-02-22,2,5.51,2.79
L100000102178,coal_power,2025-02-23,1,1.93,1.93
L100000102178,coal_power,2025-02-24,1,1.96,1.96
L100000102178,coal_power,2025-02-27,1,1.6,1.6
L100000102178,coal_power,2025-02-28,1,0.57,0.57
L100000102178,coal_power,2025-03-01,1,2.01,2.01
L100000102178,coal_power,2025-03-04,2,1.88,0.94
L100000102178,coal_power,2025-03-05,2,3.32,1.66
L100000102178,coal_power,2025-03-09,1,0.77,0.77
L100000102178,coal_power,2025-03-10,1,2.19,2.19
L100000102178,coal_power,2025-03-11,1,3.0,3.0
L100000102178,coal_power,2025-03-12,1,1.73,1.73
L100000102178,coal_power,2025-03-15,2,3.04,1.71
L100000102178,coal_power,2025-03-16,2,3.3899999999999997,1.76
L100000102178,coal_power,2025-03-20,1,1.02,1.02
L100000102178,coal_power,2025-03-21,1,1.74,1.74
L100000102178,coal_power,2025-03-25,1,1.52,1.52
L100000102178,coal_power,2025-03-26,1,3.1,3.1
L100000102178,coal_power,2025-03-27,1,2.22,2.22
L100000102178,coal_power,2025-03-31,1,2.3,2.3
L100000102178,coal_power,2025-04-01,1,1.79,1.79
L100000102178,coal_power,2025-04-02,1,1.68,1.68
L100000102178,coal_power,2025-04-05,1,2.12,2.12
L100000102178,coal_power,2025-04-06,1,2.59,2.59
L100000102178,coal_power,2025-04-10,1,1.43,1.43
L100000102178,coal_power,2025-04-13,1,1.57,1.57
L100000102178,coal_power,2025-04-16,1,2.31,2.31
L100000102178,coal_power,2025-04-17,1,2.77,2.77
L100000102178,coal_power,2025-04-21,1,2.56,2.56
L100000102178,coal_power,2025-04-22,1,2.03,2.03
L100000102178,coal_power,2025-04-23,1,2.85,2.85
L100000102178,coal_power,2025-04-27,1,1.96,1.96
L100000102178,coal_power,2025-04-28,1,1.94,1.94
L100000102178,coal_power,2025-05-02,1,2.82,2.82
L100000102178,coal_power,2025-05-04,1,0.81,0.81
L100000102178,coal_power,2025-05-13,1,1.9,1.9
L100000102178,coal_power,2025-05-14,1,3.37,3.37
L100000102178,coal_power,2025-05-18,1,1.74,1.74
L100000102178,coal_power,2025-05-20,1,1.91,1.91
L100000102178,coal_power,2025-05-23,1,2.01,2.01
L100000102178,coal_power,2025-05-24,2,4.1899999999999995,2.56
L100000102178,coal_power,2025-05-29,1,1.88,1.88
L100000102178,coal_power,2025-06-03,1,1.88,1.88
L100000102178,coal_power,2025-06-04,1,1.61,1.61
L100000102178,coal_power,2025-06-05,1,1.83,1.83
L100000102178,coal_power,2025-06-08,1,1.55,1.55
L100000102178,coal_power,2025-06-09,1,3.01,3.01
L100000102178,coal_power,2025-06-10,1,2.77,2.77
L100000102178,coal_power,2025-06-30,1,1.36,1.36
L100000102178,coal_power,2025-07-12,1,1.39,1.39
L100000102178,coal_power,2025-07-16,1,0.98,0.98
L100000102178,coal_power,2025-07-21,1,0.83,0.83
L100000102178,coal_power,2025-08-02,1,1.55,1.55
L100000102178,coal_power,2025-08-06,1,0.49,0.49
L100000102178,coal_power,2025-08-07,1,1.03,1.03
L100000102178,coal_power,2025-08-18,2,3.7399999999999998,2.01
L100000102178,coal_power,2025-09-25,1,1.55,1.55
L100000102178,coal_power,2025-09-28,1,1.14,1.14
L100000102178,coal_power,2025-09-29,1,2.07,2.07
L100000102178,coal_power,2025-10-04,1,0.94,0.94
L100000102178,coal_power,2025-10-05,1,1.11,1.11
L100000102178,coal_power,2025-10-09,2,1.94,0.97
L100000102178,coal_power,2025-10-10,1,1.94,1.94
L100000102178,coal_power,2025-10-11,2,2.3,1.22
L100000102178,coal_power,2025-10-14,1,1.82,1.82
L100000102178,coal_power,2025-10-15,1,1.19,1.19
L100000102178,coal_power,2025-10-16,1,1.29,1.29
L100000102178,coal_power,2025-10-19,1,0.91,0.91
L100000102178,coal_power,2025-10-20,1,2.03,2.03
L100000102178,coal_power,2025-10-21,1,2.11,2.11
L100000102178,coal_power,2025-10-22,1,0.98,0.98
L100000102178,coal_power,2025-10-25,1,2.01,2.01
L100000102178,coal_power,2025-11-10,1,0.8,0.8
L100000102178,coal_power,2025-11-15,1,1.96,1.96
L100000102178,coal_power,2025-11-16,1,1.89,1.89
L100000102178,coal_power,2025-11-17,1,1.44,1.44
L100000102178,coal_power,2025-11-20,1,1.34,1.34
L100000102178,coal_power,2025-11-21,1,1.66,1.66
L100000102178,coal_power,2025-11-22,1,1.14,1.14
L100000102178,coal_power,2025-11-26,1,1.54,1.54
L100000102178,coal_power,2025-11-27,1,1.65,1.65
L100000102178,coal_power,2025-12-01,1,1.12,1.12
L100000102178,coal_power,2025-12-02,1,1.47,1.47
L100000102178,coal_power,2025-12-03,1,1.16,1.16
L100000102178,coal_power,2025-12-06,1,0.86,0.86
L100000102178,coal_power,2025-12-07,1,1.78,1.78
L100000102178,coal_power,2025-12-08,1,1.6,1.6
L100000102178,coal_power,2025-12-09,1,1.62,1.62
L100000102178,coal_power,2025-12-12,1,1.69,1.69
L100000102178,coal_power,2025-12-13,2,2.73,1.45
L100000102178,coal_power,2025-12-14,1,0.97,0.97
L100000102178,coal_power,2025-12-17,1,1.36,1.36
L100000102178,coal_power,2025-12-18,1,2.11,2.11
L100000102178,coal_power,2025-12-19,1,1.72,1.72
L100000102178,coal_power,2025-12-22,1,1.2,1.2
L100000102178,coal_power,2025-12-23,2,2.5700000000000003,1.8
L100000102178,coal_power,2025-12-24,1,1.44,1.44
L100000102178,coal_power,2025-12-25,1,1.14,1.14
L100000102178,coal_power,2025-12-28,1,0.65,0.65
L100000102178,coal_power,2025-12-29,1,2.25,2.25
L100000102179,coal_power,2025-03-03,1,4.23,4.23
L100000102181,coal_power,2025-01-17,1,5.03,5.03
L100000102181,coal_power,2025-03-27,1,8.96,8.96
L100000102182,coal_power,2025-01-20,1,3.9,3.9
L100000102183,coal_power,2025-01-01,1,1.08,1.08
L100000102183,coal_power,2025-01-02,1,1.3,1.3
L100000102183,coal_power,2025-01-03,2,2.9299999999999997,1.72
L100000102183,coal_power,2025-01-04,2,4.4,3.1
L100000102183,coal_power,2025-01-05,1,1.29,1.29
L100000102183,coal_power,2025-01-06,1,1.38,1.38
L100000102183,coal_power,2025-01-07,1,1.45,1.45
L100000102183,coal_power,2025-01-09,2,3.95,2.36
L100000102183,coal_power,2025-01-10,2,3.3200000000000003,2.0
L100000102183,coal_power,2025-01-11,1,1.43,1.43
L100000102183,coal_power,2025-01-13,1,1.51,1.51
L100000102183,coal_power,2025-01-14,4,5.93,1.95
L100000102183,coal_power,2025-01-17,1,1.31,1.31
L100000102183,coal_power,2025-01-18,1,1.59,1.59
L100000102183,coal_power,2025-01-19,1,1.52,1.52
L100000102183,coal_power,2025-01-21,1,0.95,0.95
L100000102183,coal_power,2025-01-22,2,2.58,1.76
L100000102183,coal_power,2025-01-23,1,1.24,1.24
L100000102183,coal_power,2025-01-24,1,2.06,2.06
L100000102183,coal_power,2025-01-25,1,1.31,1.31
L100000102183,coal_power,2025-01-26,1,1.5,1.5
L100000102183,coal_power,2025-01-27,1,1.48,1.48
L100000102183,coal_power,2025-01-28,1,1.23,1.23
L100000102183,coal_power,2025-01-29,1,1.31,1.31
L100000102183,coal_power,2025-01-30,1,1.65,1.65
L100000102183,coal_power,2025-01-31,1,0.85,0.85
L100000102183,coal_power,2025-02-01,1,1.88,1.88
L100000102183,coal_power,2025-02-02,1,2.51,2.51
L100000102183,coal_power,2025-02-03,1,2.41,2.41
L100000102183,coal_power,2025-02-04,1,1.98,1.98
L100000102183,coal_power,2025-02-05,2,2.88,1.95
L100000102183,coal_power,2025-02-06,2,4.18,2.2
L100000102183,coal_power,2025-02-07,1,2.21,2.21
L100000102183,coal_power,2025-02-08,1,1.37,1.37
L100000102183,coal_power,2025-02-09,2,4.03,2.19
L100000102183,coal_power,2025-02-12,1,2.37,2.37
L100000102183,coal_power,2025-02-13,1,1.28,1.28
L100000102183,coal_power,2025-02-14,1,2.46,2.46
L100000102183,coal_power,2025-02-15,2,3.9799999999999995,2.03
L100000102183,coal_power,2025-02-16,1,1.07,1.07
L100000102183,coal_power,2025-02-17,1,1.97,1.97
L100000102183,coal_power,2025-02-18,2,1.64,0.82
L100000102183,coal_power,2025-02-19,1,1.38,1.38
L100000102183,coal_power,2025-02-20,2,1.92,0.96
L100000102183,coal_power,2025-02-21,3,5.3,1.89
L100000102183,coal_power,2025-02-22,1,1.9,1.9
L100000102183,coal_power,2025-02-23,1,1.73,1.73
L100000102183,coal_power,2025-02-24,2,2.24,1.25
L100000102183,coal_power,2025-02-25,1,1.23,1.23
L100000102183,coal_power,2025-02-26,2,3.5,1.88
L100000102183,coal_power,2025-02-27,1,0.85,0.85
L100000102183,coal_power,2025-02-28,1,2.04,2.04
L100000102183,coal_power,2025-03-01,2,2.46,1.5
L100000102183,coal_power,2025-03-02,1,3.37,3.37
L100000102183,coal_power,2025-03-03,2,2.18,1.28
L100000102183,coal_power,2025-03-04,1,1.42,1.42
L100000102183,coal_power,2025-03-05,1,1.87,1.87
L100000102183,coal_power,2025-03-06,2,2.03,1.17
L100000102183,coal_power,2025-03-07,1,1.67,1.67
L100000102183,coal_power,2025-03-08,4,7.279999999999999,2.01
L100000102183,coal_power,2025-03-09,1,1.38,1.38
L100000102183,coal_power,2025-03-10,1,2.24,2.24
L100000102183,coal_power,2025-03-11,1,1.49,1.49
L100000102183,coal_power,2025-03-12,1,1.66,1.66
L100000102183,coal_power,2025-03-13,1,2.79,2.79
L100000102183,coal_power,2025-03-14,1,1.96,1.96
L100000102183,coal_power,2025-03-15,1,1.69,1.69
L100000102183,coal_power,2025-03-17,2,1.94,0.97
L100000102183,coal_power,2025-03-19,3,6.6000000000000005,2.24
L100000102183,coal_power,2025-03-23,2,2.88,1.6
L100000102183,coal_power,2025-03-24,1,1.83,1.83
L100000102183,coal_power,2025-03-25,1,1.82,1.82
L100000102183,coal_power,2025-03-26,1,1.69,1.69
L100000102183,coal_power,2025-03-27,1,1.25,1.25
L100000102183,coal_power,2025-03-28,2,4.5,2.31
L100000102183,coal_power,2025-03-29,2,5.0600000000000005,2.59
L100000102183,coal_power,2025-03-30,2,3.69,1.89
L100000102183,coal_power,2025-03-31,1,2.11,2.11
L100000102183,coal_power,2025-04-01,2,3.15,1.93
L100000102183,coal_power,2025-04-04,1,1.45,1.45
L100000102183,coal_power,2025-04-06,1,2.73,2.73
L100000102183,coal_power,2025-04-07,2,3.54,1.77
L100000102183,coal_power,2025-04-08,1,2.23,2.23
L100000102183,coal_power,2025-04-10,2,2.03,1.21
L100000102183,coal_power,2025-04-13,2,4.18,2.28
L100000102183,coal_power,2025-04-15,1,1.6,1.6
L100000102183,coal_power,2025-04-17,1,1.68,1.68
L100000102183,coal_power,2025-04-19,1,1.56,1.56
L100000102183,coal_power,2025-04-24,1,2.45,2.45
L100000102183,coal_power,2025-04-25,1,2.84,2.84
L100000102183,coal_power,2025-04-27,1,1.14,1.14
L100000102183,coal_power,2025-04-28,1,0.87,0.87
L100000102183,coal_power,2025-05-01,3,2.79,1.05
L100000102183,coal_power,2025-05-02,1,1.88,1.88
L100000102183,coal_power,2025-05-03,2,1.78,0.97
L100000102183,coal_power,2025-05-06,1,1.27,1.27
L100000102183,coal_power,2025-05-07,1,1.49,1.49
L100000102183,coal_power,2025-05-09,1,1.81,1.81
L100000102183,coal_power,2025-05-25,1,0.87,0.87
L100000102183,coal_power,2025-05-31,2,0.92,0.46
L100000102183,coal_power,2025-06-03,2,4.77,2.4
L100000102183,coal_power,2025-06-06,1,1.55,1.55
L100000102183,coal_power,2025-06-07,3,7.449999999999999,2.73
L100000102183,coal_power,2025-06-08,1,5.84,5.84
L100000102183,coal_power,2025-06-11,1,1.36,1.36
L100000102183,coal_power,2025-06-12,1,1.73,1.73
L100000102183,coal_power,2025-06-14,1,1.33,1.33
L100000102183,coal_power,2025-06-16,1,1.17,1.17
L100000102183,coal_power,2025-08-02,1,0.87,0.87
L100000102183,coal_power,2025-08-09,1,2.55,2.55
L100000102183,coal_power,2025-09-18,1,1.55,1.55
L100000102183,coal_power,2025-09-19,1,0.96,0.96
L100000102183,coal_power,2025-09-25,1,0.82,0.82
L100000102183,coal_power,2025-10-10,1,0.98,0.98
L100000102183,coal_power,2025-10-12,1,1.19,1.19
L100000102183,coal_power,2025-10-13,1,1.69,1.69
L100000102183,coal_power,2025-10-14,2,1.7200000000000002,1.1
L100000102183,coal_power,2025-10-15,1,1.56,1.56
L100000102183,coal_power,2025-10-16,1,1.22,1.22
L100000102183,coal_power,2025-10-17,1,1.34,1.34
L100000102183,coal_power,2025-10-18,1,1.37,1.37
L100000102183,coal_power,2025-10-19,1,1.45,1.45
L100000102183,coal_power,2025-10-20,1,1.75,1.75
L100000102183,coal_power,2025-10-22,3,2.98,1.54
L100000102183,coal_power,2025-10-23,1,2.19,2.19
L100000102183,coal_power,2025-11-01,1,0.86,0.86
L100000102183,coal_power,2025-11-07,1,1.57,1.57
L100000102183,coal_power,2025-11-09,3,5.41,2.06
L100000102183,coal_power,2025-11-10,1,1.42,1.42
L100000102183,coal_power,2025-11-12,2,2.16,1.1
L100000102183,coal_power,2025-11-13,2,3.91,2.1
L100000102183,coal_power,2025-11-14,3,4.41,1.59
L100000102183,coal_power,2025-11-15,1,0.93,0.93
L100000102183,coal_power,2025-11-16,1,0.94,0.94
L100000102183,coal_power,2025-11-18,1,0.74,0.74
L100000102183,coal_power,2025-11-19,1,1.65,1.65
L100000102183,coal_power,2025-11-20,1,1.45,1.45
L100000102183,coal_power,2025-11-21,1,1.25,1.25
L100000102183,coal_power,2025-11-22,1,0.44,0.44
L100000102183,coal_power,2025-11-25,1,1.62,1.62
L100000102183,coal_power,2025-11-26,2,2.7,1.53
L100000102183,coal_power,2025-11-27,1,1.17,1.17
L100000102183,coal_power,2025-11-28,1,0.92,0.92
L100000102183,coal_power,2025-11-29,2,2.08,1.34
L100000102183,coal_power,2025-12-02,2,2.0500000000000003,1.12
L100000102183,coal_power,2025-12-03,1,0.63,0.63
L100000102183,coal_power,2025-12-05,1,1.4,1.4
L100000102183,coal_power,2025-12-07,2,1.48,0.74
L100000102183,coal_power,2025-12-08,1,1.12,1.12
L100000102183,coal_power,2025-12-09,1,1.07,1.07
L100000102183,coal_power,2025-12-10,1,1.66,1.66
L100000102183,coal_power,2025-12-11,2,2.69,1.64
L100000102183,coal_power,2025-12-12,1,1.14,1.14
L100000102183,coal_power,2025-12-13,1,1.4,1.4
L100000102183,coal_power,2025-12-14,1,1.42,1.42
L100000102183,coal_power,2025-12-15,1,1.04,1.04
L100000102183,coal_power,2025-12-16,2,3.15,1.7
L100000102183,coal_power,2025-12-17,1,0.96,0.96
L100000102183,coal_power,2025-12-18,1,1.17,1.17
L100000102183,coal_power,2025-12-19,1,1.25,1.25
L100000102183,coal_power,2025-12-20,2,5.88,5.09
L100000102183,coal_power,2025-12-21,1,1.2,1.2
L100000102183,coal_power,2025-12-22,1,1.12,1.12
L100000102183,coal_power,2025-12-23,2,2.94,1.95
L100000102183,coal_power,2025-12-24,1,1.01,1.01
L100000102183,coal_power,2025-12-25,1,1.43,1.43
L100000102183,coal_power,2025-12-26,1,1.66,1.66
L100000102183,coal_power,2025-12-27,4,7.63,2.14
L100000102183,coal_power,2025-12-28,1,2.01,2.01
L100000102183,coal_power,2025-12-29,1,1.32,1.32
L100000102183,coal_power,2025-12-30,1,1.86,1.86
L100000102183,coal_power,2025-12-31,1,1.43,1.43
L100000102184,coal_power,2025-01-01,1,1.32,1.32
L100000102184,coal_power,2025-01-07,2,2.66,1.34
L100000102184,coal_power,2025-01-11,2,1.81,1.04
L100000102184,coal_power,2025-01-12,1,1.21,1.21
L100000102184,coal_power,2025-01-13,1,1.08,1.08
L100000102184,coal_power,2025-01-22,1,1.23,1.23
L100000102184,coal_power,2025-01-28,1,1.36,1.36
L100000102184,coal_power,2025-02-02,1,1.09,1.09
L100000102184,coal_power,2025-02-06,1,1.78,1.78
L100000102184,coal_power,2025-02-09,1,2.87,2.87
L100000102184,coal_power,2025-02-10,2,2.7800000000000002,1.97
L100000102184,coal_power,2025-02-12,1,1.47,1.47
L100000102184,coal_power,2025-02-15,1,1.55,1.55
L100000102184,coal_power,2025-02-16,2,3.4299999999999997,1.72
L100000102184,coal_power,2025-02-18,1,1.57,1.57
L100000102184,coal_power,2025-02-19,1,1.15,1.15
L100000102184,coal_power,2025-02-21,3,6.0,2.56
L100000102184,coal_power,2025-02-23,1,1.44,1.44
L100000102184,coal_power,2025-02-24,1,1.82,1.82
L100000102184,coal_power,2025-03-03,1,2.33,2.33
L100000102184,coal_power,2025-03-04,1,1.22,1.22
L100000102184,coal_power,2025-03-06,1,1.43,1.43
L100000102184,coal_power,2025-03-08,1,0.98,0.98
L100000102184,coal_power,2025-03-17,1,1.52,1.52
L100000102184,coal_power,2025-03-23,1,1.48,1.48
L100000102184,coal_power,2025-03-24,1,2.58,2.58
L100000102184,coal_power,2025-03-26,1,1.62,1.62
L100000102184,coal_power,2025-03-27,1,1.62,1.62
L100000102184,coal_power,2025-03-28,1,2.49,2.49
L100000102184,coal_power,2025-03-30,1,1.76,1.76
L100000102184,coal_power,2025-04-01,1,1.63,1.63
L100000102184,coal_power,2025-04-07,1,2.5,2.5
L100000102184,coal_power,2025-04-17,2,2.94,1.55
L100000102184,coal_power,2025-04-18,1,1.39,1.39
L100000102184,coal_power,2025-04-23,2,4.99,2.51
L100000102184,coal_power,2025-04-27,1,1.21,1.21
L100000102184,coal_power,2025-04-28,2,1.67,0.9
L100000102184,coal_power,2025-05-03,1,0.88,0.88
L100000102184,coal_power,2025-05-07,1,1.65,1.65
L100000102184,coal_power,2025-05-10,1,3.18,3.18
L100000102184,coal_power,2025-05-25,1,0.92,0.92
L100000102184,coal_power,2025-06-14,1,1.23,1.23
L100000102184,coal_power,2025-10-10,2,2.13,1.12
L100000102184,coal_power,2025-10-11,1,0.93,0.93
L100000102184,coal_power,2025-10-16,1,1.39,1.39
L100000102184,coal_power,2025-10-20,1,1.18,1.18
L100000102184,coal_power,2025-11-01,1,1.02,1.02
L100000102184,coal_power,2025-11-03,1,0.89,0.89
L100000102184,coal_power,2025-11-04,1,1.79,1.79
L100000102184,coal_power,2025-11-06,2,3.0300000000000002,1.66
L100000102184,coal_power,2025-11-12,1,1.21,1.21
L100000102184,coal_power,2025-11-13,1,0.92,0.92
L100000102184,coal_power,2025-11-14,1,1.82,1.82
L100000102184,coal_power,2025-11-15,1,1.41,1.41
L100000102184,coal_power,2025-11-16,1,0.9,0.9
L100000102184,coal_power,2025-11-17,1,1.24,1.24
L100000102184,coal_power,2025-11-18,1,0.92,0.92
L100000102184,coal_power,2025-11-19,1,1.65,1.65
L100000102184,coal_power,2025-11-20,3,7.07,3.21
L100000102184,coal_power,2025-11-22,1,0.82,0.82
L100000102184,coal_power,2025-11-28,1,1.21,1.21
L100000102184,coal_power,2025-11-29,1,1.14,1.14
L100000102184,coal_power,2025-12-04,1,1.45,1.45
L100000102184,coal_power,2025-12-05,2,2.85,1.62
L100000102184,coal_power,2025-12-06,1,1.78,1.78
L100000102184,coal_power,2025-12-08,1,0.98,0.98
L100000102184,coal_power,2025-12-13,1,1.48,1.48
L100000102184,coal_power,2025-12-14,1,0.66,0.66
L100000102184,coal_power,2025-12-15,1,1.1,1.1
L100000102184,coal_power,2025-12-16,2,5.2,3.61
L100000102184,coal_power,2025-12-17,1,1.74,1.74
L100000102184,coal_power,2025-12-18,2,2.12,1.06
L100000102184,coal_power,2025-12-19,1,1.39,1.39
L100000102184,coal_power,2025-12-21,1,1.2,1.2
L100000102184,coal_power,2025-12-22,1,0.78,0.78
L100000102184,coal_power,2025-12-24,1,0.86,0.86
L100000102184,coal_power,2025-12-29,2,1.83,1.11
L100000102184,coal_power,2025-12-30,1,1.87,1.87
L100000102187,coal_power,2025-03-19,1,1.14,1.14
L100000102188,coal_power,2025-03-11,1,5.63,5.63
L100000102194,coal_power,2025-01-08,1,1.11,1.11
L100000102194,coal_power,2025-01-09,1,1.13,1.13
L100000102194,coal_power,2025-03-01,2,21.89,11.55
L100000102194,coal_power,2025-11-08,2,1.15,0.68
L100000102194,coal_power,2025-11-26,1,1.27,1.27
L100000102194,coal_power,2025-12-01,1,1.86,1.86
L100000102194,coal_power,2025-12-08,1,1.03,1.03
L100000102194,coal_power,2025-12-16,1,0.82,0.82
L100000102194,coal_power,2025-12-21,1,0.52,0.52
L100000102196,coal_power,2025-01-15,1,5.14,5.14
L100000102197,coal_power,2025-12-06,1,3.06,3.06
L100000102199,coal_power,2025-03-25,1,6.31,6.31
L100000102202,coal_power,2025-04-11,1,2.96,2.96
L100000102203,coal_power,2025-03-01,1,6.16,6.16
L100000102203,coal_power,2025-10-05,1,7.53,7.53
L100000102203,coal_power,2025-12-04,1,0.9,0.9
L100000102206,coal_power,2025-01-04,1,1.86,1.86
L100000102206,coal_power,2025-02-27,1,4.84,4.84
L100000102207,coal_power,2025-01-05,1,0.91,0.91
L100000102207,coal_power,2025-03-18,1,3.13,3.13
L100000102209,coal_power,2025-12-07,1,3.51,3.51
L100000102210,coal_power,2025-01-01,1,0.89,0.89
L100000102210,coal_power,2025-01-03,1,2.0,2.0
L100000102210,coal_power,2025-01-04,1,0.93,0.93
L100000102210,coal_power,2025-01-10,1,2.1,2.1
L100000102210,coal_power,2025-01-12,1,1.03,1.03
L100000102210,coal_power,2025-01-15,1,1.91,1.91
L100000102210,coal_power,2025-01-16,1,1.2,1.2
L100000102210,coal_power,2025-01-19,1,3.16,3.16
L100000102210,coal_power,2025-01-26,1,1.59,1.59
L100000102210,coal_power,2025-01-29,2,1.88,0.94
L100000102210,coal_power,2025-01-31,1,1.71,1.71
L100000102210,coal_power,2025-02-01,1,1.65,1.65
L100000102210,coal_power,2025-02-03,2,4.16,2.44
L100000102210,coal_power,2025-02-12,1,2.88,2.88
L100000102210,coal_power,2025-02-14,1,0.93,0.93
L100000102210,coal_power,2025-02-20,1,1.47,1.47
L100000102210,coal_power,2025-02-22,1,3.29,3.29
L100000102210,coal_power,2025-02-23,2,2.7800000000000002,1.49
L100000102210,coal_power,2025-02-28,1,2.7,2.7
L100000102210,coal_power,2025-03-06,1,2.35,2.35
L100000102210,coal_power,2025-03-07,1,1.75,1.75
L100000102210,coal_power,2025-03-09,1,2.22,2.22
L100000102210,coal_power,2025-03-15,1,1.2,1.2
L100000102210,coal_power,2025-03-23,1,3.17,3.17
L100000102210,coal_power,2025-03-25,1,1.5,1.5
L100000102210,coal_power,2025-04-08,1,2.3,2.3
L100000102210,coal_power,2025-04-17,1,0.64,0.64
L100000102210,coal_power,2025-05-02,1,2.62,2.62
L100000102210,coal_power,2025-05-10,1,1.28,1.28
L100000102210,coal_power,2025-05-15,1,3.77,3.77
L100000102210,coal_power,2025-05-18,1,1.22,1.22
L100000102210,coal_power,2025-09-12,1,3.73,3.73
L100000102210,coal_power,2025-09-18,1,1.62,1.62
L100000102210,coal_power,2025-10-08,1,3.5,3.5
L100000102210,coal_power,2025-10-13,2,6.7,4.69
L100000102210,coal_power,2025-10-14,1,1.4,1.4
L100000102210,coal_power,2025-10-15,1,2.31,2.31
L100000102210,coal_power,2025-10-17,2,5.1,2.75
L100000102210,coal_power,2025-10-20,1,2.78,2.78
L100000102210,coal_power,2025-10-22,1,1.72,1.72
L100000102210,coal_power,2025-10-23,2,4.27,2.31
L100000102210,coal_power,2025-11-03,1,2.31,2.31
L100000102210,coal_power,2025-11-05,1,1.82,1.82
L100000102210,coal_power,2025-11-07,1,1.45,1.45
L100000102210,coal_power,2025-11-08,2,3.99,2.1
L100000102210,coal_power,2025-11-09,1,1.91,1.91
L100000102210,coal_power,2025-11-10,2,4.2,2.38
L100000102210,coal_power,2025-11-13,1,2.18,2.18
L100000102210,coal_power,2025-11-14,1,1.53,1.53
L100000102210,coal_power,2025-11-15,1,1.3,1.3
L100000102210,coal_power,2025-11-19,1,1.63,1.63
L100000102210,coal_power,2025-11-20,1,2.21,2.21
L100000102210,coal_power,2025-11-21,2,2.7199999999999998,1.39
L100000102210,coal_power,2025-11-26,2,2.5,1.4
L100000102210,coal_power,2025-11-27,1,1.44,1.44
L100000102210,coal_power,2025-11-28,1,1.05,1.05
L100000102210,coal_power,2025-11-29,1,1.38,1.38
L100000102210,coal_power,2025-12-07,1,1.11,1.11
L100000102210,coal_power,2025-12-11,1,1.35,1.35
L100000102210,coal_power,2025-12-15,1,1.94,1.94
L100000102210,coal_power,2025-12-17,1,2.96,2.96
L100000102210,coal_power,2025-12-19,1,1.52,1.52
L100000102210,coal_power,2025-12-20,1,0.98,0.98
L100000102210,coal_power,2025-12-22,1,0.99,0.99
L100000102210,coal_power,2025-12-25,1,2.34,2.34
L100000102210,coal_power,2025-12-26,2,7.72,6.08
L100000102210,coal_power,2025-12-29,1,1.75,1.75
L100000102210,coal_power,2025-12-31,1,0.88,0.88
L100000102213,coal_power,2025-06-12,3,14.77,7.51
L100000102214,coal_power,2025-01-01,1,1.13,1.13
L100000102214,coal_power,2025-01-06,2,2.16,1.51
L100000102214,coal_power,2025-01-07,2,1.6800000000000002,0.89
L100000102214,coal_power,2025-01-12,1,0.63,0.63
L100000102214,coal_power,2025-01-13,2,3.24,1.62
L100000102214,coal_power,2025-01-25,1,0.43,0.43
L100000102214,coal_power,2025-01-26,1,1.74,1.74
L100000102214,coal_power,2025-01-28,1,1.41,1.41
L100000102214,coal_power,2025-02-02,1,0.83,0.83
L100000102214,coal_power,2025-02-07,2,1.18,0.59
L100000102214,coal_power,2025-02-13,3,4.73,2.1
L100000102214,coal_power,2025-02-28,1,1.01,1.01
L100000102214,coal_power,2025-03-28,1,1.58,1.58
L100000102214,coal_power,2025-04-05,1,4.36,4.36
L100000102214,coal_power,2025-04-10,1,3.42,3.42
L100000102214,coal_power,2025-04-11,1,1.68,1.68
L100000102214,coal_power,2025-04-13,1,0.94,0.94
L100000102214,coal_power,2025-04-16,2,2.8,1.4
L100000102214,coal_power,2025-04-19,1,3.28,3.28
L100000102214,coal_power,2025-04-22,1,2.51,2.51
L100000102214,coal_power,2025-05-10,1,5.59,5.59
L100000102214,coal_power,2025-05-12,1,2.11,2.11
L100000102214,coal_power,2025-05-16,1,1.14,1.14
L100000102214,coal_power,2025-05-17,1,8.45,8.45
L100000102214,coal_power,2025-05-24,1,1.97,1.97
L100000102214,coal_power,2025-05-27,1,3.09,3.09
L100000102214,coal_power,2025-05-30,12,110.89999999999999,17.93
L100000102214,coal_power,2025-06-01,4,12.38,4.0
L100000102214,coal_power,2025-06-02,1,4.16,4.16
L100000102214,coal_power,2025-06-03,1,3.48,3.48
L100000102214,coal_power,2025-06-07,1,6.18,6.18
L100000102214,coal_power,2025-06-14,1,2.85,2.85
L100000102214,coal_power,2025-07-13,1,1.9,1.9
L100000102214,coal_power,2025-09-01,1,1.75,1.75
L100000102214,coal_power,2025-09-19,1,0.96,0.96
L100000102214,coal_power,2025-09-23,1,3.83,3.83
L100000102214,coal_power,2025-10-20,1,2.47,2.47
L100000102214,coal_power,2025-10-21,2,2.51,1.46
L100000102214,coal_power,2025-10-25,2,3.94,1.97
L100000102214,coal_power,2025-10-31,1,1.66,1.66
L100000102214,coal_power,2025-11-03,1,3.39,3.39
L100000102214,coal_power,2025-11-04,1,3.13,3.13
L100000102214,coal_power,2025-11-07,1,1.16,1.16
L100000102214,coal_power,2025-11-09,1,2.77,2.77
L100000102214,coal_power,2025-11-12,1,1.79,1.79
L100000102214,coal_power,2025-11-16,1,2.45,2.45
L100000102214,coal_power,2025-11-17,1,1.15,1.15
L100000102214,coal_power,2025-11-19,1,3.4,3.4
L100000102214,coal_power,2025-11-21,1,1.8,1.8
L100000102214,coal_power,2025-11-25,1,0.82,0.82
L100000102214,coal_power,2025-11-26,1,2.74,2.74
L100000102214,coal_power,2025-12-01,1,2.64,2.64
L100000102214,coal_power,2025-12-13,3,3.69,1.81
L100000102214,coal_power,2025-12-15,2,2.52,1.74
L100000102214,coal_power,2025-12-23,1,1.08,1.08
L100000102214,coal_power,2025-12-30,1,1.93,1.93
L100000102220,coal_power,2025-05-17,1,2.53,2.53
L100000102230,coal_power,2025-10-25,1,4.53,4.53
L100000102238,coal_power,2025-06-30,1,1.22,1.22
L100000102250,coal_power,2025-01-01,3,9.93,8.18
L100000102250,coal_power,2025-01-02,4,6.02,2.17
L100000102250,coal_power,2025-01-03,2,3.16,1.58
L100000102250,coal_power,2025-01-04,2,3.13,1.88
L100000102250,coal_power,2025-01-05,2,4.83,2.5
L100000102250,coal_power,2025-01-06,3,10.43,5.99
L100000102250,coal_power,2025-01-09,2,4.8,2.4
L100000102250,coal_power,2025-01-10,7,12.38,2.72
L100000102250,coal_power,2025-01-11,2,4.970000000000001,2.58
L100000102250,coal_power,2025-01-12,4,5.94,1.98
L100000102250,coal_power,2025-01-13,2,5.57,4.12
L100000102250,coal_power,2025-01-14,2,3.78,1.89
L100000102250,coal_power,2025-01-16,1,2.69,2.69
L100000102250,coal_power,2025-01-18,3,6.279999999999999,2.67
L100000102250,coal_power,2025-01-19,3,10.88,8.88
L100000102250,coal_power,2025-01-20,2,5.76,3.36
L100000102250,coal_power,2025-01-21,2,2.14,1.07
L100000102250,coal_power,2025-01-22,4,18.41,7.14
L100000102250,coal_power,2025-01-23,4,8.49,4.59
L100000102250,coal_power,2025-01-24,4,10.239999999999998,5.1
L100000102250,coal_power,2025-01-25,1,0.77,0.77
L100000102250,coal_power,2025-01-26,4,6.52,2.53
L100000102250,coal_power,2025-01-27,3,4.41,1.82
L100000102250,coal_power,2025-01-28,4,7.16,2.18
L100000102250,coal_power,2025-01-29,3,7.46,2.86
L100000102250,coal_power,2025-01-30,1,7.29,7.29
L100000102250,coal_power,2025-01-31,4,9.49,3.58
L100000102250,coal_power,2025-02-01,1,3.33,3.33
L100000102250,coal_power,2025-02-02,3,13.48,5.28
L100000102250,coal_power,2025-02-03,2,2.84,1.42
L100000102250,coal_power,2025-02-04,3,6.43,3.71
L100000102250,coal_power,2025-02-05,2,3.87,2.39
L100000102250,coal_power,2025-02-06,1,1.41,1.41
L100000102250,coal_power,2025-02-07,5,10.35,3.72
L100000102250,coal_power,2025-02-08,5,14.47,2.91
L100000102250,coal_power,2025-02-09,5,12.5,6.12
L100000102250,coal_power,2025-02-10,7,9.85,2.75
L100000102250,coal_power,2025-02-11,1,5.53,5.53
L100000102250,coal_power,2025-02-12,2,4.7,2.35
L100000102250,coal_power,2025-02-13,3,9.0,4.43
L100000102250,coal_power,2025-02-14,3,6.790000000000001,4.65
L100000102250,coal_power,2025-02-15,2,10.02,7.53
L100000102250,coal_power,2025-02-16,1,1.96,1.96
L100000102250,coal_power,2025-02-17,1,1.56,1.56
L100000102250,coal_power,2025-02-18,3,11.440000000000001,5.32
L100000102250,coal_power,2025-02-19,4,7.67,4.86
L100000102250,coal_power,2025-02-20,1,2.34,2.34
L100000102250,coal_power,2025-02-21,1,3.02,3.02
L100000102250,coal_power,2025-02-22,1,1.28,1.28
L100000102250,coal_power,2025-02-23,2,6.48,4.03
L100000102250,coal_power,2025-02-24,5,8.99,3.75
L100000102250,coal_power,2025-02-25,4,13.059999999999999,4.51
L100000102250,coal_power,2025-02-26,2,3.24,1.62
L100000102250,coal_power,2025-02-28,2,1.88,0.94
L100000102250,coal_power,2025-03-01,4,15.48,10.03
L100000102250,coal_power,2025-03-02,4,15.560000000000002,8.71
L100000102250,coal_power,2025-03-03,2,6.959999999999999,4.64
L100000102250,coal_power,2025-03-04,5,11.71,3.85
L100000102250,coal_power,2025-03-05,3,8.219999999999999,3.55
L100000102250,coal_power,2025-03-06,3,3.8,1.94
L100000102250,coal_power,2025-03-07,4,12.89,4.84
L100000102250,coal_power,2025-03-08,3,7.51,3.95
L100000102250,coal_power,2025-03-09,4,8.0,2.81
L100000102250,coal_power,2025-03-10,3,3.5300000000000002,1.62
L100000102250,coal_power,2025-03-11,3,10.2,3.88
L100000102250,coal_power,2025-03-12,2,4.1899999999999995,3.06
L100000102250,coal_power,2025-03-13,2,11.79,8.26
L100000102250,coal_power,2025-03-14,1,0.74,0.74
L100000102250,coal_power,2025-03-15,1,3.62,3.62
L100000102250,coal_power,2025-03-16,1,5.01,5.01
L100000102250,coal_power,2025-03-18,7,18.67,5.15
L100000102250,coal_power,2025-03-22,2,5.68,2.84
L100000102250,coal_power,2025-03-23,2,2.58,1.29
L100000102250,coal_power,2025-03-24,2,5.06,3.3
L100000102250,coal_power,2025-03-26,2,4.61,3.08
L100000102250,coal_power,2025-03-27,3,5.4,1.8
L100000102250,coal_power,2025-03-28,3,15.690000000000001,7.17
L100000102250,coal_power,2025-03-29,6,32.47,18.19
L100000102250,coal_power,2025-03-30,2,6.45,4.41
L100000102250,coal_power,2025-03-31,4,13.34,5.74
L100000102250,coal_power,2025-04-01,3,10.43,6.48
L100000102250,coal_power,2025-04-02,4,3.04,1.27
L100000102250,coal_power,2025-04-06,1,2.61,2.61
L100000102250,coal_power,2025-04-07,2,2.85,1.55
L100000102250,coal_power,2025-04-08,1,1.53,1.53
L100000102250,coal_power,2025-04-09,4,11.0,3.81
L100000102250,coal_power,2025-04-14,1,3.42,3.42
L100000102250,coal_power,2025-04-16,1,1.35,1.35
L100000102250,coal_power,2025-04-17,1,2.15,2.15
L100000102250,coal_power,2025-04-18,4,9.04,2.27
L100000102250,coal_power,2025-04-19,1,1.13,1.13
L100000102250,coal_power,2025-04-20,1,4.25,4.25
L100000102250,coal_power,2025-04-21,5,13.13,2.99
L100000102250,coal_power,2025-04-22,1,3.92,3.92
L100000102250,coal_power,2025-04-23,2,5.65,2.96
L100000102250,coal_power,2025-04-24,5,12.370000000000001,3.25
L100000102250,coal_power,2025-04-25,2,20.41,13.8
L100000102250,coal_power,2025-04-26,2,2.5,1.25
L100000102250,coal_power,2025-04-28,2,10.02,5.83
L100000102250,coal_power,2025-04-29,1,11.27,11.27
L100000102250,coal_power,2025-04-30,4,25.93,11.85
L100000102250,coal_power,2025-05-02,1,1.63,1.63
L100000102250,coal_power,2025-05-03,2,7.42,4.34
L100000102250,coal_power,2025-05-04,3,8.1,5.14
L100000102250,coal_power,2025-05-05,1,8.47,8.47
L100000102250,coal_power,2025-05-06,3,11.84,6.3
L100000102250,coal_power,2025-05-07,1,2.11,2.11
L100000102250,coal_power,2025-05-09,2,5.51,3.24
L100000102250,coal_power,2025-05-10,2,14.879999999999999,8.95
L100000102250,coal_power,2025-05-13,6,19.41,6.11
L100000102250,coal_power,2025-05-15,4,7.180000000000001,4.73
L100000102250,coal_power,2025-05-16,3,14.5,6.58
L100000102250,coal_power,2025-05-17,1,0.68,0.68
L100000102250,coal_power,2025-05-20,3,4.77,1.66
L100000102250,coal_power,2025-05-26,3,2.33,0.88
L100000102250,coal_power,2025-05-28,1,0.98,0.98
L100000102250,coal_power,2025-06-01,1,11.25,11.25
L100000102250,coal_power,2025-06-02,1,1.61,1.61
L100000102250,coal_power,2025-06-03,2,2.49,1.26
L100000102250,coal_power,2025-06-04,1,1.66,1.66
L100000102250,coal_power,2025-06-05,4,11.790000000000001,4.28
L100000102250,coal_power,2025-06-06,3,7.029999999999999,3.32
L100000102250,coal_power,2025-06-11,3,5.13,1.99
L100000102250,coal_power,2025-06-12,2,8.83,5.52
L100000102250,coal_power,2025-06-13,1,1.79,1.79
L100000102250,coal_power,2025-06-14,2,3.3,1.66
L100000102250,coal_power,2025-06-16,1,4.0,4.0
L100000102250,coal_power,2025-06-27,1,1.89,1.89
L100000102250,coal_power,2025-07-02,1,1.45,1.45
L100000102250,coal_power,2025-07-19,2,11.350000000000001,5.95
L100000102250,coal_power,2025-07-22,1,2.45,2.45
L100000102250,coal_power,2025-07-23,1,1.7,1.7
L100000102250,coal_power,2025-07-24,1,0.65,0.65
L100000102250,coal_power,2025-08-16,2,2.8499999999999996,1.67
L100000102250,coal_power,2025-08-30,2,4.16,2.1
L100000102250,coal_power,2025-08-31,2,10.120000000000001,8.25
L100000102250,coal_power,2025-09-04,3,3.9699999999999998,1.82
L100000102250,coal_power,2025-09-06,1,1.19,1.19
L100000102250,coal_power,2025-09-08,3,4.43,1.99
L100000102250,coal_power,2025-09-15,1,1.31,1.31
L100000102250,coal_power,2025-09-28,1,2.47,2.47
L100000102250,coal_power,2025-09-30,2,2.1,1.05
L100000102250,coal_power,2025-10-06,1,0.69,0.69
L100000102250,coal_power,2025-10-09,1,2.52,2.52
L100000102250,coal_power,2025-10-11,2,2.6900000000000004,1.36
L100000102250,coal_power,2025-10-13,1,4.27,4.27
L100000102250,coal_power,2025-10-17,3,5.16,2.86
L100000102250,coal_power,2025-10-19,2,3.02,1.51
L100000102250,coal_power,2025-10-20,2,2.26,1.2
L100000102250,coal_power,2025-10-21,2,12.37,10.11
L100000102250,coal_power,2025-10-22,3,5.95,4.15
L100000102250,coal_power,2025-10-23,1,1.16,1.16
L100000102250,coal_power,2025-10-24,3,4.65,1.78
L100000102250,coal_power,2025-10-27,2,4.28,2.46
L100000102250,coal_power,2025-11-03,2,3.9899999999999998,2.03
L100000102250,coal_power,2025-11-04,1,2.8,2.8
L100000102250,coal_power,2025-11-05,2,3.7199999999999998,1.97
L100000102250,coal_power,2025-11-06,1,2.87,2.87
L100000102250,coal_power,2025-11-07,5,9.040000000000001,3.6
L100000102250,coal_power,2025-11-08,5,17.55,5.86
L100000102250,coal_power,2025-11-09,3,9.48,5.03
L100000102250,coal_power,2025-11-12,3,3.74,1.72
L100000102250,coal_power,2025-11-14,1,2.71,2.71
L100000102250,coal_power,2025-11-15,1,4.81,4.81
L100000102250,coal_power,2025-11-16,1,1.45,1.45
L100000102250,coal_power,2025-11-17,3,5.63,2.88
L100000102250,coal_power,2025-11-18,4,3.58,0.95
L100000102250,coal_power,2025-11-19,3,5.67,2.45
L100000102250,coal_power,2025-11-20,1,1.26,1.26
L100000102250,coal_power,2025-11-22,2,2.7199999999999998,1.69
L100000102250,coal_power,2025-11-23,4,13.68,6.06
L100000102250,coal_power,2025-11-25,3,4.04,1.58
L100000102250,coal_power,2025-11-26,2,4.2299999999999995,3.01
L100000102250,coal_power,2025-11-28,2,2.57,1.74
L100000102250,coal_power,2025-11-29,1,0.93,0.93
L100000102250,coal_power,2025-11-30,3,3.71,2.43
L100000102250,coal_power,2025-12-02,1,1.39,1.39
L100000102250,coal_power,2025-12-03,2,2.87,1.71
L100000102250,coal_power,2025-12-04,4,10.07,5.15
L100000102250,coal_power,2025-12-06,1,0.81,0.81
L100000102250,coal_power,2025-12-09,3,7.32,3.7
L100000102250,coal_power,2025-12-10,4,17.55,4.98
L100000102250,coal_power,2025-12-11,2,2.78,1.39
L100000102250,coal_power,2025-12-12,5,13.8,4.79
L100000102250,coal_power,2025-12-13,2,3.96,2.06
L100000102250,coal_power,2025-12-14,4,19.65,5.7
L100000102250,coal_power,2025-12-15,2,2.2,1.1
L100000102250,coal_power,2025-12-16,3,6.02,2.99
L100000102250,coal_power,2025-12-17,3,6.85,2.94
L100000102250,coal_power,2025-12-18,2,6.16,4.19
L100000102250,coal_power,2025-12-20,3,4.47,1.49
L100000102250,coal_power,2025-12-21,2,3.1,1.82
L100000102250,coal_power,2025-12-22,2,2.5700000000000003,1.47
L100000102250,coal_power,2025-12-23,1,2.27,2.27
L100000102250,coal_power,2025-12-25,4,7.05,3.81
L100000102250,coal_power,2025-12-26,3,6.8999999999999995,4.47
L100000102250,coal_power,2025-12-27,1,0.96,0.96
L100000102250,coal_power,2025-12-28,2,3.08,1.98
L100000102250,coal_power,2025-12-30,5,9.04,3.82
L100000102250,coal_power,2025-12-31,7,13.77,3.45
L100000102252,coal_power,2025-05-04,1,1.67,1.67
L100000102255,coal_power,2025-03-12,1,1.32,1.32
L100000102255,coal_power,2025-03-14,2,3.28,1.64
L100000102255,coal_power,2025-05-04,1,0.95,0.95
L100000102255,coal_power,2025-05-05,1,1.08,1.08
L100000102255,coal_power,2025-05-14,1,1.18,1.18
L100000102255,coal_power,2025-05-25,1,1.23,1.23
L100000102265,coal_power,2025-01-01,1,1.32,1.32
L100000102265,coal_power,2025-01-04,8,17.78,5.37
L100000102265,coal_power,2025-01-05,4,8.780000000000001,3.16
L100000102265,coal_power,2025-01-06,3,3.55,1.55
L100000102265,coal_power,2025-01-07,3,3.5199999999999996,1.41
L100000102265,coal_power,2025-01-08,1,1.2,1.2
L100000102265,coal_power,2025-01-09,5,5.51,1.82
L100000102265,coal_power,2025-01-10,5,12.7,3.75
L100000102265,coal_power,2025-01-11,1,2.05,2.05
L100000102265,coal_power,2025-01-12,2,6.41,5.42
L100000102265,coal_power,2025-01-13,3,5.82,2.4
L100000102265,coal_power,2025-01-14,1,2.18,2.18
L100000102265,coal_power,2025-01-15,1,1.29,1.29
L100000102265,coal_power,2025-01-16,2,4.34,2.17
L100000102265,coal_power,2025-01-17,1,1.74,1.74
L100000102265,coal_power,2025-01-18,1,1.39,1.39
L100000102265,coal_power,2025-01-19,2,4.04,2.33
L100000102265,coal_power,2025-01-20,1,3.48,3.48
L100000102265,coal_power,2025-01-21,5,20.27,4.77
L100000102265,coal_power,2025-01-22,2,3.38,1.69
L100000102265,coal_power,2025-01-23,1,1.36,1.36
L100000102265,coal_power,2025-01-24,2,3.1,1.79
L100000102265,coal_power,2025-01-25,2,1.82,1.05
L100000102265,coal_power,2025-01-26,4,14.23,5.45
L100000102265,coal_power,2025-01-27,3,10.71,5.37
L100000102265,coal_power,2025-01-28,2,4.68,3.68
L100000102265,coal_power,2025-01-29,1,1.87,1.87
L100000102265,coal_power,2025-01-31,1,1.6,1.6
L100000102265,coal_power,2025-02-01,1,2.93,2.93
L100000102265,coal_power,2025-02-02,1,2.39,2.39
L100000102265,coal_power,2025-02-04,1,1.86,1.86
L100000102265,coal_power,2025-02-05,3,5.1899999999999995,1.78
L100000102265,coal_power,2025-02-06,2,4.16,2.1
L100000102265,coal_power,2025-02-07,3,4.85,2.97
L100000102265,coal_power,2025-02-08,1,0.88,0.88
L100000102265,coal_power,2025-02-10,3,2.99,1.08
L100000102265,coal_power,2025-02-11,2,3.2,1.95
L100000102265,coal_power,2025-02-12,1,3.44,3.44
L100000102265,coal_power,2025-02-13,2,2.32,1.16
L100000102265,coal_power,2025-02-14,1,1.14,1.14
L100000102265,coal_power,2025-02-15,1,1.81,1.81
L100000102265,coal_power,2025-02-16,2,4.38,2.3
L100000102265,coal_power,2025-02-18,1,1.1,1.1
L100000102265,coal_power,2025-02-20,2,1.82,0.91
L100000102265,coal_power,2025-02-21,4,7.0,2.93
L100000102265,coal_power,2025-02-22,2,2.8,1.99
L100000102265,coal_power,2025-02-23,2,4.68,3.24
L100000102265,coal_power,2025-02-24,1,1.42,1.42
L100000102265,coal_power,2025-02-25,4,7.449999999999999,2.17
L100000102265,coal_power,2025-02-26,2,2.02,1.25
L100000102265,coal_power,2025-02-27,3,5.59,2.17
L100000102265,coal_power,2025-02-28,3,5.1899999999999995,2.38
L100000102265,coal_power,2025-03-01,2,3.1500000000000004,1.6
L100000102265,coal_power,2025-03-02,1,2.87,2.87
L100000102265,coal_power,2025-03-03,3,5.87,2.13
L100000102265,coal_power,2025-03-04,3,7.3,2.61
L100000102265,coal_power,2025-03-05,2,5.12,2.66
L100000102265,coal_power,2025-03-07,1,1.56,1.56
L100000102265,coal_power,2025-03-08,1,1.93,1.93
L100000102265,coal_power,2025-03-09,5,13.94,3.94
L100000102265,coal_power,2025-03-10,3,2.94,0.98
L100000102265,coal_power,2025-03-11,1,4.57,4.57
L100000102265,coal_power,2025-03-12,4,5.06,1.61
L100000102265,coal_power,2025-03-14,5,7.24,1.73
L100000102265,coal_power,2025-03-15,4,16.79,8.04
L100000102265,coal_power,2025-03-16,6,15.379999999999999,3.85
L100000102265,coal_power,2025-03-17,2,1.86,0.93
L100000102265,coal_power,2025-03-18,4,6.0,1.54
L100000102265,coal_power,2025-03-23,1,1.2,1.2
L100000102265,coal_power,2025-03-24,1,0.77,0.77
L100000102265,coal_power,2025-03-25,4,9.39,3.19
L100000102265,coal_power,2025-03-26,4,17.36,8.0
L100000102265,coal_power,2025-03-27,1,2.31,2.31
L100000102265,coal_power,2025-03-28,2,5.47,3.51
L100000102265,coal_power,2025-03-29,2,4.8100000000000005,2.61
L100000102265,coal_power,2025-03-31,2,6.58,4.1
L100000102265,coal_power,2025-04-01,1,3.88,3.88
L100000102265,coal_power,2025-04-04,1,4.39,4.39
L100000102265,coal_power,2025-04-05,3,4.85,2.67
L100000102265,coal_power,2025-04-06,1,4.12,4.12
L100000102265,coal_power,2025-04-07,2,6.140000000000001,3.19
L100000102265,coal_power,2025-04-09,1,3.43,3.43
L100000102265,coal_power,2025-04-10,2,7.26,3.76
L100000102265,coal_power,2025-04-11,2,8.629999999999999,4.58
L100000102265,coal_power,2025-04-13,1,1.5,1.5
L100000102265,coal_power,2025-04-14,1,1.97,1.97
L100000102265,coal_power,2025-04-15,2,2.16,1.57
L100000102265,coal_power,2025-04-16,4,10.91,5.97
L100000102265,coal_power,2025-04-18,1,0.99,0.99
L100000102265,coal_power,2025-04-19,2,4.53,2.83
L100000102265,coal_power,2025-04-21,2,7.35,4.07
L100000102265,coal_power,2025-04-22,3,8.41,3.09
L100000102265,coal_power,2025-04-23,1,1.79,1.79
L100000102265,coal_power,2025-04-24,1,2.39,2.39
L100000102265,coal_power,2025-04-26,3,2.8899999999999997,1.49
L100000102265,coal_power,2025-04-28,1,1.87,1.87
L100000102265,coal_power,2025-04-29,2,2.0,1.27
L100000102265,coal_power,2025-05-02,3,8.9,4.55
L100000102265,coal_power,2025-05-04,1,1.42,1.42
L100000102265,coal_power,2025-05-05,1,0.86,0.86
L100000102265,coal_power,2025-05-07,3,17.13,7.62
L100000102265,coal_power,2025-05-09,2,4.94,2.47
L100000102265,coal_power,2025-05-10,1,5.38,5.38
L100000102265,coal_power,2025-05-11,2,5.68,2.84
L100000102265,coal_power,2025-05-12,1,1.73,1.73
L100000102265,coal_power,2025-05-13,1,1.84,1.84
L100000102265,coal_power,2025-05-14,4,13.05,3.96
L100000102265,coal_power,2025-05-15,2,4.23,3.64
L100000102265,coal_power,2025-05-26,2,2.8,1.57
L100000102265,coal_power,2025-05-28,2,1.86,0.93
L100000102265,coal_power,2025-06-02,2,1.87,1.5
L100000102265,coal_power,2025-06-03,5,10.9,3.28
L100000102265,coal_power,2025-06-04,2,4.23,2.69
L100000102265,coal_power,2025-06-06,1,2.14,2.14
L100000102265,coal_power,2025-06-09,1,7.58,7.58
L100000102265,coal_power,2025-06-10,1,2.98,2.98
L100000102265,coal_power,2025-06-11,1,1.05,1.05
L100000102265,coal_power,2025-06-14,2,5.300000000000001,3.1
L100000102265,coal_power,2025-06-21,1,1.05,1.05
L100000102265,coal_power,2025-07-16,2,2.64,1.32
L100000102265,coal_power,2025-08-13,1,3.1,3.1
L100000102265,coal_power,2025-08-16,1,1.35,1.35
L100000102265,coal_power,2025-08-27,1,1.44,1.44
L100000102265,coal_power,2025-08-28,3,5.52,1.92
L100000102265,coal_power,2025-09-06,2,3.11,1.69
L100000102265,coal_power,2025-09-07,2,4.98,2.53
L100000102265,coal_power,2025-09-08,4,6.8100000000000005,2.45
L100000102265,coal_power,2025-09-09,1,1.51,1.51
L100000102265,coal_power,2025-09-28,1,1.48,1.48
L100000102265,coal_power,2025-09-29,2,4.8100000000000005,2.95
L100000102265,coal_power,2025-09-30,1,2.44,2.44
L100000102265,coal_power,2025-10-09,2,6.58,3.29
L100000102265,coal_power,2025-10-10,3,7.75,4.72
L100000102265,coal_power,2025-10-11,2,2.62,1.31
L100000102265,coal_power,2025-10-12,2,3.5999999999999996,2.32
L100000102265,coal_power,2025-10-13,1,1.54,1.54
L100000102265,coal_power,2025-10-14,4,10.02,5.0
L100000102265,coal_power,2025-10-15,2,6.16,3.08
L100000102265,coal_power,2025-10-16,3,4.02,1.42
L100000102265,coal_power,2025-10-17,3,3.86,1.42
L100000102265,coal_power,2025-10-18,3,10.68,4.61
L100000102265,coal_power,2025-10-19,3,4.34,1.79
L100000102265,coal_power,2025-10-20,2,5.62,3.38
L100000102265,coal_power,2025-10-21,1,1.16,1.16
L100000102265,coal_power,2025-10-22,2,2.66,1.34
L100000102265,coal_power,2025-10-23,1,2.91,2.91
L100000102265,coal_power,2025-10-24,2,3.3099999999999996,2.17
L100000102265,coal_power,2025-10-27,1,1.41,1.41
L100000102265,coal_power,2025-10-30,2,5.13,2.82
L100000102265,coal_power,2025-11-02,2,3.6900000000000004,2.08
L100000102265,coal_power,2025-11-03,1,1.36,1.36
L100000102265,coal_power,2025-11-04,2,4.12,2.61
L100000102265,coal_power,2025-11-05,3,11.51,5.27
L100000102265,coal_power,2025-11-06,1,2.96,2.96
L100000102265,coal_power,2025-11-07,1,1.75,1.75
L100000102265,coal_power,2025-11-08,1,1.45,1.45
L100000102265,coal_power,2025-11-09,1,0.95,0.95
L100000102265,coal_power,2025-11-10,5,11.91,5.22
L100000102265,coal_power,2025-11-11,1,6.14,6.14
L100000102265,coal_power,2025-11-12,3,4.4,2.19
L100000102265,coal_power,2025-11-13,2,1.86,0.93
L100000102265,coal_power,2025-11-14,1,3.43,3.43
L100000102265,coal_power,2025-11-15,5,20.21,8.07
L100000102265,coal_power,2025-11-16,3,7.85,2.69
L100000102265,coal_power,2025-11-17,1,1.59,1.59
L100000102265,coal_power,2025-11-18,1,2.31,2.31
L100000102265,coal_power,2025-11-19,1,1.13,1.13
L100000102265,coal_power,2025-11-20,4,14.07,4.93
L100000102265,coal_power,2025-11-21,2,3.74,1.87
L100000102265,coal_power,2025-11-22,2,4.57,2.69
L100000102265,coal_power,2025-11-23,3,6.45,3.86
L100000102265,coal_power,2025-11-25,4,5.95,2.18
L100000102265,coal_power,2025-11-26,5,13.95,5.29
L100000102265,coal_power,2025-11-27,3,6.02,2.98
L100000102265,coal_power,2025-11-28,2,2.41,1.44
L100000102265,coal_power,2025-11-29,1,1.3,1.3
L100000102265,coal_power,2025-11-30,2,3.6899999999999995,2.55
L100000102265,coal_power,2025-12-01,1,1.92,1.92
L100000102265,coal_power,2025-12-02,4,10.08,3.8
L100000102265,coal_power,2025-12-04,3,3.13,1.07
L100000102265,coal_power,2025-12-05,4,5.16,2.64
L100000102265,coal_power,2025-12-06,1,2.65,2.65
L100000102265,coal_power,2025-12-07,3,10.56,4.14
L100000102265,coal_power,2025-12-08,3,6.98,4.16
L100000102265,coal_power,2025-12-09,1,1.53,1.53
L100000102265,coal_power,2025-12-10,2,3.99,2.1
L100000102265,coal_power,2025-12-11,7,8.8,2.45
L100000102265,coal_power,2025-12-12,3,12.67,7.05
L100000102265,coal_power,2025-12-13,2,4.68,2.34
L100000102265,coal_power,2025-12-15,4,3.1399999999999997,0.98
L100000102265,coal_power,2025-12-16,2,3.2,1.64
L100000102265,coal_power,2025-12-17,5,11.39,3.22
L100000102265,coal_power,2025-12-18,2,4.24,2.12
L100000102265,coal_power,2025-12-19,1,1.5,1.5
L100000102265,coal_power,2025-12-20,3,3.01,1.33
L100000102265,coal_power,2025-12-21,1,1.3,1.3
L100000102265,coal_power,2025-12-22,6,13.26,4.39
L100000102265,coal_power,2025-12-23,2,3.71,1.95
L100000102265,coal_power,2025-12-24,3,3.8,1.42
L100000102265,coal_power,2025-12-25,2,3.13,2.04
L100000102265,coal_power,2025-12-26,1,1.56,1.56
L100000102265,coal_power,2025-12-27,2,2.77,1.71
L100000102265,coal_power,2025-12-28,4,9.5,4.22
L100000102265,coal_power,2025-12-29,2,2.88,1.44
L100000102265,coal_power,2025-12-30,1,1.27,1.27
L100000102265,coal_power,2025-12-31,4,6.779999999999999,2.76
L100000102268,coal_power,2025-11-29,2,5.13,3.46
L100000102276,coal_power,2025-03-28,1,2.59,2.59
L100000102290,coal_power,2025-01-30,1,2.61,2.61
L100000102293,coal_power,2025-05-30,1,0.57,0.57
L100000102293,coal_power,2025-06-02,1,0.65,0.65
L100000102295,coal_power,2025-01-02,2,1.1099999999999999,0.59
L100000102295,coal_power,2025-01-03,1,2.32,2.32
L100000102295,coal_power,2025-01-04,1,1.98,1.98
L100000102295,coal_power,2025-01-05,1,1.12,1.12
L100000102295,coal_power,2025-01-06,1,1.28,1.28
L100000102295,coal_power,2025-01-07,2,3.1799999999999997,2.04
L100000102295,coal_power,2025-01-08,3,5.28,2.56
L100000102295,coal_power,2025-01-09,1,1.85,1.85
L100000102295,coal_power,2025-01-11,1,0.97,0.97
L100000102295,coal_power,2025-01-13,1,1.97,1.97
L100000102295,coal_power,2025-01-15,1,1.44,1.44
L100000102295,coal_power,2025-01-16,1,1.43,1.43
L100000102295,coal_power,2025-01-17,1,1.72,1.72
L100000102295,coal_power,2025-01-18,1,2.01,2.01
L100000102295,coal_power,2025-01-19,2,2.62,1.32
L100000102295,coal_power,2025-01-20,1,1.03,1.03
L100000102295,coal_power,2025-01-21,1,1.13,1.13
L100000102295,coal_power,2025-01-22,1,2.13,2.13
L100000102295,coal_power,2025-01-23,1,1.62,1.62
L100000102295,coal_power,2025-01-24,2,3.01,1.74
L100000102295,coal_power,2025-01-25,1,1.93,1.93
L100000102295,coal_power,2025-01-27,1,1.12,1.12
L100000102295,coal_power,2025-01-31,1,1.65,1.65
L100000102295,coal_power,2025-02-04,1,1.99,1.99
L100000102295,coal_power,2025-02-08,1,2.41,2.41
L100000102295,coal_power,2025-02-09,3,5.85,2.34
L100000102295,coal_power,2025-02-10,1,2.5,2.5
L100000102295,coal_power,2025-02-11,1,1.56,1.56
L100000102295,coal_power,2025-02-12,1,2.08,2.08
L100000102295,coal_power,2025-02-13,1,1.96,1.96
L100000102295,coal_power,2025-02-14,1,1.64,1.64
L100000102295,coal_power,2025-02-15,1,0.91,0.91
L100000102295,coal_power,2025-02-16,1,1.58,1.58
L100000102295,coal_power,2025-02-17,1,1.26,1.26
L100000102295,coal_power,2025-02-18,1,1.64,1.64
L100000102295,coal_power,2025-02-19,1,1.29,1.29
L100000102295,coal_power,2025-02-20,1,0.8,0.8
L100000102295,coal_power,2025-02-21,1,1.35,1.35
L100000102295,coal_power,2025-02-22,1,1.61,1.61
L100000102295,coal_power,2025-02-23,2,2.7800000000000002,1.44
L100000102295,coal_power,2025-02-25,1,1.78,1.78
L100000102295,coal_power,2025-02-27,1,1.2,1.2
L100000102295,coal_power,2025-02-28,1,1.14,1.14
L100000102295,coal_power,2025-03-01,1,2.45,2.45
L100000102295,coal_power,2025-03-02,1,2.29,2.29
L100000102295,coal_power,2025-03-03,1,1.55,1.55
L100000102295,coal_power,2025-03-05,1,1.68,1.68
L100000102295,coal_power,2025-03-07,2,2.1500000000000004,1.37
L100000102295,coal_power,2025-03-08,1,1.75,1.75
L100000102295,coal_power,2025-03-10,1,1.71,1.71
L100000102295,coal_power,2025-03-14,1,3.47,3.47
L100000102295,coal_power,2025-03-15,2,4.88,2.63
L100000102295,coal_power,2025-03-16,1,1.3,1.3
L100000102295,coal_power,2025-03-18,1,1.2,1.2
L100000102295,coal_power,2025-03-19,1,1.71,1.71
L100000102295,coal_power,2025-03-20,1,3.26,3.26
L100000102295,coal_power,2025-03-25,1,2.72,2.72
L100000102295,coal_power,2025-03-26,1,1.51,1.51
L100000102295,coal_power,2025-03-27,1,2.61,2.61
L100000102295,coal_power,2025-03-29,2,4.86,2.7
L100000102295,coal_power,2025-03-30,1,1.74,1.74
L100000102295,coal_power,2025-03-31,1,1.48,1.48
L100000102295,coal_power,2025-04-01,1,1.42,1.42
L100000102295,coal_power,2025-04-06,1,1.89,1.89
L100000102295,coal_power,2025-04-07,1,2.8,2.8
L100000102295,coal_power,2025-04-09,3,5.26,2.28
L100000102295,coal_power,2025-04-10,1,0.26,0.26
L100000102295,coal_power,2025-04-14,3,4.63,1.65
L100000102295,coal_power,2025-04-17,1,1.74,1.74
L100000102295,coal_power,2025-04-21,1,2.2,2.2
L100000102295,coal_power,2025-04-24,1,1.17,1.17
L100000102295,coal_power,2025-04-28,1,2.05,2.05
L100000102295,coal_power,2025-05-04,1,2.02,2.02
L100000102295,coal_power,2025-05-06,1,1.51,1.51
L100000102295,coal_power,2025-05-07,1,1.48,1.48
L100000102295,coal_power,2025-05-08,1,1.04,1.04
L100000102295,coal_power,2025-05-09,2,3.6000000000000005,2.24
L100000102295,coal_power,2025-05-10,1,0.88,0.88
L100000102295,coal_power,2025-05-19,1,0.72,0.72
L100000102295,coal_power,2025-05-30,1,0.97,0.97
L100000102295,coal_power,2025-06-02,1,2.2,2.2
L100000102295,coal_power,2025-06-03,1,1.05,1.05
L100000102295,coal_power,2025-06-04,2,1.7,0.85
L100000102295,coal_power,2025-07-09,2,1.73,0.91
L100000102295,coal_power,2025-07-10,1,1.64,1.64
L100000102295,coal_power,2025-07-11,1,1.01,1.01
L100000102295,coal_power,2025-07-31,1,1.46,1.46
L100000102295,coal_power,2025-08-01,1,2.1,2.1
L100000102295,coal_power,2025-08-24,1,2.3,2.3
L100000102295,coal_power,2025-08-25,2,3.04,2.1
L100000102295,coal_power,2025-09-08,1,0.47,0.47
L100000102295,coal_power,2025-09-24,1,2.15,2.15
L100000102295,coal_power,2025-10-04,1,1.85,1.85
L100000102295,coal_power,2025-10-05,1,0.97,0.97
L100000102295,coal_power,2025-10-06,1,2.14,2.14
L100000102295,coal_power,2025-10-11,1,1.85,1.85
L100000102295,coal_power,2025-10-12,1,1.29,1.29
L100000102295,coal_power,2025-10-15,1,1.7,1.7
L100000102295,coal_power,2025-10-17,1,1.34,1.34
L100000102295,coal_power,2025-10-30,2,1.9200000000000002,1.37
L100000102295,coal_power,2025-10-31,1,1.52,1.52
L100000102295,coal_power,2025-11-06,1,1.33,1.33
L100000102295,coal_power,2025-11-07,2,2.8,1.4
L100000102295,coal_power,2025-11-08,1,2.01,2.01
L100000102295,coal_power,2025-11-10,1,1.13,1.13
L100000102295,coal_power,2025-11-12,2,2.05,1.04
L100000102295,coal_power,2025-11-13,2,2.6500000000000004,1.36
L100000102295,coal_power,2025-11-14,1,1.9,1.9
L100000102295,coal_power,2025-11-15,1,1.0,1.0
L100000102295,coal_power,2025-11-16,1,0.94,0.94
L100000102295,coal_power,2025-11-17,1,0.89,0.89
L100000102295,coal_power,2025-11-18,2,1.3,0.68
L100000102295,coal_power,2025-11-19,2,3.58,2.02
L100000102295,coal_power,2025-11-20,1,1.4,1.4
L100000102295,coal_power,2025-11-21,1,0.71,0.71
L100000102295,coal_power,2025-11-25,1,1.76,1.76
L100000102295,coal_power,2025-11-26,1,1.59,1.59
L100000102295,coal_power,2025-11-27,1,1.11,1.11
L100000102295,coal_power,2025-11-28,1,1.28,1.28
L100000102295,coal_power,2025-12-01,1,1.53,1.53
L100000102295,coal_power,2025-12-02,2,1.9,0.95
L100000102295,coal_power,2025-12-04,1,0.47,0.47
L100000102295,coal_power,2025-12-05,3,4.0600000000000005,1.95
L100000102295,coal_power,2025-12-07,1,1.69,1.69
L100000102295,coal_power,2025-12-08,2,3.37,1.93
L100000102295,coal_power,2025-12-10,1,0.78,0.78
L100000102295,coal_power,2025-12-11,1,2.16,2.16
L100000102295,coal_power,2025-12-12,2,1.77,1.29
L100000102295,coal_power,2025-12-13,1,1.01,1.01
L100000102295,coal_power,2025-12-14,2,3.05,2.31
L100000102295,coal_power,2025-12-15,1,2.42,2.42
L100000102295,coal_power,2025-12-16,1,1.97,1.97
L100000102295,coal_power,2025-12-17,1,1.32,1.32
L100000102295,coal_power,2025-12-18,1,0.66,0.66
L100000102295,coal_power,2025-12-19,1,0.92,0.92
L100000102295,coal_power,2025-12-20,1,2.22,2.22
L100000102295,coal_power,2025-12-21,1,1.17,1.17
L100000102295,coal_power,2025-12-22,1,1.24,1.24
L100000102295,coal_power,2025-12-23,1,1.8,1.8
L100000102295,coal_power,2025-12-24,1,1.25,1.25
L100000102295,coal_power,2025-12-25,1,2.66,2.66
L100000102295,coal_power,2025-12-26,2,4.17,2.52
L100000102295,coal_power,2025-12-27,2,4.54,2.65
L100000102295,coal_power,2025-12-28,1,1.31,1.31
L100000102295,coal_power,2025-12-29,1,1.59,1.59
L100000102295,coal_power,2025-12-30,1,2.58,2.58
L100000102295,coal_power,2025-12-31,1,2.08,2.08
L100000102303,coal_power,2025-01-06,1,1.7,1.7
L100000102303,coal_power,2025-01-11,1,1.0,1.0
L100000102303,coal_power,2025-01-16,2,3.1999999999999997,2.61
L100000102303,coal_power,2025-01-19,1,3.44,3.44
L100000102303,coal_power,2025-01-21,1,3.22,3.22
L100000102303,coal_power,2025-01-25,1,1.59,1.59
L100000102303,coal_power,2025-01-26,1,1.54,1.54
L100000102303,coal_power,2025-02-01,1,1.91,1.91
L100000102303,coal_power,2025-02-02,2,6.800000000000001,3.68
L100000102303,coal_power,2025-02-03,1,1.89,1.89
L100000102303,coal_power,2025-02-08,2,5.92,3.48
L100000102303,coal_power,2025-02-12,1,2.03,2.03
L100000102303,coal_power,2025-02-18,1,3.91,3.91
L100000102303,coal_power,2025-02-22,1,2.31,2.31
L100000102303,coal_power,2025-02-26,1,1.64,1.64
L100000102303,coal_power,2025-03-03,1,1.7,1.7
L100000102303,coal_power,2025-03-10,2,3.63,2.36
L100000102303,coal_power,2025-03-24,1,3.14,3.14
L100000102303,coal_power,2025-04-06,1,2.66,2.66
L100000102303,coal_power,2025-04-11,1,3.36,3.36
L100000102303,coal_power,2025-05-07,2,12.18,9.3
L100000102303,coal_power,2025-05-11,1,2.07,2.07
L100000102303,coal_power,2025-06-04,1,1.05,1.05
L100000102303,coal_power,2025-06-13,1,1.94,1.94
L100000102303,coal_power,2025-07-10,1,1.72,1.72
L100000102303,coal_power,2025-07-11,1,2.31,2.31
L100000102303,coal_power,2025-08-01,1,1.41,1.41
L100000102303,coal_power,2025-08-24,1,1.45,1.45
L100000102303,coal_power,2025-09-04,1,1.47,1.47
L100000102303,coal_power,2025-10-05,2,2.0,1.0
L100000102303,coal_power,2025-10-11,1,1.31,1.31
L100000102303,coal_power,2025-10-12,1,1.11,1.11
L100000102303,coal_power,2025-10-20,1,0.76,0.76
L100000102303,coal_power,2025-10-21,1,1.01,1.01
L100000102303,coal_power,2025-10-30,1,1.93,1.93
L100000102303,coal_power,2025-10-31,2,2.4299999999999997,1.64
L100000102303,coal_power,2025-11-01,1,2.39,2.39
L100000102303,coal_power,2025-11-05,1,2.32,2.32
L100000102303,coal_power,2025-11-08,2,5.6,3.0
L100000102303,coal_power,2025-11-09,1,1.13,1.13
L100000102303,coal_power,2025-11-12,1,2.76,2.76
L100000102303,coal_power,2025-11-16,1,1.32,1.32
L100000102303,coal_power,2025-11-17,1,2.18,2.18
L100000102303,coal_power,2025-11-27,1,6.49,6.49
L100000102303,coal_power,2025-11-28,2,3.53,2.11
L100000102303,coal_power,2025-12-02,1,1.22,1.22
L100000102303,coal_power,2025-12-15,1,2.4,2.4
L100000102303,coal_power,2025-12-16,1,0.65,0.65
L100000102303,coal_power,2025-12-18,2,2.38,1.28
L100000102303,coal_power,2025-12-21,3,9.98,3.69
L100000102303,coal_power,2025-12-24,2,4.59,3.16
L100000102303,coal_power,2025-12-26,1,1.42,1.42
L100000102303,coal_power,2025-12-28,1,1.7,1.7
L100000102303,coal_power,2025-12-29,2,2.83,1.95
L100000102303,coal_power,2025-12-31,2,1.78,0.89
L100000102306,coal_power,2025-02-11,4,45.01,20.59
L100000102307,coal_power,2025-01-16,1,3.11,3.11
L100000102307,coal_power,2025-12-01,1,2.44,2.44
L100000102312,coal_power,2025-01-01,1,0.93,0.93
L100000102312,coal_power,2025-03-23,1,1.05,1.05
L100000102312,coal_power,2025-03-30,1,0.79,0.79
L100000102312,coal_power,2025-12-10,1,1.06,1.06
L100000102312,coal_power,2025-12-11,2,1.21,0.64
L100000102312,coal_power,2025-12-13,1,0.45,0.45
L100000102315,coal_power,2025-01-01,1,0.67,0.67
L100000102315,coal_power,2025-01-06,1,0.43,0.43
L100000102315,coal_power,2025-01-07,1,0.57,0.57
L100000102315,coal_power,2025-01-08,1,0.73,0.73
L100000102315,coal_power,2025-01-09,2,1.53,0.85
L100000102315,coal_power,2025-01-10,1,1.33,1.33
L100000102315,coal_power,2025-01-11,1,0.69,0.69
L100000102315,coal_power,2025-02-12,1,0.85,0.85
L100000102315,coal_power,2025-03-04,1,0.82,0.82
L100000102315,coal_power,2025-03-05,2,2.22,1.11
L100000102315,coal_power,2025-03-06,1,1.26,1.26
L100000102315,coal_power,2025-03-07,1,0.61,0.61
L100000102315,coal_power,2025-04-06,1,1.04,1.04
L100000102315,coal_power,2025-04-08,2,3.76,2.27
L100000102332,coal_power,2025-05-14,1,5.36,5.36
L100000102343,coal_power,2025-10-15,1,3.11,3.11
L100000102352,coal_power,2025-11-10,1,2.72,2.72
L100000102352,coal_power,2025-11-11,1,4.18,4.18
L100000102352,coal_power,2025-11-16,1,1.75,1.75
L100000102352,coal_power,2025-11-17,1,2.03,2.03
L100000102357,coal_power,2025-04-22,2,1.26,0.79
L100000102357,coal_power,2025-05-14,1,16.02,16.02
L100000102359,coal_power,2025-03-25,2,12.87,9.34
L100000102359,coal_power,2025-04-04,1,2.1,2.1
L100000102359,coal_power,2025-04-12,1,8.6,8.6
L100000102360,coal_power,2025-04-29,1,2.88,2.88
L100000102366,coal_power,2025-02-11,1,3.67,3.67
L100000102367,coal_power,2025-04-09,3,10.1,5.52
L100000102376,coal_power,2025-01-27,1,10.78,10.78
L100000102376,coal_power,2025-02-27,1,1.41,1.41
L100000102383,coal_power,2025-11-22,1,1.03,1.03
L100000102383,coal_power,2025-12-31,1,0.76,0.76
L100000102384,coal_power,2025-03-27,1,11.16,11.16
L100000102387,coal_power,2025-02-27,1,3.52,3.52
L100000102400,coal_power,2025-04-07,1,6.71,6.71
L100000102402,coal_power,2025-03-27,1,12.93,12.93
L100000102403,coal_power,2025-12-21,2,11.86,5.93
L100000102405,coal_power,2025-11-14,1,1.28,1.28
L100000102407,coal_power,2025-03-20,1,16.66,16.66
L100000102407,coal_power,2025-04-14,1,11.34,11.34
L100000102407,coal_power,2025-12-11,1,2.54,2.54
L100000102414,coal_power,2025-01-01,1,1.29,1.29
L100000102414,coal_power,2025-01-07,1,0.65,0.65
L100000102414,coal_power,2025-01-19,1,1.59,1.59
L100000102414,coal_power,2025-01-23,1,1.44,1.44
L100000102414,coal_power,2025-01-28,1,0.88,0.88
L100000102414,coal_power,2025-01-30,1,0.64,0.64
L100000102414,coal_power,2025-02-06,1,0.91,0.91
L100000102414,coal_power,2025-02-10,1,0.7,0.7
L100000102414,coal_power,2025-02-12,1,0.78,0.78
L100000102414,coal_power,2025-02-18,1,1.18,1.18
L100000102414,coal_power,2025-02-27,2,2.1799999999999997,1.13
L100000102414,coal_power,2025-03-01,1,1.82,1.82
L100000102414,coal_power,2025-03-18,1,1.61,1.61
L100000102414,coal_power,2025-03-21,1,0.95,0.95
L100000102414,coal_power,2025-03-22,1,1.25,1.25
L100000102414,coal_power,2025-03-27,1,1.36,1.36
L100000102414,coal_power,2025-04-05,1,1.74,1.74
L100000102414,coal_power,2025-04-07,1,3.45,3.45
L100000102414,coal_power,2025-11-05,1,0.99,0.99
L100000102414,coal_power,2025-11-07,1,1.03,1.03
L100000102414,coal_power,2025-11-09,1,0.82,0.82
L100000102414,coal_power,2025-11-22,2,5.130000000000001,4.32
L100000102414,coal_power,2025-12-08,3,6.26,3.97
L100000102414,coal_power,2025-12-10,1,0.81,0.81
L100000102414,coal_power,2025-12-13,1,0.47,0.47
L100000102414,coal_power,2025-12-14,1,1.54,1.54
L100000102414,coal_power,2025-12-15,1,0.7,0.7
L100000102414,coal_power,2025-12-20,1,1.1,1.1
L100000102414,coal_power,2025-12-21,1,0.89,0.89
L100000102414,coal_power,2025-12-24,1,2.83,2.83
L100000102414,coal_power,2025-12-28,2,1.49,0.97
L100000102414,coal_power,2025-12-30,1,1.24,1.24
L100000102414,coal_power,2025-12-31,1,0.93,0.93
L100000102416,coal_power,2025-02-11,1,2.37,2.37
L100000102416,coal_power,2025-03-22,1,10.25,10.25
L100000102416,coal_power,2025-03-25,2,14.870000000000001,9.8
L100000102420,coal_power,2025-03-28,4,23.72,6.81
L100000102422,coal_power,2025-02-25,2,2.44,1.56
L100000102423,coal_power,2025-12-23,1,6.8,6.8
L100000102424,coal_power,2025-04-24,1,5.38,5.38
L100000102427,coal_power,2025-03-13,1,0.57,0.57
L100000102427,coal_power,2025-03-18,1,2.05,2.05
L100000102436,coal_power,2025-04-07,1,9.6,9.6
L100000102437,coal_power,2025-11-14,1,1.21,1.21
L100000102441,coal_power,2025-02-25,1,7.59,7.59
L100000102444,coal_power,2025-01-02,1,0.97,0.97
L100000102444,coal_power,2025-01-06,1,2.53,2.53
L100000102444,coal_power,2025-01-08,1,1.11,1.11
L100000102444,coal_power,2025-01-09,1,3.13,3.13
L100000102444,coal_power,2025-01-11,1,1.65,1.65
L100000102444,coal_power,2025-01-12,1,1.12,1.12
L100000102444,coal_power,2025-01-13,1,3.36,3.36
L100000102444,coal_power,2025-01-15,2,3.37,1.86
L100000102444,coal_power,2025-01-16,1,1.67,1.67
L100000102444,coal_power,2025-01-21,1,0.96,0.96
L100000102444,coal_power,2025-01-22,1,2.61,2.61
L100000102444,coal_power,2025-01-24,2,5.51,3.02
L100000102444,coal_power,2025-01-30,1,1.58,1.58
L100000102444,coal_power,2025-02-02,1,3.54,3.54
L100000102444,coal_power,2025-02-05,1,1.51,1.51
L100000102444,coal_power,2025-02-15,1,2.05,2.05
L100000102444,coal_power,2025-02-16,1,2.27,2.27
L100000102444,coal_power,2025-02-23,1,0.95,0.95
L100000102444,coal_power,2025-03-01,1,1.15,1.15
L100000102444,coal_power,2025-03-02,1,0.98,0.98
L100000102444,coal_power,2025-03-03,1,1.72,1.72
L100000102444,coal_power,2025-03-04,1,1.47,1.47
L100000102444,coal_power,2025-03-05,1,2.9,2.9
L100000102444,coal_power,2025-03-09,2,7.33,5.8
L100000102444,coal_power,2025-03-11,1,1.09,1.09
L100000102444,coal_power,2025-03-14,2,4.88,2.78
L100000102444,coal_power,2025-03-15,1,1.66,1.66
L100000102444,coal_power,2025-03-18,1,1.77,1.77
L100000102444,coal_power,2025-03-26,1,1.29,1.29
L100000102444,coal_power,2025-03-30,3,7.75,3.44
L100000102444,coal_power,2025-04-08,1,2.51,2.51
L100000102444,coal_power,2025-04-12,1,5.07,5.07
L100000102444,coal_power,2025-04-14,1,5.25,5.25
L100000102444,coal_power,2025-04-30,1,2.28,2.28
L100000102444,coal_power,2025-05-09,1,8.78,8.78
L100000102444,coal_power,2025-05-10,1,4.63,4.63
L100000102444,coal_power,2025-05-11,1,5.93,5.93
L100000102444,coal_power,2025-05-15,1,5.31,5.31
L100000102444,coal_power,2025-05-31,1,6.02,6.02
L100000102444,coal_power,2025-06-01,2,4.3,2.85
L100000102444,coal_power,2025-06-05,1,3.86,3.86
L100000102444,coal_power,2025-06-14,1,1.74,1.74
L100000102444,coal_power,2025-07-12,1,3.63,3.63
L100000102444,coal_power,2025-08-10,1,1.22,1.22
L100000102444,coal_power,2025-09-08,1,0.21,0.21
L100000102444,coal_power,2025-09-30,1,0.72,0.72
L100000102444,coal_power,2025-10-11,1,1.35,1.35
L100000102444,coal_power,2025-10-13,1,3.95,3.95
L100000102444,coal_power,2025-10-18,1,1.78,1.78
L100000102444,coal_power,2025-10-21,1,1.8,1.8
L100000102444,coal_power,2025-10-23,1,2.03,2.03
L100000102444,coal_power,2025-11-01,1,0.48,0.48
L100000102444,coal_power,2025-11-03,1,3.63,3.63
L100000102444,coal_power,2025-11-04,1,1.3,1.3
L100000102444,coal_power,2025-11-08,1,1.49,1.49
L100000102444,coal_power,2025-11-09,1,2.25,2.25
L100000102444,coal_power,2025-11-10,1,1.58,1.58
L100000102444,coal_power,2025-11-12,1,1.9,1.9
L100000102444,coal_power,2025-11-13,2,2.19,1.16
L100000102444,coal_power,2025-11-25,1,1.5,1.5
L100000102444,coal_power,2025-11-26,1,2.47,2.47
L100000102444,coal_power,2025-11-28,1,2.35,2.35
L100000102444,coal_power,2025-11-30,1,1.44,1.44
L100000102444,coal_power,2025-12-04,1,1.75,1.75
L100000102444,coal_power,2025-12-05,1,3.63,3.63
L100000102444,coal_power,2025-12-06,1,1.99,1.99
L100000102444,coal_power,2025-12-09,1,0.64,0.64
L100000102444,coal_power,2025-12-10,1,3.01,3.01
L100000102444,coal_power,2025-12-11,1,1.49,1.49
L100000102444,coal_power,2025-12-12,1,1.24,1.24
L100000102444,coal_power,2025-12-13,1,1.76,1.76
L100000102444,coal_power,2025-12-16,1,1.44,1.44
L100000102444,coal_power,2025-12-17,1,1.78,1.78
L100000102444,coal_power,2025-12-18,2,6.8999999999999995,4.64
L100000102444,coal_power,2025-12-22,1,1.43,1.43
L100000102444,coal_power,2025-12-23,1,1.01,1.01
L100000102444,coal_power,2025-12-25,1,1.34,1.34
L100000102444,coal_power,2025-12-26,1,1.11,1.11
L100000102444,coal_power,2025-12-27,1,1.46,1.46
L100000102444,coal_power,2025-12-28,2,2.63,1.46
L100000102444,coal_power,2025-12-29,1,3.56,3.56
L100000102444,coal_power,2025-12-30,1,1.33,1.33
L100000102447,coal_power,2025-02-23,1,4.42,4.42
L100000102448,coal_power,2025-01-01,1,0.54,0.54
L100000102448,coal_power,2025-01-02,1,0.88,0.88
L100000102448,coal_power,2025-01-03,1,0.83,0.83
L100000102448,coal_power,2025-01-05,1,0.8,0.8
L100000102448,coal_power,2025-01-07,1,0.64,0.64
L100000102448,coal_power,2025-01-10,1,0.91,0.91
L100000102448,coal_power,2025-01-12,1,0.8,0.8
L100000102448,coal_power,2025-01-13,1,0.85,0.85
L100000102448,coal_power,2025-01-16,2,1.06,0.62
L100000102448,coal_power,2025-01-17,1,0.79,0.79
L100000102448,coal_power,2025-01-18,1,0.78,0.78
L100000102448,coal_power,2025-01-19,1,0.75,0.75
L100000102448,coal_power,2025-01-21,1,0.44,0.44
L100000102448,coal_power,2025-01-23,1,0.73,0.73
L100000102448,coal_power,2025-01-25,1,0.38,0.38
L100000102448,coal_power,2025-01-26,1,0.87,0.87
L100000102448,coal_power,2025-01-27,1,0.6,0.6
L100000102448,coal_power,2025-01-28,1,0.83,0.83
L100000102448,coal_power,2025-01-29,1,0.45,0.45
L100000102448,coal_power,2025-02-02,1,0.72,0.72
L100000102448,coal_power,2025-02-03,1,0.35,0.35
L100000102448,coal_power,2025-02-04,1,0.65,0.65
L100000102448,coal_power,2025-02-05,2,1.44,0.9
L100000102448,coal_power,2025-02-06,1,0.89,0.89
L100000102448,coal_power,2025-02-07,1,0.52,0.52
L100000102448,coal_power,2025-02-08,1,0.77,0.77
L100000102448,coal_power,2025-02-09,1,1.06,1.06
L100000102448,coal_power,2025-02-10,1,0.48,0.48
L100000102448,coal_power,2025-02-11,1,0.92,0.92
L100000102448,coal_power,2025-02-12,1,0.82,0.82
L100000102448,coal_power,2025-02-13,1,0.88,0.88
L100000102448,coal_power,2025-02-18,1,0.52,0.52
L100000102448,coal_power,2025-02-24,1,0.57,0.57
L100000102448,coal_power,2025-03-01,1,0.5,0.5
L100000102448,coal_power,2025-03-02,1,1.18,1.18
L100000102448,coal_power,2025-03-03,2,2.0,1.1
L100000102448,coal_power,2025-03-04,1,0.68,0.68
L100000102448,coal_power,2025-03-05,1,0.58,0.58
L100000102448,coal_power,2025-03-07,1,0.57,0.57
L100000102448,coal_power,2025-03-10,1,0.24,0.24
L100000102448,coal_power,2025-03-11,2,2.03,1.18
L100000102448,coal_power,2025-03-12,1,0.41,0.41
L100000102448,coal_power,2025-03-26,1,0.81,0.81
L100000102448,coal_power,2025-03-27,1,1.23,1.23
L100000102448,coal_power,2025-03-28,1,1.1,1.1
L100000102448,coal_power,2025-03-29,1,1.02,1.02
L100000102448,coal_power,2025-03-30,1,0.79,0.79
L100000102448,coal_power,2025-03-31,2,1.99,1.46
L100000102448,coal_power,2025-04-01,1,1.0,1.0
L100000102448,coal_power,2025-04-06,1,1.3,1.3
L100000102448,coal_power,2025-04-07,1,0.72,0.72
L100000102448,coal_power,2025-04-08,1,0.96,0.96
L100000102448,coal_power,2025-04-09,1,0.6,0.6
L100000102448,coal_power,2025-04-14,1,1.78,1.78
L100000102448,coal_power,2025-04-16,1,0.82,0.82
L100000102448,coal_power,2025-04-17,1,0.69,0.69
L100000102448,coal_power,2025-04-18,1,0.75,0.75
L100000102448,coal_power,2025-04-19,2,2.3,1.26
L100000102448,coal_power,2025-04-22,1,1.01,1.01
L100000102448,coal_power,2025-04-23,1,0.75,0.75
L100000102448,coal_power,2025-05-01,1,0.93,0.93
L100000102448,coal_power,2025-05-02,1,0.81,0.81
L100000102448,coal_power,2025-05-04,1,0.56,0.56
L100000102448,coal_power,2025-05-09,1,1.1,1.1
L100000102448,coal_power,2025-05-10,2,1.71,1.01
L100000102448,coal_power,2025-05-11,2,1.19,0.66
L100000102448,coal_power,2025-05-13,1,0.43,0.43
L100000102448,coal_power,2025-08-19,1,0.6,0.6
L100000102448,coal_power,2025-09-08,1,0.75,0.75
L100000102448,coal_power,2025-09-30,1,0.77,0.77
L100000102448,coal_power,2025-10-16,1,1.01,1.01
L100000102448,coal_power,2025-10-18,1,1.31,1.31
L100000102448,coal_power,2025-10-19,1,0.57,0.57
L100000102448,coal_power,2025-10-20,1,1.08,1.08
L100000102448,coal_power,2025-10-21,1,1.03,1.03
L100000102448,coal_power,2025-10-22,1,0.57,0.57
L100000102448,coal_power,2025-10-23,1,0.71,0.71
L100000102448,coal_power,2025-10-24,1,0.67,0.67
L100000102448,coal_power,2025-10-26,1,1.16,1.16
L100000102448,coal_power,2025-10-27,1,0.87,0.87
L100000102448,coal_power,2025-11-01,1,1.29,1.29
L100000102448,coal_power,2025-11-02,1,0.77,0.77
L100000102448,coal_power,2025-11-04,2,2.55,1.4
L100000102448,coal_power,2025-11-05,1,1.14,1.14
L100000102448,coal_power,2025-11-07,1,0.51,0.51
L100000102448,coal_power,2025-11-13,1,0.67,0.67
L100000102448,coal_power,2025-11-14,1,1.14,1.14
L100000102448,coal_power,2025-11-15,2,1.85,1.06
L100000102448,coal_power,2025-11-17,1,0.77,0.77
L100000102448,coal_power,2025-11-19,1,0.63,0.63
L100000102448,coal_power,2025-11-20,1,0.78,0.78
L100000102448,coal_power,2025-11-21,1,0.65,0.65
L100000102448,coal_power,2025-11-23,1,0.65,0.65
L100000102448,coal_power,2025-11-24,1,0.56,0.56
L100000102448,coal_power,2025-11-25,1,0.45,0.45
L100000102448,coal_power,2025-11-27,1,0.81,0.81
L100000102448,coal_power,2025-11-28,1,0.81,0.81
L100000102448,coal_power,2025-11-29,1,0.8,0.8
L100000102448,coal_power,2025-12-03,1,0.69,0.69
L100000102448,coal_power,2025-12-04,1,0.65,0.65
L100000102448,coal_power,2025-12-11,1,0.45,0.45
L100000102448,coal_power,2025-12-15,2,0.64,0.34
L100000102448,coal_power,2025-12-17,1,1.34,1.34
L100000102448,coal_power,2025-12-18,1,1.01,1.01
L100000102448,coal_power,2025-12-19,1,1.06,1.06
L100000102448,coal_power,2025-12-22,2,1.3900000000000001,0.78
L100000102448,coal_power,2025-12-25,1,0.76,0.76
L100000102448,coal_power,2025-12-27,1,0.73,0.73
L100000102448,coal_power,2025-12-28,2,1.48,0.86
L100000102448,coal_power,2025-12-29,1,0.81,0.81
L100000102448,coal_power,2025-12-30,1,1.02,1.02
L100000102448,coal_power,2025-12-31,1,0.9,0.9
L100000102450,coal_power,2025-02-15,1,9.03,9.03
L100000102452,coal_power,2025-01-07,1,0.54,0.54
L100000102452,coal_power,2025-11-07,1,0.78,0.78
L100000102452,coal_power,2025-12-05,1,1.01,1.01
L100000102452,coal_power,2025-12-10,1,0.97,0.97
L100000102454,coal_power,2025-01-16,1,0.44,0.44
L100000102454,coal_power,2025-02-24,1,1.06,1.06
L100000102454,coal_power,2025-03-11,2,5.34,4.7
L100000102454,coal_power,2025-03-12,1,1.23,1.23
L100000102454,coal_power,2025-03-17,1,1.49,1.49
L100000102454,coal_power,2025-03-22,1,0.55,0.55
L100000102454,coal_power,2025-03-28,1,1.52,1.52
L100000102454,coal_power,2025-04-02,1,1.07,1.07
L100000102454,coal_power,2025-04-06,2,9.18,5.79
L100000102454,coal_power,2025-04-07,1,3.86,3.86
L100000102454,coal_power,2025-04-13,1,3.18,3.18
L100000102454,coal_power,2025-04-22,1,4.8,4.8
L100000102454,coal_power,2025-04-23,1,2.82,2.82
L100000102454,coal_power,2025-05-04,1,1.55,1.55
L100000102454,coal_power,2025-05-09,1,5.5,5.5
L100000102454,coal_power,2025-05-19,1,1.77,1.77
L100000102454,coal_power,2025-06-11,1,0.21,0.21
L100000102454,coal_power,2025-07-12,2,5.92,3.21
L100000102454,coal_power,2025-07-22,1,1.06,1.06
L100000102454,coal_power,2025-08-09,1,3.12,3.12
L100000102454,coal_power,2025-08-18,1,3.15,3.15
L100000102454,coal_power,2025-08-27,2,4.859999999999999,3.38
L100000102454,coal_power,2025-09-08,1,1.98,1.98
L100000102454,coal_power,2025-09-10,1,0.61,0.61
L100000102454,coal_power,2025-09-30,2,1.73,0.89
L100000102454,coal_power,2025-10-12,1,1.04,1.04
L100000102454,coal_power,2025-10-16,1,0.95,0.95
L100000102454,coal_power,2025-10-28,1,0.76,0.76
L100000102454,coal_power,2025-11-02,1,2.43,2.43
L100000102454,coal_power,2025-11-04,2,2.88,1.53
L100000102454,coal_power,2025-11-06,1,0.34,0.34
L100000102454,coal_power,2025-11-07,1,0.95,0.95
L100000102454,coal_power,2025-11-11,1,3.76,3.76
L100000102454,coal_power,2025-11-17,1,1.21,1.21
L100000102454,coal_power,2025-11-18,1,0.81,0.81
L100000102454,coal_power,2025-11-20,2,4.199999999999999,2.15
L100000102454,coal_power,2025-11-21,1,0.97,0.97
L100000102454,coal_power,2025-11-24,1,0.86,0.86
L100000102454,coal_power,2025-11-26,1,2.16,2.16
L100000102454,coal_power,2025-11-27,1,0.67,0.67
L100000102454,coal_power,2025-11-28,2,2.5300000000000002,1.87
L100000102454,coal_power,2025-12-03,1,1.34,1.34
L100000102454,coal_power,2025-12-04,1,0.78,0.78
L100000102454,coal_power,2025-12-06,1,1.67,1.67
L100000102454,coal_power,2025-12-09,1,0.46,0.46
L100000102454,coal_power,2025-12-20,1,0.63,0.63
L100000102454,coal_power,2025-12-23,1,0.81,0.81
L100000102454,coal_power,2025-12-24,1,1.86,1.86
L100000102454,coal_power,2025-12-25,1,0.71,0.71
L100000102456,coal_power,2025-01-07,2,6.48,3.24
L100000102456,coal_power,2025-03-27,3,15.86,6.0
L100000102457,coal_power,2025-01-02,1,1.08,1.08
L100000102457,coal_power,2025-01-04,1,0.81,0.81
L100000102457,coal_power,2025-01-07,1,0.76,0.76
L100000102457,coal_power,2025-01-08,1,1.03,1.03
L100000102457,coal_power,2025-01-12,1,0.49,0.49
L100000102457,coal_power,2025-01-28,1,1.05,1.05
L100000102457,coal_power,2025-01-29,1,1.09,1.09
L100000102457,coal_power,2025-03-02,1,0.75,0.75
L100000102457,coal_power,2025-03-07,1,1.35,1.35
L100000102457,coal_power,2025-03-12,1,1.31,1.31
L100000102457,coal_power,2025-03-17,1,0.83,0.83
L100000102457,coal_power,2025-03-18,1,1.27,1.27
L100000102457,coal_power,2025-04-25,1,0.93,0.93
L100000102457,coal_power,2025-05-10,1,1.6,1.6
L100000102457,coal_power,2025-06-06,1,1.6,1.6
L100000102457,coal_power,2025-08-30,1,1.09,1.09
L100000102457,coal_power,2025-09-04,1,0.78,0.78
L100000102457,coal_power,2025-09-09,1,1.45,1.45
L100000102457,coal_power,2025-09-25,1,1.06,1.06
L100000102457,coal_power,2025-10-11,1,1.09,1.09
L100000102457,coal_power,2025-10-12,1,1.1,1.1
L100000102457,coal_power,2025-10-17,1,0.9,0.9
L100000102457,coal_power,2025-10-21,1,0.54,0.54
L100000102457,coal_power,2025-11-02,1,1.01,1.01
L100000102457,coal_power,2025-11-12,1,0.73,0.73
L100000102457,coal_power,2025-11-23,1,0.81,0.81
L100000102457,coal_power,2025-11-28,1,0.41,0.41
L100000102457,coal_power,2025-11-29,1,0.92,0.92
L100000102457,coal_power,2025-12-04,1,0.82,0.82
L100000102457,coal_power,2025-12-09,1,0.96,0.96
L100000102457,coal_power,2025-12-10,1,1.02,1.02
L100000102457,coal_power,2025-12-14,1,0.91,0.91
L100000102457,coal_power,2025-12-15,1,0.88,0.88
L100000102457,coal_power,2025-12-20,1,1.08,1.08
L100000102457,coal_power,2025-12-25,1,0.94,0.94
L100000102457,coal_power,2025-12-26,1,1.09,1.09
L100000102458,coal_power,2025-03-15,1,2.27,2.27
L100000102458,coal_power,2025-03-18,1,5.61,5.61
L100000102459,coal_power,2025-01-02,1,0.51,0.51
L100000102459,coal_power,2025-01-03,1,3.17,3.17
L100000102459,coal_power,2025-01-04,1,0.79,0.79
L100000102459,coal_power,2025-01-07,1,0.61,0.61
L100000102459,coal_power,2025-01-08,3,3.66,1.76
L100000102459,coal_power,2025-01-12,1,0.91,0.91
L100000102459,coal_power,2025-01-14,1,0.71,0.71
L100000102459,coal_power,2025-01-17,1,2.36,2.36
L100000102459,coal_power,2025-01-18,2,3.67,2.87
L100000102459,coal_power,2025-01-23,1,3.69,3.69
L100000102459,coal_power,2025-01-24,1,2.63,2.63
L100000102459,coal_power,2025-02-13,1,1.57,1.57
L100000102459,coal_power,2025-02-14,1,1.16,1.16
L100000102459,coal_power,2025-02-26,1,1.44,1.44
L100000102459,coal_power,2025-03-01,1,4.48,4.48
L100000102459,coal_power,2025-03-02,1,2.98,2.98
L100000102459,coal_power,2025-03-03,1,2.14,2.14
L100000102459,coal_power,2025-03-07,1,2.64,2.64
L100000102459,coal_power,2025-03-09,1,0.96,0.96
L100000102459,coal_power,2025-03-13,1,3.17,3.17
L100000102459,coal_power,2025-03-17,2,2.86,1.43
L100000102459,coal_power,2025-03-18,2,3.21,2.02
L100000102459,coal_power,2025-03-19,1,2.02,2.02
L100000102459,coal_power,2025-03-27,1,1.5,1.5
L100000102459,coal_power,2025-04-03,2,4.28,2.73
L100000102459,coal_power,2025-04-25,1,1.67,1.67
L100000102459,coal_power,2025-04-30,2,2.67,1.5
L100000102459,coal_power,2025-05-04,1,3.07,3.07
L100000102459,coal_power,2025-05-20,1,4.54,4.54
L100000102459,coal_power,2025-08-03,1,0.49,0.49
L100000102459,coal_power,2025-09-06,1,1.56,1.56
L100000102459,coal_power,2025-10-11,1,3.74,3.74
L100000102459,coal_power,2025-10-17,1,1.72,1.72
L100000102459,coal_power,2025-10-24,1,0.81,0.81
L100000102459,coal_power,2025-10-26,1,0.72,0.72
L100000102459,coal_power,2025-11-02,1,1.01,1.01
L100000102459,coal_power,2025-11-07,3,6.84,3.76
L100000102459,coal_power,2025-11-09,1,1.47,1.47
L100000102459,coal_power,2025-11-12,1,0.97,0.97
L100000102459,coal_power,2025-11-13,2,2.3,1.15
L100000102459,coal_power,2025-11-14,1,1.65,1.65
L100000102459,coal_power,2025-11-17,2,3.24,1.98
L100000102459,coal_power,2025-11-18,1,1.45,1.45
L100000102459,coal_power,2025-11-23,2,4.55,3.53
L100000102459,coal_power,2025-11-24,1,0.75,0.75
L100000102459,coal_power,2025-11-25,1,1.18,1.18
L100000102459,coal_power,2025-11-27,1,1.32,1.32
L100000102459,coal_power,2025-11-29,1,0.61,0.61
L100000102459,coal_power,2025-12-03,1,0.72,0.72
L100000102459,coal_power,2025-12-04,2,4.02,2.9
L100000102459,coal_power,2025-12-05,1,1.21,1.21
L100000102459,coal_power,2025-12-07,1,0.72,0.72
L100000102459,coal_power,2025-12-09,1,1.0,1.0
L100000102459,coal_power,2025-12-10,1,0.93,0.93
L100000102459,coal_power,2025-12-14,2,1.8000000000000003,1.12
L100000102459,coal_power,2025-12-15,2,1.6400000000000001,0.86
L100000102459,coal_power,2025-12-20,1,1.18,1.18
L100000102459,coal_power,2025-12-24,1,0.8,0.8
L100000102459,coal_power,2025-12-25,1,0.87,0.87
L100000102465,coal_power,2025-01-20,1,5.34,5.34
L100000102465,coal_power,2025-02-24,1,21.99,21.99
L100000102466,coal_power,2025-04-08,1,5.3,5.3
L100000102466,coal_power,2025-04-13,1,4.95,4.95
L100000102466,coal_power,2025-04-24,1,6.46,6.46
L100000102466,coal_power,2025-05-10,1,4.73,4.73
L100000102470,coal_power,2025-02-23,1,8.48,8.48
L100000102471,coal_power,2025-02-13,1,0.73,0.73
L100000102471,coal_power,2025-03-06,1,4.49,4.49
L100000102471,coal_power,2025-03-29,2,6.96,3.56
L100000102471,coal_power,2025-04-02,1,5.74,5.74
L100000102471,coal_power,2025-04-06,1,1.41,1.41
L100000102471,coal_power,2025-04-07,1,2.36,2.36
L100000102471,coal_power,2025-12-17,1,1.99,1.99
L100000102473,coal_power,2025-03-07,1,3.64,3.64
L100000102473,coal_power,2025-03-11,1,1.52,1.52
L100000102474,coal_power,2025-01-02,1,0.73,0.73
L100000102474,coal_power,2025-01-03,1,0.91,0.91
L100000102474,coal_power,2025-01-06,1,0.85,0.85
L100000102474,coal_power,2025-01-07,1,0.74,0.74
L100000102474,coal_power,2025-01-12,1,0.76,0.76
L100000102474,coal_power,2025-01-13,1,0.5,0.5
L100000102474,coal_power,2025-01-14,1,0.82,0.82
L100000102474,coal_power,2025-01-16,1,0.68,0.68
L100000102474,coal_power,2025-01-18,1,0.72,0.72
L100000102474,coal_power,2025-01-19,1,0.56,0.56
L100000102474,coal_power,2025-02-08,1,1.3,1.3
L100000102474,coal_power,2025-02-09,1,1.11,1.11
L100000102474,coal_power,2025-02-13,1,0.85,0.85
L100000102474,coal_power,2025-02-14,1,0.81,0.81
L100000102474,coal_power,2025-02-15,1,0.98,0.98
L100000102474,coal_power,2025-02-19,1,0.9,0.9
L100000102474,coal_power,2025-02-20,1,0.42,0.42
L100000102474,coal_power,2025-02-28,1,0.91,0.91
L100000102474,coal_power,2025-03-02,1,0.91,0.91
L100000102474,coal_power,2025-03-06,1,0.96,0.96
L100000102474,coal_power,2025-03-07,1,0.79,0.79
L100000102474,coal_power,2025-03-09,1,0.62,0.62
L100000102474,coal_power,2025-03-17,1,1.51,1.51
L100000102474,coal_power,2025-03-18,1,1.07,1.07
L100000102474,coal_power,2025-03-19,1,0.85,0.85
L100000102474,coal_power,2025-03-22,1,0.78,0.78
L100000102474,coal_power,2025-03-24,1,0.5,0.5
L100000102474,coal_power,2025-03-28,1,1.29,1.29
L100000102474,coal_power,2025-04-21,1,0.59,0.59
L100000102474,coal_power,2025-04-23,1,1.28,1.28
L100000102474,coal_power,2025-05-02,1,0.81,0.81
L100000102474,coal_power,2025-05-04,2,2.58,1.32
L100000102474,coal_power,2025-05-10,1,1.32,1.32
L100000102474,coal_power,2025-09-24,1,2.08,2.08
L100000102474,coal_power,2025-09-25,1,2.56,2.56
L100000102474,coal_power,2025-09-30,1,1.29,1.29
L100000102474,coal_power,2025-11-12,1,0.93,0.93
L100000102474,coal_power,2025-11-13,2,1.73,0.95
L100000102474,coal_power,2025-11-18,1,0.81,0.81
L100000102474,coal_power,2025-11-23,1,0.95,0.95
L100000102474,coal_power,2025-11-24,1,0.8,0.8
L100000102474,coal_power,2025-11-26,1,0.89,0.89
L100000102474,coal_power,2025-11-28,1,0.81,0.81
L100000102474,coal_power,2025-12-03,1,0.6,0.6
L100000102474,coal_power,2025-12-04,1,0.87,0.87
L100000102474,coal_power,2025-12-05,1,0.7,0.7
L100000102474,coal_power,2025-12-06,1,0.73,0.73
L100000102474,coal_power,2025-12-09,1,0.7,0.7
L100000102474,coal_power,2025-12-10,1,0.93,0.93
L100000102474,coal_power,2025-12-14,1,0.55,0.55
L100000102474,coal_power,2025-12-15,1,0.55,0.55
L100000102474,coal_power,2025-12-20,1,0.67,0.67
L100000102481,coal_power,2025-01-01,3,7.1,3.38
L100000102481,coal_power,2025-01-02,3,8.08,4.22
L100000102481,coal_power,2025-01-03,2,3.9299999999999997,2.52
L100000102481,coal_power,2025-01-04,1,2.36,2.36
L100000102481,coal_power,2025-01-05,2,2.58,1.33
L100000102481,coal_power,2025-01-06,2,4.359999999999999,2.61
L100000102481,coal_power,2025-01-07,3,7.56,3.3
L100000102481,coal_power,2025-01-08,2,3.8,1.9
L100000102481,coal_power,2025-01-09,2,2.55,1.28
L100000102481,coal_power,2025-01-10,3,6.5,2.37
L100000102481,coal_power,2025-01-11,2,3.1799999999999997,1.97
L100000102481,coal_power,2025-01-12,3,6.51,3.21
L100000102481,coal_power,2025-01-13,2,2.3,1.15
L100000102481,coal_power,2025-01-15,1,1.69,1.69
L100000102481,coal_power,2025-01-16,1,2.68,2.68
L100000102481,coal_power,2025-01-17,1,3.25,3.25
L100000102481,coal_power,2025-01-18,3,8.34,4.39
L100000102481,coal_power,2025-01-19,2,3.76,2.54
L100000102481,coal_power,2025-01-20,2,5.199999999999999,2.78
L100000102481,coal_power,2025-01-21,2,3.0,1.5
L100000102481,coal_power,2025-01-22,1,4.77,4.77
L100000102481,coal_power,2025-01-23,2,5.3100000000000005,2.68
L100000102481,coal_power,2025-01-24,1,4.47,4.47
L100000102481,coal_power,2025-01-25,1,1.8,1.8
L100000102481,coal_power,2025-01-27,1,2.07,2.07
L100000102481,coal_power,2025-01-28,3,8.82,4.17
L100000102481,coal_power,2025-01-29,3,6.1,2.36
L100000102481,coal_power,2025-01-30,2,3.98,1.99
L100000102481,coal_power,2025-01-31,3,4.36,2.18
L100000102481,coal_power,2025-02-01,1,3.44,3.44
L100000102481,coal_power,2025-02-02,2,9.05,4.55
L100000102481,coal_power,2025-02-03,3,9.93,5.61
L100000102481,coal_power,2025-02-04,1,2.61,2.61
L100000102481,coal_power,2025-02-05,3,4.470000000000001,1.62
L100000102481,coal_power,2025-02-06,2,2.9000000000000004,1.62
L100000102481,coal_power,2025-02-07,2,3.66,1.83
L100000102481,coal_power,2025-02-08,4,9.78,4.13
L100000102481,coal_power,2025-02-09,2,5.99,3.16
L100000102481,coal_power,2025-02-10,1,2.49,2.49
L100000102481,coal_power,2025-02-11,4,5.609999999999999,2.06
L100000102481,coal_power,2025-02-12,2,3.76,2.8
L100000102481,coal_power,2025-02-13,2,4.24,2.63
L100000102481,coal_power,2025-02-14,2,5.55,3.44
L100000102481,coal_power,2025-02-15,1,2.87,2.87
L100000102481,coal_power,2025-02-16,3,7.0200000000000005,2.87
L100000102481,coal_power,2025-02-17,1,3.19,3.19
L100000102481,coal_power,2025-02-18,3,9.51,4.25
L100000102481,coal_power,2025-02-19,3,7.8100000000000005,3.73
L100000102481,coal_power,2025-02-21,2,1.66,0.83
L100000102481,coal_power,2025-02-22,2,2.14,1.07
L100000102481,coal_power,2025-02-23,2,4.22,2.11
L100000102481,coal_power,2025-02-24,2,4.9,2.45
L100000102481,coal_power,2025-02-25,1,4.03,4.03
L100000102481,coal_power,2025-02-26,1,2.25,2.25
L100000102481,coal_power,2025-02-27,4,5.71,2.12
L100000102481,coal_power,2025-02-28,3,6.35,2.58
L100000102481,coal_power,2025-03-01,2,6.19,4.03
L100000102481,coal_power,2025-03-02,3,11.51,5.07
L100000102481,coal_power,2025-03-03,1,3.95,3.95
L100000102481,coal_power,2025-03-04,3,7.55,2.89
L100000102481,coal_power,2025-03-05,2,8.77,5.21
L100000102481,coal_power,2025-03-06,2,4.18,2.09
L100000102481,coal_power,2025-03-07,4,6.37,3.0
L100000102481,coal_power,2025-03-08,2,7.15,4.05
L100000102481,coal_power,2025-03-09,2,4.65,2.79
L100000102481,coal_power,2025-03-10,2,4.57,2.63
L100000102481,coal_power,2025-03-11,2,5.67,3.72
L100000102481,coal_power,2025-03-12,2,5.59,3.92
L100000102481,coal_power,2025-03-13,1,5.02,5.02
L100000102481,coal_power,2025-03-14,1,3.19,3.19
L100000102481,coal_power,2025-03-15,3,5.73,2.15
L100000102481,coal_power,2025-03-16,1,5.01,5.01
L100000102481,coal_power,2025-03-17,4,8.44,3.25
L100000102481,coal_power,2025-03-18,1,4.95,4.95
L100000102481,coal_power,2025-03-19,1,4.83,4.83
L100000102481,coal_power,2025-03-20,1,2.7,2.7
L100000102481,coal_power,2025-03-22,1,1.89,1.89
L100000102481,coal_power,2025-03-24,3,4.72,1.63
L100000102481,coal_power,2025-03-25,2,4.78,2.6
L100000102481,coal_power,2025-03-26,2,3.34,1.67
L100000102481,coal_power,2025-03-27,2,4.57,2.59
L100000102481,coal_power,2025-03-28,2,6.73,3.59
L100000102481,coal_power,2025-03-29,3,6.25,2.69
L100000102481,coal_power,2025-03-30,1,2.61,2.61
L100000102481,coal_power,2025-03-31,2,3.77,2.08
L100000102481,coal_power,2025-04-01,2,4.0,2.0
L100000102481,coal_power,2025-04-02,4,9.32,3.49
L100000102481,coal_power,2025-04-04,1,3.41,3.41
L100000102481,coal_power,2025-04-05,3,6.65,3.08
L100000102481,coal_power,2025-04-06,2,4.88,2.44
L100000102481,coal_power,2025-04-07,4,10.58,4.82
L100000102481,coal_power,2025-04-08,3,13.05,6.08
L100000102481,coal_power,2025-04-09,1,4.16,4.16
L100000102481,coal_power,2025-04-11,2,2.86,2.01
L100000102481,coal_power,2025-04-12,2,8.39,4.39
L100000102481,coal_power,2025-04-14,1,2.96,2.96
L100000102481,coal_power,2025-04-16,2,6.68,4.74
L100000102481,coal_power,2025-04-17,5,11.98,4.02
L100000102481,coal_power,2025-04-18,3,7.24,5.8
L100000102481,coal_power,2025-04-19,3,11.89,5.1
L100000102481,coal_power,2025-04-21,1,1.56,1.56
L100000102481,coal_power,2025-04-22,1,2.74,2.74
L100000102481,coal_power,2025-04-23,4,8.71,4.34
L100000102481,coal_power,2025-04-24,2,4.1,2.25
L100000102481,coal_power,2025-04-25,1,2.65,2.65
L100000102481,coal_power,2025-04-27,1,1.3,1.3
L100000102481,coal_power,2025-04-28,1,6.39,6.39
L100000102481,coal_power,2025-04-30,1,3.04,3.04
L100000102481,coal_power,2025-05-02,4,6.67,2.05
L100000102481,coal_power,2025-05-04,3,8.32,4.82
L100000102481,coal_power,2025-05-05,3,10.18,5.38
L100000102481,coal_power,2025-05-06,2,4.85,2.53
L100000102481,coal_power,2025-05-07,2,4.25,2.19
L100000102481,coal_power,2025-05-08,2,2.56,1.28
L100000102481,coal_power,2025-05-09,3,14.579999999999998,8.2
L100000102481,coal_power,2025-05-10,4,25.83,14.85
L100000102481,coal_power,2025-05-11,1,4.55,4.55
L100000102481,coal_power,2025-05-14,1,3.51,3.51
L100000102481,coal_power,2025-05-15,1,6.94,6.94
L100000102481,coal_power,2025-05-19,3,5.16,2.0
L100000102481,coal_power,2025-05-26,3,8.55,5.05
L100000102481,coal_power,2025-06-01,1,5.48,5.48
L100000102481,coal_power,2025-06-02,1,0.68,0.68
L100000102481,coal_power,2025-06-03,2,4.41,2.22
L100000102481,coal_power,2025-06-05,2,4.22,2.11
L100000102481,coal_power,2025-06-06,1,7.44,7.44
L100000102481,coal_power,2025-06-08,2,9.76,8.15
L100000102481,coal_power,2025-06-10,2,2.0999999999999996,1.14
L100000102481,coal_power,2025-06-11,1,0.4,0.4
L100000102481,coal_power,2025-06-12,1,2.61,2.61
L100000102481,coal_power,2025-06-13,2,2.12,1.17
L100000102481,coal_power,2025-06-14,1,1.81,1.81
L100000102481,coal_power,2025-07-23,1,1.37,1.37
L100000102481,coal_power,2025-07-31,1,2.37,2.37
L100000102481,coal_power,2025-08-03,1,0.29,0.29
L100000102481,coal_power,2025-08-13,2,1.76,0.88
L100000102481,coal_power,2025-08-15,2,1.52,0.76
L100000102481,coal_power,2025-08-16,1,1.45,1.45
L100000102481,coal_power,2025-08-18,1,2.48,2.48
L100000102481,coal_power,2025-08-25,2,3.5500000000000003,2.64
L100000102481,coal_power,2025-08-26,1,2.07,2.07
L100000102481,coal_power,2025-08-29,2,1.82,0.91
L100000102481,coal_power,2025-08-30,2,3.3600000000000003,2.45
L100000102481,coal_power,2025-08-31,2,3.37,1.81
L100000102481,coal_power,2025-09-05,2,4.58,2.29
L100000102481,coal_power,2025-09-06,1,1.37,1.37
L100000102481,coal_power,2025-09-07,4,3.84,1.22
L100000102481,coal_power,2025-09-08,1,0.97,0.97
L100000102481,coal_power,2025-09-09,1,1.69,1.69
L100000102481,coal_power,2025-09-10,1,2.67,2.67
L100000102481,coal_power,2025-09-17,2,2.92,1.76
L100000102481,coal_power,2025-09-18,2,3.56,1.96
L100000102481,coal_power,2025-09-19,3,5.78,2.6
L100000102481,coal_power,2025-09-25,1,1.49,1.49
L100000102481,coal_power,2025-09-28,1,0.61,0.61
L100000102481,coal_power,2025-09-30,3,13.0,7.84
L100000102481,coal_power,2025-10-11,5,9.67,3.14
L100000102481,coal_power,2025-10-12,3,10.19,5.18
L100000102481,coal_power,2025-10-13,2,3.54,1.77
L100000102481,coal_power,2025-10-14,4,7.58,2.23
L100000102481,coal_power,2025-10-15,1,2.43,2.43
L100000102481,coal_power,2025-10-16,2,3.88,2.9
L100000102481,coal_power,2025-10-17,4,9.95,4.86
L100000102481,coal_power,2025-10-18,3,6.91,3.41
L100000102481,coal_power,2025-10-21,4,6.96,3.15
L100000102481,coal_power,2025-10-22,3,7.949999999999999,4.51
L100000102481,coal_power,2025-10-23,1,3.72,3.72
L100000102481,coal_power,2025-10-24,3,4.98,2.06
L100000102481,coal_power,2025-10-25,2,3.78,2.15
L100000102481,coal_power,2025-10-26,4,7.949999999999999,3.53
L100000102481,coal_power,2025-10-27,1,4.22,4.22
L100000102481,coal_power,2025-10-28,2,3.48,1.74
L100000102481,coal_power,2025-10-30,2,2.24,1.37
L100000102481,coal_power,2025-10-31,2,5.18,2.98
L100000102481,coal_power,2025-11-01,2,2.5999999999999996,1.63
L100000102481,coal_power,2025-11-02,1,2.54,2.54
L100000102481,coal_power,2025-11-04,2,3.7600000000000002,2.22
L100000102481,coal_power,2025-11-05,2,3.08,1.95
L100000102481,coal_power,2025-11-06,3,4.62,1.83
L100000102481,coal_power,2025-11-07,3,9.61,4.58
L100000102481,coal_power,2025-11-08,2,4.0,2.0
L100000102481,coal_power,2025-11-09,2,2.91,1.75
L100000102481,coal_power,2025-11-10,4,6.76,2.36
L100000102481,coal_power,2025-11-12,2,4.73,2.74
L100000102481,coal_power,2025-11-13,2,4.6899999999999995,3.34
L100000102481,coal_power,2025-11-14,1,3.95,3.95
L100000102481,coal_power,2025-11-15,4,9.54,3.17
L100000102481,coal_power,2025-11-16,5,9.84,2.43
L100000102481,coal_power,2025-11-17,3,7.79,3.95
L100000102481,coal_power,2025-11-18,4,10.48,5.37
L100000102481,coal_power,2025-11-19,1,0.63,0.63
L100000102481,coal_power,2025-11-21,1,1.84,1.84
L100000102481,coal_power,2025-11-22,3,5.81,2.51
L100000102481,coal_power,2025-11-23,2,5.529999999999999,2.92
L100000102481,coal_power,2025-11-24,3,4.39,1.85
L100000102481,coal_power,2025-11-25,2,3.2300000000000004,2.12
L100000102481,coal_power,2025-11-26,3,6.859999999999999,3.32
L100000102481,coal_power,2025-11-27,2,5.23,3.85
L100000102481,coal_power,2025-11-28,3,7.91,4.7
L100000102481,coal_power,2025-11-29,1,0.78,0.78
L100000102481,coal_power,2025-12-02,1,1.37,1.37
L100000102481,coal_power,2025-12-03,2,2.63,1.62
L100000102481,coal_power,2025-12-04,2,2.1,1.05
L100000102481,coal_power,2025-12-05,1,1.79,1.79
L100000102481,coal_power,2025-12-06,3,4.99,1.85
L100000102481,coal_power,2025-12-07,1,1.09,1.09
L100000102481,coal_power,2025-12-08,1,2.58,2.58
L100000102481,coal_power,2025-12-09,5,10.18,4.28
L100000102481,coal_power,2025-12-10,1,3.21,3.21
L100000102481,coal_power,2025-12-11,2,2.72,1.36
L100000102481,coal_power,2025-12-12,5,7.12,2.36
L100000102481,coal_power,2025-12-13,1,4.06,4.06
L100000102481,coal_power,2025-12-14,4,9.31,4.9
L100000102481,coal_power,2025-12-15,3,5.549999999999999,2.28
L100000102481,coal_power,2025-12-16,2,2.94,1.47
L100000102481,coal_power,2025-12-17,3,6.9799999999999995,3.05
L100000102481,coal_power,2025-12-18,2,3.66,1.89
L100000102481,coal_power,2025-12-19,4,7.8500000000000005,3.14
L100000102481,coal_power,2025-12-20,4,8.799999999999999,3.73
L100000102481,coal_power,2025-12-21,1,1.9,1.9
L100000102481,coal_power,2025-12-22,3,3.46,1.46
L100000102481,coal_power,2025-12-23,2,1.48,0.74
L100000102481,coal_power,2025-12-24,2,4.13,2.38
L100000102481,coal_power,2025-12-25,4,8.3,3.99
L100000102481,coal_power,2025-12-26,2,4.4,2.2
L100000102481,coal_power,2025-12-27,2,2.26,1.13
L100000102481,coal_power,2025-12-28,2,3.41,1.71
L100000102481,coal_power,2025-12-29,1,2.93,2.93
L100000102481,coal_power,2025-12-31,2,3.96,2.19
L100000102489,coal_power,2025-03-28,2,5.76,3.78
L100000102490,coal_power,2025-02-06,1,0.73,0.73
L100000102490,coal_power,2025-02-08,1,4.12,4.12
L100000102490,coal_power,2025-10-12,1,1.03,1.03
L100000102490,coal_power,2025-12-16,1,0.82,0.82
L100000102492,coal_power,2025-01-01,3,5.42,2.74
L100000102492,coal_power,2025-01-02,1,4.19,4.19
L100000102492,coal_power,2025-01-03,3,10.09,4.96
L100000102492,coal_power,2025-01-04,2,5.390000000000001,2.95
L100000102492,coal_power,2025-01-05,1,5.08,5.08
L100000102492,coal_power,2025-01-06,2,4.4,2.2
L100000102492,coal_power,2025-01-07,2,2.9699999999999998,1.73
L100000102492,coal_power,2025-01-08,3,7.539999999999999,4.18
L100000102492,coal_power,2025-01-09,3,6.68,3.12
L100000102492,coal_power,2025-01-10,1,3.25,3.25
L100000102492,coal_power,2025-01-11,1,1.69,1.69
L100000102492,coal_power,2025-01-12,3,7.06,3.75
L100000102492,coal_power,2025-01-13,1,3.7,3.7
L100000102492,coal_power,2025-01-14,5,9.18,3.15
L100000102492,coal_power,2025-01-16,1,2.42,2.42
L100000102492,coal_power,2025-01-17,3,9.1,6.41
L100000102492,coal_power,2025-01-18,3,9.99,5.72
L100000102492,coal_power,2025-01-19,2,6.609999999999999,3.54
L100000102492,coal_power,2025-01-20,1,2.82,2.82
L100000102492,coal_power,2025-01-21,1,3.43,3.43
L100000102492,coal_power,2025-01-22,1,1.61,1.61
L100000102492,coal_power,2025-01-23,2,3.67,2.54
L100000102492,coal_power,2025-01-24,1,3.4,3.4
L100000102492,coal_power,2025-01-25,4,10.05,3.02
L100000102492,coal_power,2025-01-26,3,5.63,2.32
L100000102492,coal_power,2025-01-27,2,5.22,2.61
L100000102492,coal_power,2025-01-28,2,4.48,2.87
L100000102492,coal_power,2025-01-29,3,6.15,3.06
L100000102492,coal_power,2025-01-30,3,5.69,2.47
L100000102492,coal_power,2025-01-31,3,6.45,2.31
L100000102492,coal_power,2025-02-01,4,9.209999999999999,4.06
L100000102492,coal_power,2025-02-02,2,3.76,1.88
L100000102492,coal_power,2025-02-03,2,4.970000000000001,2.93
L100000102492,coal_power,2025-02-04,1,2.77,2.77
L100000102492,coal_power,2025-02-05,1,2.5,2.5
L100000102492,coal_power,2025-02-06,2,5.26,3.5
L100000102492,coal_power,2025-02-07,4,13.32,5.25
L100000102492,coal_power,2025-02-08,2,3.24,1.93
L100000102492,coal_power,2025-02-09,2,4.56,2.28
L100000102492,coal_power,2025-02-10,4,8.86,4.4
L100000102492,coal_power,2025-02-11,3,5.48,3.18
L100000102492,coal_power,2025-02-12,1,1.91,1.91
L100000102492,coal_power,2025-02-13,4,9.040000000000001,5.08
L100000102492,coal_power,2025-02-14,2,6.3,4.42
L100000102492,coal_power,2025-02-15,3,5.210000000000001,2.72
L100000102492,coal_power,2025-02-16,3,7.95,3.75
L100000102492,coal_power,2025-02-17,1,1.6,1.6
L100000102492,coal_power,2025-02-18,3,6.41,3.57
L100000102492,coal_power,2025-02-19,3,5.890000000000001,3.17
L100000102492,coal_power,2025-02-20,2,2.98,1.49
L100000102492,coal_power,2025-02-22,3,7.66,3.19
L100000102492,coal_power,2025-02-23,3,10.0,5.11
L100000102492,coal_power,2025-02-24,3,8.77,4.99
L100000102492,coal_power,2025-02-25,3,6.66,3.94
L100000102492,coal_power,2025-02-26,3,3.79,1.31
L100000102492,coal_power,2025-02-27,5,10.809999999999999,3.14
L100000102492,coal_power,2025-02-28,2,4.85,3.04
L100000102492,coal_power,2025-03-01,3,10.030000000000001,4.66
L100000102492,coal_power,2025-03-02,2,5.949999999999999,3.63
L100000102492,coal_power,2025-03-03,3,5.45,2.77
L100000102492,coal_power,2025-03-04,5,10.75,4.73
L100000102492,coal_power,2025-03-05,2,4.4399999999999995,3.3
L100000102492,coal_power,2025-03-06,3,8.48,4.3
L100000102492,coal_power,2025-03-07,2,3.06,1.99
L100000102492,coal_power,2025-03-08,2,1.9500000000000002,1.07
L100000102492,coal_power,2025-03-09,3,6.84,2.86
L100000102492,coal_power,2025-03-10,1,2.95,2.95
L100000102492,coal_power,2025-03-11,2,5.609999999999999,3.94
L100000102492,coal_power,2025-03-12,2,3.42,1.71
L100000102492,coal_power,2025-03-13,3,6.489999999999999,2.3
L100000102492,coal_power,2025-03-14,2,5.390000000000001,3.49
L100000102492,coal_power,2025-03-15,1,1.49,1.49
L100000102492,coal_power,2025-03-16,4,9.34,3.02
L100000102492,coal_power,2025-03-17,2,7.53,4.08
L100000102492,coal_power,2025-03-18,2,6.96,3.96
L100000102492,coal_power,2025-03-19,1,3.53,3.53
L100000102492,coal_power,2025-03-20,4,9.41,2.76
L100000102492,coal_power,2025-03-22,4,5.52,2.73
L100000102492,coal_power,2025-03-23,2,3.37,1.82
L100000102492,coal_power,2025-03-24,1,3.8,3.8
L100000102492,coal_power,2025-03-25,3,8.540000000000001,3.66
L100000102492,coal_power,2025-03-26,2,5.819999999999999,4.1
L100000102492,coal_power,2025-03-27,2,4.79,2.72
L100000102492,coal_power,2025-03-28,1,3.92,3.92
L100000102492,coal_power,2025-03-29,2,5.2,3.71
L100000102492,coal_power,2025-03-30,2,4.21,2.35
L100000102492,coal_power,2025-03-31,2,2.28,1.14
L100000102492,coal_power,2025-04-02,1,3.29,3.29
L100000102492,coal_power,2025-04-04,2,2.53,1.39
L100000102492,coal_power,2025-04-05,2,5.32,3.2
L100000102492,coal_power,2025-04-06,3,9.25,5.35
L100000102492,coal_power,2025-04-07,2,4.0600000000000005,2.69
L100000102492,coal_power,2025-04-08,2,10.73,7.47
L100000102492,coal_power,2025-04-09,3,7.17,2.66
L100000102492,coal_power,2025-04-11,1,2.88,2.88
L100000102492,coal_power,2025-04-14,2,6.9399999999999995,3.51
L100000102492,coal_power,2025-04-15,3,4.53,2.41
L100000102492,coal_power,2025-04-16,2,3.91,2.1
L100000102492,coal_power,2025-04-18,2,3.34,1.67
L100000102492,coal_power,2025-04-19,1,1.1,1.1
L100000102492,coal_power,2025-04-20,2,5.53,3.79
L100000102492,coal_power,2025-04-21,3,8.56,3.75
L100000102492,coal_power,2025-04-22,2,6.42,4.18
L100000102492,coal_power,2025-04-23,1,4.0,4.0
L100000102492,coal_power,2025-04-24,2,3.12,1.6
L100000102492,coal_power,2025-04-25,1,5.31,5.31
L100000102492,coal_power,2025-04-28,1,1.84,1.84
L100000102492,coal_power,2025-04-29,2,6.8,4.83
L100000102492,coal_power,2025-04-30,2,9.04,6.47
L100000102492,coal_power,2025-05-01,3,10.66,4.95
L100000102492,coal_power,2025-05-02,2,3.33,2.36
L100000102492,coal_power,2025-05-03,1,2.78,2.78
L100000102492,coal_power,2025-05-04,3,7.37,3.84
L100000102492,coal_power,2025-05-05,1,2.11,2.11
L100000102492,coal_power,2025-05-06,4,7.709999999999999,2.53
L100000102492,coal_power,2025-05-08,1,0.67,0.67
L100000102492,coal_power,2025-05-09,2,6.08,4.41
L100000102492,coal_power,2025-05-10,4,13.1,7.16
L100000102492,coal_power,2025-05-14,2,8.39,5.78
L100000102492,coal_power,2025-05-15,1,3.74,3.74
L100000102492,coal_power,2025-05-16,5,6.9,2.05
L100000102492,coal_power,2025-05-20,3,10.23,4.58
L100000102492,coal_power,2025-05-25,3,5.29,2.21
L100000102492,coal_power,2025-05-26,1,0.92,0.92
L100000102492,coal_power,2025-05-29,1,2.35,2.35
L100000102492,coal_power,2025-05-31,2,2.0300000000000002,1.34
L100000102492,coal_power,2025-06-01,3,9.719999999999999,5.89
L100000102492,coal_power,2025-06-02,2,6.85,4.75
L100000102492,coal_power,2025-06-03,1,2.34,2.34
L100000102492,coal_power,2025-06-04,1,2.97,2.97
L100000102492,coal_power,2025-06-05,2,3.16,1.58
L100000102492,coal_power,2025-06-06,2,8.35,5.53
L100000102492,coal_power,2025-06-07,1,2.44,2.44
L100000102492,coal_power,2025-06-08,3,5.16,2.12
L100000102492,coal_power,2025-06-09,2,6.94,5.07
L100000102492,coal_power,2025-06-10,1,1.97,1.97
L100000102492,coal_power,2025-06-11,4,14.83,7.81
L100000102492,coal_power,2025-06-13,2,4.97,2.82
L100000102492,coal_power,2025-06-14,2,2.4,1.41
L100000102492,coal_power,2025-07-16,1,0.78,0.78
L100000102492,coal_power,2025-07-18,4,18.32,8.08
L100000102492,coal_power,2025-07-21,1,1.13,1.13
L100000102492,coal_power,2025-07-22,1,4.04,4.04
L100000102492,coal_power,2025-07-23,1,0.98,0.98
L100000102492,coal_power,2025-08-09,1,6.63,6.63
L100000102492,coal_power,2025-08-11,3,6.84,2.76
L100000102492,coal_power,2025-08-14,1,1.49,1.49
L100000102492,coal_power,2025-08-15,4,8.620000000000001,2.31
L100000102492,coal_power,2025-08-16,2,2.71,1.6
L100000102492,coal_power,2025-08-17,1,1.42,1.42
L100000102492,coal_power,2025-08-29,1,3.45,3.45
L100000102492,coal_power,2025-08-30,1,1.2,1.2
L100000102492,coal_power,2025-08-31,1,5.44,5.44
L100000102492,coal_power,2025-09-05,2,4.21,3.04
L100000102492,coal_power,2025-09-06,1,3.47,3.47
L100000102492,coal_power,2025-09-07,3,6.569999999999999,4.27
L100000102492,coal_power,2025-09-08,1,3.43,3.43
L100000102492,coal_power,2025-09-10,1,3.24,3.24
L100000102492,coal_power,2025-09-11,1,5.36,5.36
L100000102492,coal_power,2025-09-12,3,3.75,1.6
L100000102492,coal_power,2025-09-13,3,8.56,3.94
L100000102492,coal_power,2025-09-17,2,2.62,1.4
L100000102492,coal_power,2025-09-18,2,5.92,2.96
L100000102492,coal_power,2025-09-19,2,5.99,4.14
L100000102492,coal_power,2025-09-20,1,4.57,4.57
L100000102492,coal_power,2025-09-24,1,1.22,1.22
L100000102492,coal_power,2025-09-25,2,7.57,5.32
L100000102492,coal_power,2025-09-27,3,2.7600000000000002,0.92
L100000102492,coal_power,2025-09-28,3,8.15,2.96
L100000102492,coal_power,2025-09-29,1,1.6,1.6
L100000102492,coal_power,2025-09-30,2,7.72,4.35
L100000102492,coal_power,2025-10-07,1,3.1,3.1
L100000102492,coal_power,2025-10-08,1,2.71,2.71
L100000102492,coal_power,2025-10-09,3,4.640000000000001,2.18
L100000102492,coal_power,2025-10-10,3,6.33,2.41
L100000102492,coal_power,2025-10-12,2,10.16,5.61
L100000102492,coal_power,2025-10-13,3,5.1,3.18
L100000102492,coal_power,2025-10-14,4,8.370000000000001,2.99
L100000102492,coal_power,2025-10-15,1,3.13,3.13
L100000102492,coal_power,2025-10-16,2,3.87,2.71
L100000102492,coal_power,2025-10-17,4,9.17,5.06
L100000102492,coal_power,2025-10-18,4,7.12,2.06
L100000102492,coal_power,2025-10-19,3,5.550000000000001,1.85
L100000102492,coal_power,2025-10-21,3,3.82,1.52
L100000102492,coal_power,2025-10-22,3,4.83,1.61
L100000102492,coal_power,2025-10-23,3,6.4399999999999995,3.44
L100000102492,coal_power,2025-10-24,4,7.96,2.14
L100000102492,coal_power,2025-10-26,2,5.88,3.63
L100000102492,coal_power,2025-10-27,2,6.21,5.28
L100000102492,coal_power,2025-10-30,5,8.969999999999999,2.63
L100000102492,coal_power,2025-10-31,1,2.63,2.63
L100000102492,coal_power,2025-11-01,1,1.93,1.93
L100000102492,coal_power,2025-11-02,1,2.17,2.17
L100000102492,coal_power,2025-11-03,4,14.219999999999999,5.76
L100000102492,coal_power,2025-11-04,2,4.64,2.8
L100000102492,coal_power,2025-11-05,2,14.469999999999999,7.79
L100000102492,coal_power,2025-11-06,3,5.8,2.86
L100000102492,coal_power,2025-11-07,3,5.029999999999999,1.68
L100000102492,coal_power,2025-11-08,4,13.64,5.95
L100000102492,coal_power,2025-11-09,2,4.55,3.14
L100000102492,coal_power,2025-11-10,1,3.33,3.33
L100000102492,coal_power,2025-11-11,1,6.96,6.96
L100000102492,coal_power,2025-11-12,2,4.21,2.36
L100000102492,coal_power,2025-11-13,2,5.21,3.01
L100000102492,coal_power,2025-11-14,3,3.18,1.06
L100000102492,coal_power,2025-11-15,4,9.940000000000001,3.79
L100000102492,coal_power,2025-11-16,3,7.52,3.02
L100000102492,coal_power,2025-11-17,1,2.88,2.88
L100000102492,coal_power,2025-11-18,2,3.14,1.57
L100000102492,coal_power,2025-11-19,2,3.64,2.43
L100000102492,coal_power,2025-11-20,4,10.39,6.13
L100000102492,coal_power,2025-11-21,2,4.41,2.26
L100000102492,coal_power,2025-11-22,3,4.26,1.78
L100000102492,coal_power,2025-11-23,2,3.98,1.99
L100000102492,coal_power,2025-11-24,2,4.7,2.43
L100000102492,coal_power,2025-11-25,4,9.030000000000001,3.16
L100000102492,coal_power,2025-11-26,1,1.41,1.41
L100000102492,coal_power,2025-11-27,3,11.620000000000001,6.58
L100000102492,coal_power,2025-11-28,1,2.31,2.31
L100000102492,coal_power,2025-11-29,1,3.81,3.81
L100000102492,coal_power,2025-12-01,3,5.279999999999999,2.15
L100000102492,coal_power,2025-12-02,3,10.52,4.65
L100000102492,coal_power,2025-12-03,3,4.53,1.51
L100000102492,coal_power,2025-12-04,2,3.42,1.71
L100000102492,coal_power,2025-12-05,1,2.34,2.34
L100000102492,coal_power,2025-12-06,1,3.61,3.61
L100000102492,coal_power,2025-12-07,1,1.79,1.79
L100000102492,coal_power,2025-12-08,2,4.53,3.39
L100000102492,coal_power,2025-12-09,3,7.14,4.3
L100000102492,coal_power,2025-12-10,4,6.78,2.14
L100000102492,coal_power,2025-12-11,4,7.71,3.0
L100000102492,coal_power,2025-12-12,1,1.87,1.87
L100000102492,coal_power,2025-12-13,2,5.029999999999999,2.59
L100000102492,coal_power,2025-12-14,4,7.73,3.74
L100000102492,coal_power,2025-12-15,3,10.309999999999999,4.55
L100000102492,coal_power,2025-12-16,4,9.469999999999999,3.94
L100000102492,coal_power,2025-12-17,5,11.870000000000001,3.71
L100000102492,coal_power,2025-12-18,1,2.06,2.06
L100000102492,coal_power,2025-12-19,3,8.71,3.72
L100000102492,coal_power,2025-12-20,3,9.84,5.7
L100000102492,coal_power,2025-12-21,2,5.52,3.52
L100000102492,coal_power,2025-12-22,3,8.5,5.08
L100000102492,coal_power,2025-12-23,3,7.129999999999999,2.76
L100000102492,coal_power,2025-12-24,3,10.71,4.37
L100000102492,coal_power,2025-12-25,2,7.23,3.94
L100000102492,coal_power,2025-12-26,5,10.92,2.99
L100000102492,coal_power,2025-12-27,5,13.620000000000001,5.2
L100000102492,coal_power,2025-12-28,3,6.12,2.79
L100000102492,coal_power,2025-12-29,2,8.66,6.01
L100000102492,coal_power,2025-12-30,3,8.45,5.75
L100000102492,coal_power,2025-12-31,4,10.97,4.95
L100000102493,coal_power,2025-01-10,1,3.35,3.35
L100000102493,coal_power,2025-03-06,1,3.4,3.4
L100000102493,coal_power,2025-03-11,1,11.87,11.87
L100000102493,coal_power,2025-04-13,1,5.68,5.68
L100000102493,coal_power,2025-12-24,1,2.99,2.99
L100000102494,coal_power,2025-01-11,1,1.14,1.14
L100000102494,coal_power,2025-01-13,1,0.77,0.77
L100000102494,coal_power,2025-01-17,1,0.72,0.72
L100000102494,coal_power,2025-02-12,1,1.03,1.03
L100000102494,coal_power,2025-02-27,1,2.27,2.27
L100000102494,coal_power,2025-03-07,1,0.68,0.68
L100000102494,coal_power,2025-04-05,1,1.59,1.59
L100000102494,coal_power,2025-04-09,1,2.78,2.78
L100000102494,coal_power,2025-08-19,1,0.7,0.7
L100000102494,coal_power,2025-09-04,1,0.48,0.48
L100000102494,coal_power,2025-11-17,1,1.21,1.21
L100000102494,coal_power,2025-11-29,1,3.31,3.31
L100000102494,coal_power,2025-12-09,2,0.84,0.42
L100000102494,coal_power,2025-12-12,2,8.790000000000001,4.98
L100000102494,coal_power,2025-12-13,1,1.24,1.24
L100000102494,coal_power,2025-12-25,1,1.08,1.08
L100000102494,coal_power,2025-12-26,1,0.44,0.44
L100000102494,coal_power,2025-12-29,1,1.42,1.42
L100000102494,coal_power,2025-12-30,1,0.49,0.49
L100000102494,coal_power,2025-12-31,1,3.21,3.21
L100000102500,coal_power,2025-02-12,1,2.5,2.5
L100000102500,coal_power,2025-03-06,1,5.36,5.36
L100000102500,coal_power,2025-03-12,1,2.93,2.93
L100000102501,coal_power,2025-01-10,1,7.83,7.83
L100000102501,coal_power,2025-02-03,1,1.59,1.59
L100000102501,coal_power,2025-02-08,1,3.53,3.53
L100000102501,coal_power,2025-02-11,1,0.36,0.36
L100000102501,coal_power,2025-02-23,1,4.44,4.44
L100000102501,coal_power,2025-03-29,1,5.3,5.3
L100000102501,coal_power,2025-12-20,2,7.51,3.78
L100000102503,coal_power,2025-02-06,2,11.33,6.01
L100000102508,coal_power,2025-05-11,2,4.890000000000001,2.73
L100000102509,coal_power,2025-03-27,1,7.46,7.46
L100000102510,coal_power,2025-05-10,4,24.53,9.79
L100000102510,coal_power,2025-05-13,1,4.14,4.14
L100000102510,coal_power,2025-05-15,3,31.35,12.76
L100000102511,coal_power,2025-05-10,2,9.89,5.25
L100000102511,coal_power,2025-05-12,1,3.38,3.38
L100000102511,coal_power,2025-10-27,1,3.46,3.46
L100000102512,coal_power,2025-01-20,1,0.98,0.98
L100000102512,coal_power,2025-01-23,1,2.03,2.03
L100000102512,coal_power,2025-01-24,1,1.04,1.04
L100000102512,coal_power,2025-01-25,1,1.9,1.9
L100000102512,coal_power,2025-01-26,2,1.97,1.01
L100000102512,coal_power,2025-01-27,1,0.68,0.68
L100000102512,coal_power,2025-03-16,1,3.04,3.04
L100000102540,coal_power,2025-02-28,1,0.75,0.75
L100000102540,coal_power,2025-07-10,1,0.5,0.5
L100000102540,coal_power,2025-10-11,1,0.96,0.96
L100000102540,coal_power,2025-11-14,1,0.36,0.36
L100000102540,coal_power,2025-12-30,1,0.51,0.51
L100000102548,coal_power,2025-01-13,1,0.77,0.77
L100000102548,coal_power,2025-04-08,1,2.12,2.12
L100000102548,coal_power,2025-08-06,1,2.84,2.84
L100000102548,coal_power,2025-08-14,1,0.84,0.84
L100000102548,coal_power,2025-10-21,1,2.06,2.06
L100000102548,coal_power,2025-10-30,2,1.1,0.57
L100000102549,coal_power,2025-01-01,1,0.96,0.96
L100000102549,coal_power,2025-01-08,1,0.71,0.71
L100000102549,coal_power,2025-01-27,1,1.05,1.05
L100000102549,coal_power,2025-01-28,1,0.98,0.98
L100000102549,coal_power,2025-02-05,1,0.67,0.67
L100000102549,coal_power,2025-02-06,1,1.26,1.26
L100000102549,coal_power,2025-02-07,1,0.67,0.67
L100000102549,coal_power,2025-02-12,1,1.49,1.49
L100000102549,coal_power,2025-02-13,1,1.02,1.02
L100000102549,coal_power,2025-02-14,1,0.89,0.89
L100000102549,coal_power,2025-03-22,1,0.88,0.88
L100000102549,coal_power,2025-03-23,1,1.29,1.29
L100000102549,coal_power,2025-03-26,1,0.97,0.97
L100000102549,coal_power,2025-04-01,1,0.98,0.98
L100000102549,coal_power,2025-04-07,1,1.79,1.79
L100000102549,coal_power,2025-04-18,1,1.47,1.47
L100000102549,coal_power,2025-04-28,1,1.07,1.07
L100000102549,coal_power,2025-06-26,1,0.45,0.45
L100000102549,coal_power,2025-07-12,2,2.9,1.67
L100000102549,coal_power,2025-12-24,1,0.92,0.92
L100000102549,coal_power,2025-12-29,1,0.88,0.88
L100000102560,coal_power,2025-01-01,1,1.42,1.42
L100000102560,coal_power,2025-01-03,1,1.3,1.3
L100000102560,coal_power,2025-01-06,2,2.18,1.11
L100000102560,coal_power,2025-01-07,1,1.45,1.45
L100000102560,coal_power,2025-01-11,2,3.23,1.66
L100000102560,coal_power,2025-01-16,1,1.79,1.79
L100000102560,coal_power,2025-01-17,1,1.14,1.14
L100000102560,coal_power,2025-01-19,2,3.51,2.1
L100000102560,coal_power,2025-01-21,1,4.3,4.3
L100000102560,coal_power,2025-01-22,1,1.46,1.46
L100000102560,coal_power,2025-01-27,2,1.26,0.63
L100000102560,coal_power,2025-02-01,1,1.74,1.74
L100000102560,coal_power,2025-02-02,1,2.46,2.46
L100000102560,coal_power,2025-02-04,1,2.28,2.28
L100000102560,coal_power,2025-02-05,3,4.74,1.94
L100000102560,coal_power,2025-02-08,1,1.73,1.73
L100000102560,coal_power,2025-02-09,2,3.49,1.86
L100000102560,coal_power,2025-02-11,1,2.45,2.45
L100000102560,coal_power,2025-02-12,2,4.16,2.08
L100000102560,coal_power,2025-02-17,2,3.22,1.61
L100000102560,coal_power,2025-02-18,1,1.87,1.87
L100000102560,coal_power,2025-02-22,1,2.94,2.94
L100000102560,coal_power,2025-02-23,1,2.03,2.03
L100000102560,coal_power,2025-02-24,1,2.84,2.84
L100000102560,coal_power,2025-02-28,1,1.53,1.53
L100000102560,coal_power,2025-03-05,1,2.2,2.2
L100000102560,coal_power,2025-03-10,2,3.23,1.77
L100000102560,coal_power,2025-03-11,1,3.33,3.33
L100000102560,coal_power,2025-03-17,1,3.33,3.33
L100000102560,coal_power,2025-03-18,1,1.81,1.81
L100000102560,coal_power,2025-03-20,1,9.49,9.49
L100000102560,coal_power,2025-03-25,2,1.44,0.72
L100000102560,coal_power,2025-03-27,1,1.66,1.66
L100000102560,coal_power,2025-04-10,1,1.6,1.6
L100000102560,coal_power,2025-04-12,2,2.7800000000000002,1.84
L100000102560,coal_power,2025-04-17,4,16.74,5.85
L100000102560,coal_power,2025-04-22,3,3.87,1.29
L100000102560,coal_power,2025-04-23,1,1.25,1.25
L100000102560,coal_power,2025-04-28,2,1.06,0.57
L100000102560,coal_power,2025-05-02,1,1.89,1.89
L100000102560,coal_power,2025-05-03,3,3.4,1.14
L100000102560,coal_power,2025-05-04,1,2.39,2.39
L100000102560,coal_power,2025-05-05,2,3.0599999999999996,1.63
L100000102560,coal_power,2025-06-04,1,3.08,3.08
L100000102560,coal_power,2025-06-05,1,2.06,2.06
L100000102560,coal_power,2025-06-19,3,3.65,1.89
L100000102560,coal_power,2025-06-20,2,4.62,3.8
L100000102560,coal_power,2025-07-10,1,2.6,2.6
L100000102560,coal_power,2025-07-12,2,2.86,1.43
L100000102560,coal_power,2025-07-28,1,3.11,3.11
L100000102560,coal_power,2025-08-14,1,1.54,1.54
L100000102560,coal_power,2025-08-19,1,1.68,1.68
L100000102560,coal_power,2025-08-24,1,0.77,0.77
L100000102560,coal_power,2025-08-29,2,2.58,1.34
L100000102560,coal_power,2025-09-07,1,0.98,0.98
L100000102560,coal_power,2025-09-29,1,1.34,1.34
L100000102560,coal_power,2025-10-06,2,3.7800000000000002,2.0
L100000102560,coal_power,2025-11-02,2,2.56,1.28
L100000102560,coal_power,2025-11-07,1,1.18,1.18
L100000102560,coal_power,2025-11-12,2,3.41,1.91
L100000102560,coal_power,2025-11-27,1,0.92,0.92
L100000102560,coal_power,2025-12-07,1,1.65,1.65
L100000102560,coal_power,2025-12-08,1,3.08,3.08
L100000102560,coal_power,2025-12-10,1,1.35,1.35
L100000102560,coal_power,2025-12-12,2,2.04,1.02
L100000102560,coal_power,2025-12-13,1,1.18,1.18
L100000102560,coal_power,2025-12-17,1,0.93,0.93
L100000102560,coal_power,2025-12-18,1,1.62,1.62
L100000102560,coal_power,2025-12-21,1,1.83,1.83
L100000102560,coal_power,2025-12-22,1,1.32,1.32
L100000102560,coal_power,2025-12-23,1,2.66,2.66
L100000102560,coal_power,2025-12-24,1,3.59,3.59
L100000102560,coal_power,2025-12-28,3,4.75,2.05
L100000102560,coal_power,2025-12-30,2,3.4299999999999997,1.89
L100000102569,coal_power,2025-05-04,1,3.06,3.06
L100000102569,coal_power,2025-12-13,1,1.28,1.28
L100000102576,coal_power,2025-06-08,1,6.87,6.87
L100000102576,coal_power,2025-06-20,1,2.75,2.75
L100000102582,coal_power,2025-06-02,3,25.34,9.33
L100000102582,coal_power,2025-06-07,2,11.5,6.28
L100000102583,coal_power,2025-06-05,2,6.9799999999999995,5.27
L100000102587,coal_power,2025-05-02,1,4.86,4.86
L100000102587,coal_power,2025-07-14,2,4.98,2.49
L100000102587,coal_power,2025-08-19,3,10.46,5.91
L100000102587,coal_power,2025-08-27,1,7.64,7.64
L100000102592,coal_power,2025-12-07,1,2.69,2.69
L100000102593,coal_power,2025-02-07,1,4.01,4.01
L100000102594,coal_power,2025-02-03,2,11.93,6.87
L100000102594,coal_power,2025-12-23,1,1.49,1.49
L100000102595,coal_power,2025-04-07,2,2.55,1.97
L100000102600,coal_power,2025-12-04,1,0.44,0.44
L100000102607,coal_power,2025-12-01,1,3.58,3.58
L100000102610,coal_power,2025-03-27,1,11.04,11.04
L100000102613,coal_power,2025-04-30,1,1.02,1.02
L100000102616,coal_power,2025-01-11,1,0.44,0.44
L100000102616,coal_power,2025-01-17,1,0.87,0.87
L100000102616,coal_power,2025-01-28,1,4.93,4.93
L100000102620,coal_power,2025-02-11,1,5.08,5.08
L100000102620,coal_power,2025-02-25,1,2.83,2.83
L100000102620,coal_power,2025-06-06,1,6.34,6.34
L100000102646,coal_power,2025-04-26,2,3.6799999999999997,2.29
L100000102666,coal_power,2025-02-03,1,3.17,3.17
L100000102667,coal_power,2025-11-17,1,2.44,2.44
L100000102671,coal_power,2025-01-01,1,1.56,1.56
L100000102671,coal_power,2025-01-02,3,4.65,2.87
L100000102671,coal_power,2025-01-03,1,1.23,1.23
L100000102671,coal_power,2025-01-07,1,0.28,0.28
L100000102671,coal_power,2025-01-08,3,3.55,1.53
L100000102671,coal_power,2025-01-09,1,1.16,1.16
L100000102671,coal_power,2025-01-10,1,2.94,2.94
L100000102671,coal_power,2025-01-11,3,5.1,1.7
L100000102671,coal_power,2025-01-12,2,1.87,0.98
L100000102671,coal_power,2025-01-13,2,2.24,1.44
L100000102671,coal_power,2025-01-14,1,2.84,2.84
L100000102671,coal_power,2025-01-15,1,1.49,1.49
L100000102671,coal_power,2025-01-18,1,1.13,1.13
L100000102671,coal_power,2025-01-21,1,2.74,2.74
L100000102671,coal_power,2025-01-22,1,4.19,4.19
L100000102671,coal_power,2025-01-23,3,7.6899999999999995,4.77
L100000102671,coal_power,2025-01-24,2,2.16,1.26
L100000102671,coal_power,2025-01-25,2,4.04,2.02
L100000102671,coal_power,2025-01-26,4,11.239999999999998,4.02
L100000102671,coal_power,2025-01-27,1,1.86,1.86
L100000102671,coal_power,2025-01-28,3,4.1899999999999995,2.03
L100000102671,coal_power,2025-01-29,1,0.84,0.84
L100000102671,coal_power,2025-01-30,3,4.25,1.61
L100000102671,coal_power,2025-02-01,1,1.07,1.07
L100000102671,coal_power,2025-02-02,1,2.35,2.35
L100000102671,coal_power,2025-02-03,3,4.61,1.57
L100000102671,coal_power,2025-02-05,2,2.59,1.66
L100000102671,coal_power,2025-02-07,1,1.13,1.13
L100000102671,coal_power,2025-02-08,2,3.96,1.98
L100000102671,coal_power,2025-02-09,2,15.84,10.71
L100000102671,coal_power,2025-02-11,2,8.03,6.21
L100000102671,coal_power,2025-02-12,2,3.08,1.54
L100000102671,coal_power,2025-02-14,1,2.95,2.95
L100000102671,coal_power,2025-02-15,2,2.36,1.18
L100000102671,coal_power,2025-02-16,1,2.12,2.12
L100000102671,coal_power,2025-02-17,1,1.11,1.11
L100000102671,coal_power,2025-02-19,3,4.43,1.99
L100000102671,coal_power,2025-02-20,1,1.07,1.07
L100000102671,coal_power,2025-02-21,2,4.53,3.42
L100000102671,coal_power,2025-02-22,1,0.57,0.57
L100000102671,coal_power,2025-02-26,3,6.02,2.35
L100000102671,coal_power,2025-03-03,1,1.53,1.53
L100000102671,coal_power,2025-03-05,4,6.1,2.32
L100000102671,coal_power,2025-03-06,2,5.12,2.95
L100000102671,coal_power,2025-03-07,2,2.42,1.7
L100000102671,coal_power,2025-03-09,2,3.06,2.16
L100000102671,coal_power,2025-03-10,2,4.4399999999999995,2.8
L100000102671,coal_power,2025-03-12,2,2.16,1.08
L100000102671,coal_power,2025-03-16,3,5.3100000000000005,2.07
L100000102671,coal_power,2025-03-17,1,2.46,2.46
L100000102671,coal_power,2025-03-18,3,6.470000000000001,3.49
L100000102671,coal_power,2025-03-19,2,8.5,4.76
L100000102671,coal_power,2025-03-22,2,8.2,4.1
L100000102671,coal_power,2025-03-23,1,0.83,0.83
L100000102671,coal_power,2025-03-24,1,1.45,1.45
L100000102671,coal_power,2025-03-25,1,2.39,2.39
L100000102671,coal_power,2025-03-26,1,2.06,2.06
L100000102671,coal_power,2025-03-27,1,1.86,1.86
L100000102671,coal_power,2025-03-28,1,3.45,3.45
L100000102671,coal_power,2025-03-30,1,3.73,3.73
L100000102671,coal_power,2025-03-31,1,3.11,3.11
L100000102671,coal_power,2025-04-04,1,2.73,2.73
L100000102671,coal_power,2025-04-08,2,2.84,1.45
L100000102671,coal_power,2025-04-18,1,2.17,2.17
L100000102671,coal_power,2025-04-19,1,4.62,4.62
L100000102671,coal_power,2025-04-23,1,2.61,2.61
L100000102671,coal_power,2025-04-26,1,1.81,1.81
L100000102671,coal_power,2025-04-28,1,1.26,1.26
L100000102671,coal_power,2025-04-30,2,3.38,1.72
L100000102671,coal_power,2025-05-02,2,4.029999999999999,2.28
L100000102671,coal_power,2025-05-04,1,2.71,2.71
L100000102671,coal_power,2025-05-06,1,1.93,1.93
L100000102671,coal_power,2025-05-07,1,2.72,2.72
L100000102671,coal_power,2025-05-10,1,3.15,3.15
L100000102671,coal_power,2025-05-19,2,3.45,1.76
L100000102671,coal_power,2025-05-27,1,2.06,2.06
L100000102671,coal_power,2025-06-01,1,1.59,1.59
L100000102671,coal_power,2025-06-11,2,3.22,1.61
L100000102671,coal_power,2025-08-09,1,2.59,2.59
L100000102671,coal_power,2025-08-25,1,1.67,1.67
L100000102671,coal_power,2025-09-05,1,2.26,2.26
L100000102671,coal_power,2025-09-06,1,2.04,2.04
L100000102671,coal_power,2025-09-08,1,1.8,1.8
L100000102671,coal_power,2025-09-27,1,1.6,1.6
L100000102671,coal_power,2025-10-06,1,2.73,2.73
L100000102671,coal_power,2025-10-07,2,2.06,1.21
L100000102671,coal_power,2025-10-11,1,0.92,0.92
L100000102671,coal_power,2025-10-14,1,1.53,1.53
L100000102671,coal_power,2025-10-16,1,7.76,7.76
L100000102671,coal_power,2025-10-17,2,1.42,0.71
L100000102671,coal_power,2025-10-18,1,1.71,1.71
L100000102671,coal_power,2025-10-19,1,1.98,1.98
L100000102671,coal_power,2025-10-20,1,7.99,7.99
L100000102671,coal_power,2025-10-22,1,1.45,1.45
L100000102671,coal_power,2025-10-23,1,2.49,2.49
L100000102671,coal_power,2025-10-24,2,5.05,3.14
L100000102671,coal_power,2025-11-03,1,4.24,4.24
L100000102671,coal_power,2025-11-06,1,3.04,3.04
L100000102671,coal_power,2025-11-07,3,3.3899999999999997,1.13
L100000102671,coal_power,2025-11-10,1,2.71,2.71
L100000102671,coal_power,2025-11-12,1,1.23,1.23
L100000102671,coal_power,2025-11-13,3,4.91,2.68
L100000102671,coal_power,2025-11-15,1,1.5,1.5
L100000102671,coal_power,2025-11-16,1,1.12,1.12
L100000102671,coal_power,2025-11-17,2,9.459999999999999,8.27
L100000102671,coal_power,2025-11-21,1,1.59,1.59
L100000102671,coal_power,2025-11-22,2,1.88,0.94
L100000102671,coal_power,2025-11-23,3,8.86,5.3
L100000102671,coal_power,2025-11-24,2,3.86,2.03
L100000102671,coal_power,2025-11-26,1,1.53,1.53
L100000102671,coal_power,2025-11-29,2,6.5,4.07
L100000102671,coal_power,2025-12-01,1,2.42,2.42
L100000102671,coal_power,2025-12-04,1,3.14,3.14
L100000102671,coal_power,2025-12-05,1,2.5,2.5
L100000102671,coal_power,2025-12-06,2,1.48,0.84
L100000102671,coal_power,2025-12-09,2,2.75,1.99
L100000102671,coal_power,2025-12-10,1,0.95,0.95
L100000102671,coal_power,2025-12-12,1,2.58,2.58
L100000102671,coal_power,2025-12-14,3,4.14,1.72
L100000102671,coal_power,2025-12-15,1,0.81,0.81
L100000102671,coal_power,2025-12-16,2,2.69,1.46
L100000102671,coal_power,2025-12-18,2,1.78,0.89
L100000102671,coal_power,2025-12-21,2,9.7,6.58
L100000102671,coal_power,2025-12-23,1,4.34,4.34
L100000102671,coal_power,2025-12-24,1,1.17,1.17
L100000102671,coal_power,2025-12-25,2,5.09,3.86
L100000102671,coal_power,2025-12-26,3,8.17,4.91
L100000102671,coal_power,2025-12-27,1,1.69,1.69
L100000102671,coal_power,2025-12-28,1,2.21,2.21
L100000102671,coal_power,2025-12-30,1,1.57,1.57
L100000102671,coal_power,2025-12-31,2,2.36,1.18
L100000102681,coal_power,2025-01-23,1,2.38,2.38
L100000102685,coal_power,2025-11-24,1,5.18,5.18
L100000104378,coal_power,2025-11-27,1,2.47,2.47
L100000104861,coal_power,2025-02-27,3,6.83,2.55
L100000105017,coal_power,2025-01-02,1,1.29,1.29
L100000105017,coal_power,2025-01-03,1,1.67,1.67
L100000105017,coal_power,2025-01-26,1,0.94,0.94
L100000105017,coal_power,2025-01-29,1,1.39,1.39
L100000105017,coal_power,2025-02-05,1,0.76,0.76
L100000105017,coal_power,2025-02-10,1,1.12,1.12
L100000105017,coal_power,2025-02-15,1,1.57,1.57
L100000105017,coal_power,2025-02-16,1,1.37,1.37
L100000105017,coal_power,2025-02-19,1,1.45,1.45
L100000105017,coal_power,2025-02-25,1,1.83,1.83
L100000105017,coal_power,2025-02-26,1,1.31,1.31
L100000105017,coal_power,2025-03-04,1,0.85,0.85
L100000105017,coal_power,2025-03-10,1,2.34,2.34
L100000105017,coal_power,2025-03-14,2,3.6100000000000003,2.43
L100000105017,coal_power,2025-03-20,1,1.46,1.46
L100000105017,coal_power,2025-03-24,1,1.58,1.58
L100000105017,coal_power,2025-03-25,1,1.51,1.51
L100000105017,coal_power,2025-03-29,1,2.12,2.12
L100000105017,coal_power,2025-03-30,1,1.49,1.49
L100000105017,coal_power,2025-04-05,1,1.5,1.5
L100000105017,coal_power,2025-04-12,1,1.87,1.87
L100000105017,coal_power,2025-05-01,2,2.69,1.45
L100000105017,coal_power,2025-09-01,1,1.01,1.01
L100000105017,coal_power,2025-09-05,1,1.72,1.72
L100000105017,coal_power,2025-09-08,1,1.64,1.64
L100000105017,coal_power,2025-09-10,1,0.78,0.78
L100000105017,coal_power,2025-09-21,1,0.76,0.76
L100000105017,coal_power,2025-10-09,1,2.11,2.11
L100000105017,coal_power,2025-10-13,1,1.18,1.18
L100000105017,coal_power,2025-10-15,1,2.28,2.28
L100000105017,coal_power,2025-10-17,1,1.12,1.12
L100000105017,coal_power,2025-10-18,1,0.98,0.98
L100000105017,coal_power,2025-10-23,1,2.13,2.13
L100000105017,coal_power,2025-10-26,1,1.67,1.67
L100000105017,coal_power,2025-11-03,2,2.5,1.25
L100000105017,coal_power,2025-11-04,1,2.33,2.33
L100000105017,coal_power,2025-11-19,1,1.49,1.49
L100000105017,coal_power,2025-11-25,1,1.34,1.34
L100000105017,coal_power,2025-12-09,1,1.0,1.0
L100000105017,coal_power,2025-12-24,1,1.03,1.03
L100000105017,coal_power,2025-12-26,1,2.13,2.13
L100000105017,coal_power,2025-12-27,1,1.06,1.06
L100001000108,coal_power,2025-06-01,2,0.8600000000000001,0.46
L100001000153,coal_power,2025-03-25,2,3.36,2.94
L100001048073,coal_power,2025-01-22,1,3.45,3.45
L100001083808,coal_power,2025-01-19,1,5.86,5.86
L100001083808,coal_power,2025-12-19,1,2.54,2.54
L100001083814,coal_power,2025-01-10,1,7.08,7.08
L100001083814,coal_power,2025-01-11,1,7.18,7.18
P100000120510,steel,2025-01-01,5,7.95,2.52
P100000120510,steel,2025-01-02,5,12.66,4.04
P100000120510,steel,2025-01-03,6,11.56,2.47
P100000120510,steel,2025-01-04,9,17.45,4.65
P100000120510,steel,2025-01-05,4,11.01,3.06
P100000120510,steel,2025-01-06,7,13.709999999999999,3.03
P100000120510,steel,2025-01-07,4,8.26,2.18
P100000120510,steel,2025-01-08,11,19.98,4.55
P100000120510,steel,2025-01-09,10,18.53,3.05
P100000120510,steel,2025-01-10,9,10.42,2.37
P100000120510,steel,2025-01-11,5,11.17,2.78
P100000120510,steel,2025-01-12,4,6.88,2.09
P100000120510,steel,2025-01-13,4,8.27,2.39
P100000120510,steel,2025-01-14,4,9.02,3.31
P100000120510,steel,2025-01-16,6,9.59,3.26
P100000120510,steel,2025-01-17,6,10.46,3.48
P100000120510,steel,2025-01-18,5,9.98,2.94
P100000120510,steel,2025-01-19,3,8.0,3.34
P100000120510,steel,2025-01-20,6,15.5,2.85
P100000120510,steel,2025-01-21,5,22.61,12.22
P100000120510,steel,2025-01-22,3,9.04,4.14
P100000120510,steel,2025-01-23,9,16.45,3.72
P100000120510,steel,2025-01-24,6,13.46,3.66
P100000120510,steel,2025-01-25,7,17.79,3.6
P100000120510,steel,2025-01-26,7,16.98,4.65
P100000120510,steel,2025-01-27,6,13.280000000000001,2.85
P100000120510,steel,2025-01-28,10,16.88,8.11
P100000120510,steel,2025-01-29,5,10.39,2.47
P100000120510,steel,2025-01-30,4,5.52,1.83
P100000120510,steel,2025-01-31,7,15.600000000000001,3.18
P100000120510,steel,2025-02-01,4,8.8,2.64
P100000120510,steel,2025-02-02,9,23.07,4.79
P100000120510,steel,2025-02-03,10,23.15,4.31
P100000120510,steel,2025-02-04,8,23.75,6.02
P100000120510,steel,2025-02-05,7,10.03,2.02
P100000120510,steel,2025-02-06,4,9.89,3.85
P100000120510,steel,2025-02-07,10,19.84,3.13
P100000120510,steel,2025-02-08,12,25.17,6.98
P100000120510,steel,2025-02-09,6,16.009999999999998,4.63
P100000120510,steel,2025-02-10,10,22.65,3.69
P100000120510,steel,2025-02-11,6,14.6,3.92
P100000120510,steel,2025-02-12,4,18.48,6.24
P100000120510,steel,2025-02-13,7,16.240000000000002,4.42
P100000120510,steel,2025-02-14,4,12.510000000000002,5.07
P100000120510,steel,2025-02-15,7,11.4,3.05
P100000120510,steel,2025-02-16,8,24.759999999999998,9.02
P100000120510,steel,2025-02-17,6,12.649999999999999,2.26
P100000120510,steel,2025-02-18,7,13.45,2.56
P100000120510,steel,2025-02-19,7,14.440000000000001,3.48
P100000120510,steel,2025-02-20,3,4.99,2.09
P100000120510,steel,2025-02-21,8,13.66,3.02
P100000120510,steel,2025-02-22,4,13.26,6.42
P100000120510,steel,2025-02-23,6,14.04,3.08
P100000120510,steel,2025-02-24,7,12.48,3.28
P100000120510,steel,2025-02-25,6,10.46,2.16
P100000120510,steel,2025-02-26,11,26.86,3.86
P100000120510,steel,2025-02-27,4,8.5,3.4
P100000120510,steel,2025-02-28,11,25.23,4.25
P100000120510,steel,2025-03-01,8,18.89,2.98
P100000120510,steel,2025-03-02,5,13.47,4.16
P100000120510,steel,2025-03-03,4,9.83,3.77
P100000120510,steel,2025-03-04,9,20.65,4.47
P100000120510,steel,2025-03-05,7,13.309999999999999,2.96
P100000120510,steel,2025-03-06,6,10.74,2.87
P100000120510,steel,2025-03-07,4,10.32,5.11
P100000120510,steel,2025-03-08,3,9.4,5.12
P100000120510,steel,2025-03-09,9,19.32,3.9
P100000120510,steel,2025-03-10,5,20.57,6.09
P100000120510,steel,2025-03-11,5,14.42,4.58
P100000120510,steel,2025-03-12,8,22.47,4.47
P100000120510,steel,2025-03-13,3,9.84,3.46
P100000120510,steel,2025-03-14,12,43.76,7.68
P100000120510,steel,2025-03-15,6,12.6,4.64
P100000120510,steel,2025-03-16,4,10.29,3.21
P100000120510,steel,2025-03-17,7,15.15,3.72
P100000120510,steel,2025-03-18,3,8.72,3.78
P100000120510,steel,2025-03-20,6,9.45,2.2
P100000120510,steel,2025-03-21,1,3.22,3.22
P100000120510,steel,2025-03-22,7,9.86,2.43
P100000120510,steel,2025-03-23,5,9.07,2.86
P100000120510,steel,2025-03-24,4,9.67,3.46
P100000120510,steel,2025-03-25,7,22.41,4.37
P100000120510,steel,2025-03-26,2,6.43,3.88
P100000120510,steel,2025-03-27,4,10.02,3.25
P100000120510,steel,2025-03-28,7,12.629999999999999,2.25
P100000120510,steel,2025-03-29,4,7.789999999999999,2.23
P100000120510,steel,2025-03-30,5,20.81,5.51
P100000120510,steel,2025-03-31,9,17.88,4.56
P100000120510,steel,2025-04-01,3,9.84,4.46
P100000120510,steel,2025-04-04,6,9.76,2.7
P100000120510,steel,2025-04-05,3,13.100000000000001,5.11
P100000120510,steel,2025-04-06,3,11.26,4.58
P100000120510,steel,2025-04-07,6,16.58,8.1
P100000120510,steel,2025-04-08,8,15.42,2.55
P100000120510,steel,2025-04-09,5,20.22,5.36
P100000120510,steel,2025-04-10,4,12.899999999999999,4.88
P100000120510,steel,2025-04-11,6,17.37,4.02
P100000120510,steel,2025-04-12,2,4.1,3.06
P100000120510,steel,2025-04-13,5,14.02,5.64
P100000120510,steel,2025-04-14,5,12.68,3.42
P100000120510,steel,2025-04-15,6,10.57,2.44
P100000120510,steel,2025-04-17,4,11.77,3.58
P100000120510,steel,2025-04-18,6,16.78,4.62
P100000120510,steel,2025-04-19,6,12.51,2.73
P100000120510,steel,2025-04-20,2,2.04,1.02
P100000120510,steel,2025-04-21,7,24.61,4.5
P100000120510,steel,2025-04-22,4,14.62,5.27
P100000120510,steel,2025-04-23,3,11.43,4.31
P100000120510,steel,2025-04-24,6,27.09,11.44
P100000120510,steel,2025-04-25,3,15.030000000000001,5.98
P100000120510,steel,2025-04-28,2,3.5500000000000003,2.22
P100000120510,steel,2025-04-29,8,19.11,6.15
P100000120510,steel,2025-04-30,6,14.83,3.92
P100000120510,steel,2025-05-01,12,27.07,3.89
P100000120510,steel,2025-05-02,8,13.71,3.78
P100000120510,steel,2025-05-03,5,9.93,3.57
P100000120510,steel,2025-05-04,8,19.96,4.1
P100000120510,steel,2025-05-05,5,9.57,2.27
P100000120510,steel,2025-05-06,7,11.17,1.91
P100000120510,steel,2025-05-07,2,10.16,5.36
P100000120510,steel,2025-05-08,4,7.37,2.09
P100000120510,steel,2025-05-09,4,11.43,3.4
P100000120510,steel,2025-05-10,6,25.869999999999997,7.46
P100000120510,steel,2025-05-12,2,7.08,4.09
P100000120510,steel,2025-05-13,1,11.6,11.6
P100000120510,steel,2025-05-14,4,8.82,2.5
P100000120510,steel,2025-05-15,2,7.3,3.65
P100000120510,steel,2025-05-16,4,5.01,1.54
P100000120510,steel,2025-05-19,2,2.6,1.73
P100000120510,steel,2025-05-20,6,18.18,3.4
P100000120510,steel,2025-05-25,2,4.6899999999999995,3.05
P100000120510,steel,2025-05-29,1,0.76,0.76
P100000120510,steel,2025-05-31,2,1.84,0.92
P100000120510,steel,2025-06-01,2,3.16,1.65
P100000120510,steel,2025-06-02,2,2.8200000000000003,1.62
P100000120510,steel,2025-06-04,1,2.11,2.11
P100000120510,steel,2025-06-05,2,7.35,4.3
P100000120510,steel,2025-06-06,5,12.35,7.45
P100000120510,steel,2025-06-08,3,8.85,3.68
P100000120510,steel,2025-06-09,5,18.77,6.17
P100000120510,steel,2025-06-10,8,14.28,2.96
P100000120510,steel,2025-06-11,3,4.73,2.18
P100000120510,steel,2025-06-13,1,1.3,1.3
P100000120510,steel,2025-06-14,3,4.1000000000000005,1.6
P100000120510,steel,2025-06-21,3,14.28,6.02
P100000120510,steel,2025-07-17,3,4.93,2.11
P100000120510,steel,2025-07-18,6,15.74,3.65
P100000120510,steel,2025-07-21,4,2.74,1.05
P100000120510,steel,2025-07-22,4,10.26,3.17
P100000120510,steel,2025-08-11,5,8.03,2.09
P100000120510,steel,2025-08-14,2,7.5600000000000005,4.03
P100000120510,steel,2025-08-15,7,15.18,2.84
P100000120510,steel,2025-08-17,4,7.02,1.84
P100000120510,steel,2025-08-26,1,0.88,0.88
P100000120510,steel,2025-08-27,6,7.86,2.33
P100000120510,steel,2025-08-28,3,4.3,1.89
P100000120510,steel,2025-08-29,1,7.92,7.92
P100000120510,steel,2025-08-31,1,2.67,2.67
P100000120510,steel,2025-09-06,4,4.46,1.23
P100000120510,steel,2025-09-07,3,2.57,1.18
P100000120510,steel,2025-09-08,1,7.11,7.11
P100000120510,steel,2025-09-09,1,2.42,2.42
P100000120510,steel,2025-09-10,2,4.74,2.49
P100000120510,steel,2025-09-12,3,4.22,1.76
P100000120510,steel,2025-09-13,3,5.3,2.15
P100000120510,steel,2025-09-17,4,7.9399999999999995,3.44
P100000120510,steel,2025-09-18,7,20.87,4.69
P100000120510,steel,2025-09-19,4,8.19,2.73
P100000120510,steel,2025-09-24,4,6.66,2.25
P100000120510,steel,2025-09-25,6,15.79,5.51
P100000120510,steel,2025-09-27,5,7.71,2.26
P100000120510,steel,2025-09-28,4,6.76,2.0
P100000120510,steel,2025-09-29,3,8.370000000000001,4.15
P100000120510,steel,2025-09-30,7,22.380000000000003,4.33
P100000120510,steel,2025-10-07,2,2.62,1.31
P100000120510,steel,2025-10-08,3,3.27,1.61
P100000120510,steel,2025-10-09,3,5.32,2.11
P100000120510,steel,2025-10-10,4,7.71,2.19
P100000120510,steel,2025-10-11,5,9.34,2.7
P100000120510,steel,2025-10-12,5,7.75,1.65
P100000120510,steel,2025-10-13,6,12.42,5.54
P100000120510,steel,2025-10-14,6,11.52,2.94
P100000120510,steel,2025-10-15,4,7.6899999999999995,2.98
P100000120510,steel,2025-10-16,7,13.49,5.23
P100000120510,steel,2025-10-17,7,15.43,6.7
P100000120510,steel,2025-10-18,4,7.42,1.89
P100000120510,steel,2025-10-19,5,11.6,2.64
P100000120510,steel,2025-10-20,6,13.0,3.95
P100000120510,steel,2025-10-21,6,9.85,1.77
P100000120510,steel,2025-10-22,4,6.98,2.27
P100000120510,steel,2025-10-23,3,4.92,1.68
P100000120510,steel,2025-10-24,4,13.04,6.15
P100000120510,steel,2025-10-26,3,4.41,2.19
P100000120510,steel,2025-10-27,3,7.140000000000001,3.18
P100000120510,steel,2025-10-30,4,5.83,1.7
P100000120510,steel,2025-10-31,4,6.23,1.8
P100000120510,steel,2025-11-01,8,13.59,4.48
P100000120510,steel,2025-11-02,5,10.040000000000001,2.85
P100000120510,steel,2025-11-03,3,6.76,2.92
P100000120510,steel,2025-11-04,8,18.89,3.94
P100000120510,steel,2025-11-05,3,8.45,3.96
P100000120510,steel,2025-11-06,5,7.41,2.94
P100000120510,steel,2025-11-07,6,11.739999999999998,2.78
P100000120510,steel,2025-11-08,5,9.84,2.82
P100000120510,steel,2025-11-09,2,6.9399999999999995,4.05
P100000120510,steel,2025-11-10,6,20.61,7.28
P100000120510,steel,2025-11-12,6,7.84,1.58
P100000120510,steel,2025-11-13,5,13.48,4.36
P100000120510,steel,2025-11-14,3,4.51,1.68
P100000120510,steel,2025-11-15,7,16.47,3.47
P100000120510,steel,2025-11-16,5,8.4,2.98
P100000120510,steel,2025-11-17,7,16.21,4.91
P100000120510,steel,2025-11-18,6,13.77,3.96
P100000120510,steel,2025-11-19,4,10.49,4.3
P100000120510,steel,2025-11-20,3,9.87,4.12
P100000120510,steel,2025-11-21,5,15.09,5.88
P100000120510,steel,2025-11-22,7,8.35,1.52
P100000120510,steel,2025-11-23,3,5.76,2.06
P100000120510,steel,2025-11-24,6,16.54,3.96
P100000120510,steel,2025-11-25,11,26.34,3.59
P100000120510,steel,2025-11-26,10,25.39,6.72
P100000120510,steel,2025-11-27,4,6.5200000000000005,1.81
P100000120510,steel,2025-11-28,4,9.99,3.88
P100000120510,steel,2025-11-29,9,18.08,2.96
P100000120510,steel,2025-11-30,7,11.91,3.75
P100000120510,steel,2025-12-01,9,14.780000000000001,2.81
P100000120510,steel,2025-12-02,7,15.11,5.09
P100000120510,steel,2025-12-03,9,19.78,6.11
P100000120510,steel,2025-12-04,6,9.34,2.13
P100000120510,steel,2025-12-05,7,12.31,2.81
P100000120510,steel,2025-12-07,4,7.539999999999999,1.9
P100000120510,steel,2025-12-08,6,5.880000000000001,1.37
P100000120510,steel,2025-12-09,6,12.82,4.82
P100000120510,steel,2025-12-10,5,10.77,2.37
P100000120510,steel,2025-12-11,9,27.99,6.84
P100000120510,steel,2025-12-12,6,9.4,2.43
P100000120510,steel,2025-12-13,9,17.68,6.3
P100000120510,steel,2025-12-14,7,8.379999999999999,1.42
P100000120510,steel,2025-12-15,4,9.65,3.96
P100000120510,steel,2025-12-16,7,11.83,3.16
P100000120510,steel,2025-12-17,14,31.78,5.99
P100000120510,steel,2025-12-18,7,10.05,2.4
P100000120510,steel,2025-12-19,5,10.36,3.39
P100000120510,steel,2025-12-20,5,9.37,2.41
P100000120510,steel,2025-12-21,4,7.98,2.68
P100000120510,steel,2025-12-22,7,15.39,3.62
P100000120510,steel,2025-12-23,7,30.34,9.83
P100000120510,steel,2025-12-24,4,10.21,3.3
P100000120510,steel,2025-12-25,7,14.26,4.76
P100000120510,steel,2025-12-26,7,17.05,5.39
P100000120510,steel,2025-12-27,6,19.4,4.49
P100000120510,steel,2025-12-28,4,5.96,1.93
P100000120510,steel,2025-12-29,7,16.47,5.93
P100000120510,steel,2025-12-30,7,13.719999999999999,4.29
P100000120510,steel,2025-12-31,4,8.32,2.25
P100000120511,steel,2025-01-01,5,20.18,7.3
P100000120511,steel,2025-01-02,9,33.11,7.42
P100000120511,steel,2025-01-03,8,22.95,5.37
P100000120511,steel,2025-01-04,6,12.72,3.19
P100000120511,steel,2025-01-05,5,12.27,4.05
P100000120511,steel,2025-01-06,4,25.57,12.8
P100000120511,steel,2025-01-07,4,15.83,10.06
P100000120511,steel,2025-01-08,5,20.06,6.72
P100000120511,steel,2025-01-09,3,5.2,2.36
P100000120511,steel,2025-01-10,5,13.42,3.27
P100000120511,steel,2025-01-11,6,19.09,5.21
P100000120511,steel,2025-01-12,6,18.68,4.55
P100000120511,steel,2025-01-13,5,20.1,7.14
P100000120511,steel,2025-01-15,5,10.559999999999999,2.76
P100000120511,steel,2025-01-16,4,13.46,4.62
P100000120511,steel,2025-01-17,8,21.72,5.72
P100000120511,steel,2025-01-18,6,26.169999999999998,6.49
P100000120511,steel,2025-01-19,4,7.87,2.29
P100000120511,steel,2025-01-20,4,11.51,4.67
P100000120511,steel,2025-01-21,4,13.64,6.06
P100000120511,steel,2025-01-22,3,13.89,7.55
P100000120511,steel,2025-01-23,5,23.07,8.21
P100000120511,steel,2025-01-24,5,15.44,3.57
P100000120511,steel,2025-01-25,5,14.219999999999999,4.18
P100000120511,steel,2025-01-26,6,20.0,5.36
P100000120511,steel,2025-01-27,5,23.99,10.54
P100000120511,steel,2025-01-28,7,22.22,8.43
P100000120511,steel,2025-01-29,5,19.65,10.34
P100000120511,steel,2025-01-30,3,10.26,3.42
P100000120511,steel,2025-01-31,3,10.639999999999999,5.31
P100000120511,steel,2025-02-01,6,23.619999999999997,10.11
P100000120511,steel,2025-02-02,7,29.060000000000002,7.12
P100000120511,steel,2025-02-03,5,13.57,4.92
P100000120511,steel,2025-02-04,5,13.21,7.23
P100000120511,steel,2025-02-05,8,19.18,4.7
P100000120511,steel,2025-02-06,4,13.459999999999999,5.64
P100000120511,steel,2025-02-07,7,26.35,5.86
P100000120511,steel,2025-02-08,6,27.35,11.34
P100000120511,steel,2025-02-09,5,16.7,4.03
P100000120511,steel,2025-02-10,6,18.47,4.8
P100000120511,steel,2025-02-11,11,22.82,3.68
P100000120511,steel,2025-02-12,5,15.14,6.94
P100000120511,steel,2025-02-13,8,41.24,14.06
P100000120511,steel,2025-02-14,6,14.84,6.03
P100000120511,steel,2025-02-15,5,28.32,9.12
P100000120511,steel,2025-02-16,10,31.12,5.19
P100000120511,steel,2025-02-17,3,11.11,4.14
P100000120511,steel,2025-02-18,8,32.910000000000004,8.91
P100000120511,steel,2025-02-19,4,12.5,4.18
P100000120511,steel,2025-02-20,3,13.63,9.63
P100000120511,steel,2025-02-21,2,7.02,3.71
P100000120511,steel,2025-02-22,8,15.81,5.38
P100000120511,steel,2025-02-23,5,17.68,8.83
P100000120511,steel,2025-02-24,5,9.56,2.97
P100000120511,steel,2025-02-25,2,6.8,3.4
P100000120511,steel,2025-02-26,7,19.310000000000002,4.92
P100000120511,steel,2025-02-27,6,19.59,5.89
P100000120511,steel,2025-02-28,4,24.849999999999998,12.61
P100000120511,steel,2025-03-01,9,42.519999999999996,10.01
P100000120511,steel,2025-03-02,4,22.21,11.5
P100000120511,steel,2025-03-03,4,15.57,6.0
P100000120511,steel,2025-03-04,6,14.84,3.28
P100000120511,steel,2025-03-05,7,31.48,8.58
P100000120511,steel,2025-03-06,4,13.26,3.39
P100000120511,steel,2025-03-07,7,22.7,8.9
P100000120511,steel,2025-03-08,6,17.61,4.23
P100000120511,steel,2025-03-09,3,13.440000000000001,5.24
P100000120511,steel,2025-03-10,11,42.2,6.83
P100000120511,steel,2025-03-11,4,27.4,12.66
P100000120511,steel,2025-03-12,5,28.13,10.52
P100000120511,steel,2025-03-13,5,24.9,6.75
P100000120511,steel,2025-03-14,6,17.8,3.96
P100000120511,steel,2025-03-15,7,19.34,5.01
P100000120511,steel,2025-03-16,7,36.09,7.13
P100000120511,steel,2025-03-17,10,41.550000000000004,13.72
P100000120511,steel,2025-03-18,8,27.47,9.92
P100000120511,steel,2025-03-19,2,15.549999999999999,8.79
P100000120511,steel,2025-03-20,4,6.91,1.79
P100000120511,steel,2025-03-22,3,6.39,2.61
P100000120511,steel,2025-03-23,2,10.05,5.18
P100000120511,steel,2025-03-24,4,12.02,4.43
P100000120511,steel,2025-03-25,1,2.06,2.06
P100000120511,steel,2025-03-26,3,5.18,2.62
P100000120511,steel,2025-03-27,3,13.4,4.74
P100000120511,steel,2025-03-28,6,14.39,3.83
P100000120511,steel,2025-03-29,3,21.12,9.71
P100000120511,steel,2025-03-30,4,5.92,1.53
P100000120511,steel,2025-03-31,6,22.95,8.03
P100000120511,steel,2025-04-01,5,19.259999999999998,5.35
P100000120511,steel,2025-04-02,7,18.509999999999998,7.24
P100000120511,steel,2025-04-04,2,6.08,3.04
P100000120511,steel,2025-04-05,5,12.97,3.39
P100000120511,steel,2025-04-06,5,17.939999999999998,5.27
P100000120511,steel,2025-04-07,6,29.83,13.68
P100000120511,steel,2025-04-08,6,26.43,6.53
P100000120511,steel,2025-04-09,5,19.06,5.79
P100000120511,steel,2025-04-12,2,8.88,4.44
P100000120511,steel,2025-04-13,1,5.01,5.01
P100000120511,steel,2025-04-14,2,11.100000000000001,7.73
P100000120511,steel,2025-04-15,1,4.94,4.94
P100000120511,steel,2025-04-16,4,18.009999999999998,5.0
P100000120511,steel,2025-04-17,3,13.4,6.42
P100000120511,steel,2025-04-18,6,15.88,5.36
P100000120511,steel,2025-04-19,3,14.58,6.27
P100000120511,steel,2025-04-20,1,8.84,8.84
P100000120511,steel,2025-04-21,3,12.209999999999999,6.72
P100000120511,steel,2025-04-22,4,18.4,7.57
P100000120511,steel,2025-04-23,5,22.47,5.21
P100000120511,steel,2025-04-24,9,41.58,7.79
P100000120511,steel,2025-04-25,4,15.15,9.96
P100000120511,steel,2025-04-27,5,10.780000000000001,3.93
P100000120511,steel,2025-04-28,3,16.35,5.45
P100000120511,steel,2025-04-29,1,4.49,4.49
P100000120511,steel,2025-04-30,3,15.23,9.29
P100000120511,steel,2025-05-02,12,26.14,3.76
P100000120511,steel,2025-05-03,1,1.99,1.99
P100000120511,steel,2025-05-04,5,28.47,7.98
P100000120511,steel,2025-05-05,4,11.33,3.85
P100000120511,steel,2025-05-06,5,24.55,9.5
P100000120511,steel,2025-05-07,2,5.92,4.7
P100000120511,steel,2025-05-08,2,4.83,2.69
P100000120511,steel,2025-05-09,4,28.409999999999997,10.29
P100000120511,steel,2025-05-10,8,32.91,7.91
P100000120511,steel,2025-05-11,2,11.76,7.56
P100000120511,steel,2025-05-13,4,13.88,5.04
P100000120511,steel,2025-05-14,6,35.36,9.27
P100000120511,steel,2025-05-15,4,25.68,13.0
P100000120511,steel,2025-05-17,1,5.17,5.17
P100000120511,steel,2025-05-19,2,4.21,3.22
P100000120511,steel,2025-05-20,4,18.82,6.21
P100000120511,steel,2025-05-25,1,4.51,4.51
P100000120511,steel,2025-05-26,7,30.92,7.53
P100000120511,steel,2025-05-31,1,2.83,2.83
P100000120511,steel,2025-06-01,4,25.61,12.16
P100000120511,steel,2025-06-02,1,4.03,4.03
P100000120511,steel,2025-06-03,2,5.4399999999999995,3.42
P100000120511,steel,2025-06-04,1,12.79,12.79
P100000120511,steel,2025-06-05,5,13.5,4.42
P100000120511,steel,2025-06-06,4,25.75,7.28
P100000120511,steel,2025-06-07,1,10.8,10.8
P100000120511,steel,2025-06-08,4,29.88,9.19
P100000120511,steel,2025-06-09,2,13.24,10.13
P100000120511,steel,2025-06-10,4,6.21,1.81
P100000120511,steel,2025-06-11,4,2.86,0.92
P100000120511,steel,2025-06-12,3,6.92,3.64
P100000120511,steel,2025-06-13,5,7.48,2.35
P100000120511,steel,2025-06-14,3,7.720000000000001,4.1
P100000120511,steel,2025-07-19,1,2.52,2.52
P100000120511,steel,2025-07-22,1,5.21,5.21
P100000120511,steel,2025-07-23,3,4.35,1.89
P100000120511,steel,2025-07-31,2,8.530000000000001,4.49
P100000120511,steel,2025-08-03,4,6.18,1.85
P100000120511,steel,2025-08-04,1,4.04,4.04
P100000120511,steel,2025-08-11,2,1.71,1.0
P100000120511,steel,2025-08-12,1,2.15,2.15
P100000120511,steel,2025-08-13,4,10.76,7.0
P100000120511,steel,2025-08-15,3,6.21,4.7
P100000120511,steel,2025-08-16,3,5.720000000000001,2.91
P100000120511,steel,2025-08-18,1,2.51,2.51
P100000120511,steel,2025-08-25,5,11.64,5.64
P100000120511,steel,2025-08-26,3,18.38,8.27
P100000120511,steel,2025-08-27,3,16.88,6.54
P100000120511,steel,2025-08-29,3,14.969999999999999,11.53
P100000120511,steel,2025-08-30,3,12.58,5.99
P100000120511,steel,2025-08-31,3,9.24,3.08
P100000120511,steel,2025-09-06,2,2.45,1.51
P100000120511,steel,2025-09-07,5,10.16,3.35
P100000120511,steel,2025-09-08,3,15.129999999999999,7.44
P100000120511,steel,2025-09-09,3,11.01,6.45
P100000120511,steel,2025-09-10,3,5.78,2.43
P100000120511,steel,2025-09-11,1,0.73,0.73
P100000120511,steel,2025-09-12,3,5.25,2.17
P100000120511,steel,2025-09-17,4,10.64,3.4
P100000120511,steel,2025-09-18,5,21.84,7.28
P100000120511,steel,2025-09-19,3,9.149999999999999,3.05
P100000120511,steel,2025-09-24,2,2.34,1.24
P100000120511,steel,2025-09-25,7,8.39,1.28
P100000120511,steel,2025-09-28,1,0.61,0.61
P100000120511,steel,2025-09-29,5,13.879999999999999,3.31
P100000120511,steel,2025-09-30,2,7.89,6.43
P100000120511,steel,2025-10-03,1,0.92,0.92
P100000120511,steel,2025-10-04,2,2.14,1.07
P100000120511,steel,2025-10-07,1,1.19,1.19
P100000120511,steel,2025-10-08,2,2.3899999999999997,1.22
P100000120511,steel,2025-10-10,3,1.53,0.63
P100000120511,steel,2025-10-11,3,9.28,6.5
P100000120511,steel,2025-10-12,4,14.559999999999999,5.67
P100000120511,steel,2025-10-13,2,6.68,4.14
P100000120511,steel,2025-10-14,7,19.75,4.83
P100000120511,steel,2025-10-15,2,6.35,3.38
P100000120511,steel,2025-10-16,7,19.66,7.93
P100000120511,steel,2025-10-17,6,31.43,10.61
P100000120511,steel,2025-10-18,4,15.88,5.49
P100000120511,steel,2025-10-19,2,4.85,3.01
P100000120511,steel,2025-10-20,1,1.49,1.49
P100000120511,steel,2025-10-21,2,17.16,9.0
P100000120511,steel,2025-10-22,7,24.75,9.6
P100000120511,steel,2025-10-23,7,24.2,7.18
P100000120511,steel,2025-10-24,5,14.83,5.17
P100000120511,steel,2025-10-25,5,12.709999999999999,5.76
P100000120511,steel,2025-10-26,3,10.4,4.75
P100000120511,steel,2025-10-27,1,1.04,1.04
P100000120511,steel,2025-10-28,2,6.38,3.19
P100000120511,steel,2025-10-30,7,13.01,2.74
P100000120511,steel,2025-10-31,1,3.12,3.12
P100000120511,steel,2025-11-01,5,12.94,3.63
P100000120511,steel,2025-11-02,5,12.94,3.57
P100000120511,steel,2025-11-03,1,2.48,2.48
P100000120511,steel,2025-11-04,4,12.11,3.65
P100000120511,steel,2025-11-05,5,12.61,4.17
P100000120511,steel,2025-11-06,6,16.38,3.92
P100000120511,steel,2025-11-07,5,13.39,6.17
P100000120511,steel,2025-11-08,5,16.09,6.12
P100000120511,steel,2025-11-09,3,9.219999999999999,4.31
P100000120511,steel,2025-11-10,3,8.96,5.22
P100000120511,steel,2025-11-11,2,9.8,4.9
P100000120511,steel,2025-11-12,4,12.42,7.26
P100000120511,steel,2025-11-13,3,18.0,10.25
P100000120511,steel,2025-11-14,1,9.31,9.31
P100000120511,steel,2025-11-15,11,39.81,7.16
P100000120511,steel,2025-11-16,3,16.42,11.4
P100000120511,steel,2025-11-17,10,31.16,8.63
P100000120511,steel,2025-11-18,5,21.66,12.0
P100000120511,steel,2025-11-19,4,14.3,6.83
P100000120511,steel,2025-11-20,2,7.25,3.63
P100000120511,steel,2025-11-21,5,16.05,5.04
P100000120511,steel,2025-11-22,5,17.57,4.56
P100000120511,steel,2025-11-23,6,24.27,11.83
P100000120511,steel,2025-11-24,3,8.24,4.46
P100000120511,steel,2025-11-25,5,18.58,5.79
P100000120511,steel,2025-11-26,4,9.69,4.12
P100000120511,steel,2025-11-27,5,22.34,9.31
P100000120511,steel,2025-11-28,11,33.03,11.24
P100000120511,steel,2025-11-29,5,6.88,1.8
P100000120511,steel,2025-11-30,4,7.5600000000000005,3.21
P100000120511,steel,2025-12-02,4,13.17,5.13
P100000120511,steel,2025-12-03,2,5.42,4.27
P100000120511,steel,2025-12-04,9,23.3,6.59
P100000120511,steel,2025-12-05,5,10.44,3.73
P100000120511,steel,2025-12-06,6,21.7,5.8
P100000120511,steel,2025-12-07,3,11.59,5.11
P100000120511,steel,2025-12-08,2,18.53,14.01
P100000120511,steel,2025-12-09,7,30.08,13.78
P100000120511,steel,2025-12-10,5,23.09,6.86
P100000120511,steel,2025-12-11,3,10.88,6.87
P100000120511,steel,2025-12-12,10,23.75,5.87
P100000120511,steel,2025-12-13,6,20.08,4.85
P100000120511,steel,2025-12-14,7,21.22,7.06
P100000120511,steel,2025-12-15,5,23.93,8.6
P100000120511,steel,2025-12-16,4,20.62,7.7
P100000120511,steel,2025-12-17,8,28.62,5.17
P100000120511,steel,2025-12-18,2,11.620000000000001,6.93
P100000120511,steel,2025-12-19,7,26.29,15.75
P100000120511,steel,2025-12-20,7,28.52,15.69
P100000120511,steel,2025-12-21,4,13.81,4.99
P100000120511,steel,2025-12-22,7,18.05,4.37
P100000120511,steel,2025-12-23,5,10.14,3.79
P100000120511,steel,2025-12-24,8,38.62,12.59
P100000120511,steel,2025-12-25,5,15.620000000000001,7.96
P100000120511,steel,2025-12-26,5,21.169999999999998,8.03
P100000120511,steel,2025-12-27,2,8.93,4.68
P100000120511,steel,2025-12-28,7,15.58,3.8
P100000120511,steel,2025-12-29,5,20.48,6.8
P100000120511,steel,2025-12-30,1,12.72,12.72
P100000120511,steel,2025-12-31,7,22.81,8.05
P100000120512,steel,2025-01-01,1,1.74,1.74
P100000120512,steel,2025-01-05,1,1.12,1.12
P100000120512,steel,2025-01-06,1,1.28,1.28
P100000120512,steel,2025-01-11,1,0.82,0.82
P100000120512,steel,2025-01-15,2,4.54,2.52
P100000120512,steel,2025-01-16,1,0.89,0.89
P100000120512,steel,2025-01-17,1,3.95,3.95
P100000120512,steel,2025-01-18,2,3.71,2.9
P100000120512,steel,2025-01-19,2,5.1,3.02
P100000120512,steel,2025-01-20,2,1.66,0.83
P100000120512,steel,2025-01-21,1,1.74,1.74
P100000120512,steel,2025-01-22,1,1.33,1.33
P100000120512,steel,2025-01-24,1,1.28,1.28
P100000120512,steel,2025-01-26,1,3.94,3.94
P100000120512,steel,2025-01-27,1,1.12,1.12
P100000120512,steel,2025-01-31,1,1.19,1.19
P100000120512,steel,2025-02-01,2,2.24,1.12
P100000120512,steel,2025-02-02,1,2.03,2.03
P100000120512,steel,2025-02-03,1,1.6,1.6
P100000120512,steel,2025-02-06,1,1.65,1.65
P100000120512,steel,2025-02-07,1,2.05,2.05
P100000120512,steel,2025-02-11,1,1.56,1.56
P100000120512,steel,2025-02-12,1,1.47,1.47
P100000120512,steel,2025-02-13,1,1.01,1.01
P100000120512,steel,2025-02-14,1,1.64,1.64
P100000120512,steel,2025-02-15,1,0.91,0.91
P100000120512,steel,2025-02-16,1,1.63,1.63
P100000120512,steel,2025-02-17,1,1.26,1.26
P100000120512,steel,2025-02-18,1,1.64,1.64
P100000120512,steel,2025-02-22,1,1.41,1.41
P100000120512,steel,2025-02-23,3,4.21,1.44
P100000120512,steel,2025-02-27,1,1.18,1.18
P100000120512,steel,2025-02-28,2,4.44,2.22
P100000120512,steel,2025-03-04,2,3.34,2.13
P100000120512,steel,2025-03-05,1,1.52,1.52
P100000120512,steel,2025-03-06,1,2.1,2.1
P100000120512,steel,2025-03-10,1,1.64,1.64
P100000120512,steel,2025-03-11,1,0.92,0.92
P100000120512,steel,2025-03-15,1,2.27,2.27
P100000120512,steel,2025-03-16,1,1.3,1.3
P100000120512,steel,2025-03-22,1,3.41,3.41
P100000120512,steel,2025-03-26,6,7.539999999999999,2.07
P100000120512,steel,2025-03-27,2,3.84,1.92
P100000120512,steel,2025-03-28,1,3.06,3.06
P100000120512,steel,2025-03-30,1,1.74,1.74
P100000120512,steel,2025-04-01,2,8.49,6.76
P100000120512,steel,2025-04-09,2,2.9000000000000004,1.58
P100000120512,steel,2025-04-13,1,3.9,3.9
P100000120512,steel,2025-04-15,1,1.13,1.13
P100000120512,steel,2025-04-17,2,2.0,1.0
P100000120512,steel,2025-04-18,1,2.59,2.59
P100000120512,steel,2025-04-22,1,1.32,1.32
P100000120512,steel,2025-04-23,1,2.28,2.28
P100000120512,steel,2025-04-28,1,2.07,2.07
P100000120512,steel,2025-04-30,1,1.66,1.66
P100000120512,steel,2025-05-08,2,5.96,4.92
P100000120512,steel,2025-05-09,3,9.86,4.25
P100000120512,steel,2025-05-10,2,1.74,0.87
P100000120512,steel,2025-05-11,2,5.43,4.25
P100000120512,steel,2025-05-12,2,11.67,6.22
P100000120512,steel,2025-05-30,1,1.09,1.09
P100000120512,steel,2025-06-02,1,1.35,1.35
P100000120512,steel,2025-06-03,2,0.92,0.65
P100000120512,steel,2025-06-04,1,1.01,1.01
P100000120512,steel,2025-07-09,3,2.97,1.08
P100000120512,steel,2025-07-11,3,3.23,1.75
P100000120512,steel,2025-08-07,1,5.49,5.49
P100000120512,steel,2025-08-14,1,0.95,0.95
P100000120512,steel,2025-09-07,3,2.04,0.68
P100000120512,steel,2025-09-08,2,1.92,0.96
P100000120512,steel,2025-09-24,2,2.2,1.26
P100000120512,steel,2025-10-04,1,1.28,1.28
P100000120512,steel,2025-10-05,1,1.11,1.11
P100000120512,steel,2025-10-06,1,0.8,0.8
P100000120512,steel,2025-10-15,1,0.89,0.89
P100000120512,steel,2025-10-31,1,0.88,0.88
P100000120512,steel,2025-11-01,1,1.08,1.08
P100000120512,steel,2025-11-06,3,3.31,1.33
P100000120512,steel,2025-11-07,1,1.4,1.4
P100000120512,steel,2025-11-12,3,3.09,1.04
P100000120512,steel,2025-11-15,1,1.85,1.85
P100000120512,steel,2025-11-16,2,1.88,0.94
P100000120512,steel,2025-11-17,3,3.8100000000000005,1.57
P100000120512,steel,2025-11-18,5,3.22,0.68
P100000120512,steel,2025-11-21,1,1.09,1.09
P100000120512,steel,2025-11-23,1,4.94,4.94
P100000120512,steel,2025-11-27,2,2.22,1.62
P100000120512,steel,2025-12-01,2,8.32,6.11
P100000120512,steel,2025-12-02,2,1.6600000000000001,0.87
P100000120512,steel,2025-12-08,1,0.97,0.97
P100000120512,steel,2025-12-11,2,7.23,5.66
P100000120512,steel,2025-12-12,5,11.31,4.08
P100000120512,steel,2025-12-13,1,2.0,2.0
P100000120512,steel,2025-12-14,1,2.1,2.1
P100000120512,steel,2025-12-15,1,0.77,0.77
P100000120512,steel,2025-12-17,1,1.32,1.32
P100000120512,steel,2025-12-18,2,1.66,0.96
P100000120512,steel,2025-12-19,2,1.73,0.92
P100000120512,steel,2025-12-20,1,1.71,1.71
P100000120512,steel,2025-12-22,2,2.26,1.13
P100000120512,steel,2025-12-23,2,1.16,0.58
P100000120512,steel,2025-12-24,2,2.5,1.25
P100000120512,steel,2025-12-28,3,7.0,4.32
P100000120512,steel,2025-12-29,3,2.96,1.39
P100000120513,steel,2025-01-01,5,33.89,8.54
P100000120513,steel,2025-01-02,3,21.02,8.93
P100000120513,steel,2025-01-03,3,14.73,5.57
P100000120513,steel,2025-01-04,3,27.22,12.19
P100000120513,steel,2025-01-05,2,20.52,15.61
P100000120513,steel,2025-01-06,2,20.990000000000002,15.63
P100000120513,steel,2025-01-07,5,25.29,7.15
P100000120513,steel,2025-01-08,3,23.740000000000002,10.58
P100000120513,steel,2025-01-09,4,69.06,28.39
P100000120513,steel,2025-01-10,3,29.84,12.15
P100000120513,steel,2025-01-11,3,18.16,6.37
P100000120513,steel,2025-01-12,4,13.06,3.61
P100000120513,steel,2025-01-13,2,12.52,9.12
P100000120513,steel,2025-01-14,2,15.52,9.66
P100000120513,steel,2025-01-15,4,20.31,12.2
P100000120513,steel,2025-01-16,5,128.03,55.27
P100000120513,steel,2025-01-17,6,34.83,7.32
P100000120513,steel,2025-01-18,5,24.1,6.73
P100000120513,steel,2025-01-19,3,28.7,22.43
P100000120513,steel,2025-01-20,3,56.58,30.9
P100000120513,steel,2025-01-21,3,15.93,6.69
P100000120513,steel,2025-01-22,3,75.65,29.49
P100000120513,steel,2025-01-23,7,50.28,10.33
P100000120513,steel,2025-01-24,4,28.28,8.99
P100000120513,steel,2025-01-25,4,38.78,32.97
P100000120513,steel,2025-01-26,2,31.470000000000002,19.76
P100000120513,steel,2025-01-27,4,27.439999999999998,10.55
P100000120513,steel,2025-01-28,5,19.86,7.23
P100000120513,steel,2025-01-29,2,16.22,11.14
P100000120513,steel,2025-01-30,1,5.37,5.37
P100000120513,steel,2025-01-31,4,22.57,10.46
P100000120513,steel,2025-02-01,3,18.29,10.97
P100000120513,steel,2025-02-02,1,5.75,5.75
P100000120513,steel,2025-02-03,8,33.37,9.94
P100000120513,steel,2025-02-04,2,15.77,10.72
P100000120513,steel,2025-02-05,4,28.18,20.7
P100000120513,steel,2025-02-06,4,13.81,5.68
P100000120513,steel,2025-02-07,2,18.61,9.76
P100000120513,steel,2025-02-08,5,29.55,7.15
P100000120513,steel,2025-02-09,4,36.55,14.79
P100000120513,steel,2025-02-10,2,7.5,5.08
P100000120513,steel,2025-02-11,4,41.05,16.19
P100000120513,steel,2025-02-12,4,25.990000000000002,11.39
P100000120513,steel,2025-02-13,5,29.16,8.98
P100000120513,steel,2025-02-14,3,10.35,4.83
P100000120513,steel,2025-02-15,1,8.51,8.51
P100000120513,steel,2025-02-16,4,22.78,9.51
P100000120513,steel,2025-02-17,5,94.47,44.05
P100000120513,steel,2025-02-18,7,38.59,9.98
P100000120513,steel,2025-02-19,2,13.33,7.83
P100000120513,steel,2025-02-20,3,32.629999999999995,12.83
P100000120513,steel,2025-02-21,4,35.2,28.16
P100000120513,steel,2025-02-22,6,50.56,12.18
P100000120513,steel,2025-02-23,3,27.01,10.92
P100000120513,steel,2025-02-24,6,41.18,13.14
P100000120513,steel,2025-02-25,1,6.35,6.35
P100000120513,steel,2025-02-26,3,15.32,8.34
P100000120513,steel,2025-02-27,6,24.330000000000002,8.31
P100000120513,steel,2025-02-28,2,16.75,8.9
P100000120513,steel,2025-03-01,8,39.2,6.55
P100000120513,steel,2025-03-02,3,16.95,8.29
P100000120513,steel,2025-03-03,5,26.94,15.9
P100000120513,steel,2025-03-04,5,32.02,16.42
P100000120513,steel,2025-03-05,2,16.490000000000002,8.57
P100000120513,steel,2025-03-06,3,29.98,12.65
P100000120513,steel,2025-03-07,8,65.31,14.65
P100000120513,steel,2025-03-08,3,24.869999999999997,12.1
P100000120513,steel,2025-03-09,2,18.06,11.03
P100000120513,steel,2025-03-10,3,26.85,14.63
P100000120513,steel,2025-03-11,3,22.8,14.82
P100000120513,steel,2025-03-12,3,12.049999999999999,8.51
P100000120513,steel,2025-03-13,4,29.63,12.02
P100000120513,steel,2025-03-14,5,44.11,19.66
P100000120513,steel,2025-03-15,1,5.87,5.87
P100000120513,steel,2025-03-16,4,31.6,10.93
P100000120513,steel,2025-03-17,4,16.83,8.93
P100000120513,steel,2025-03-18,5,16.48,5.16
P100000120513,steel,2025-03-19,2,24.28,19.52
P100000120513,steel,2025-03-20,4,21.99,10.27
P100000120513,steel,2025-03-21,1,7.1,7.1
P100000120513,steel,2025-03-22,2,10.32,5.65
P100000120513,steel,2025-03-23,6,24.46,4.63
P100000120513,steel,2025-03-24,3,30.04,11.67
P100000120513,steel,2025-03-25,5,24.9,7.17
P100000120513,steel,2025-03-26,5,12.09,3.67
P100000120513,steel,2025-03-27,4,25.14,7.41
P100000120513,steel,2025-03-28,8,58.980000000000004,21.48
P100000120513,steel,2025-03-29,3,23.11,16.32
P100000120513,steel,2025-03-30,1,17.6,17.6
P100000120513,steel,2025-03-31,2,6.32,3.93
P100000120513,steel,2025-04-01,1,6.33,6.33
P100000120513,steel,2025-04-02,7,58.7,18.25
P100000120513,steel,2025-04-03,3,17.21,9.58
P100000120513,steel,2025-04-04,2,20.95,12.91
P100000120513,steel,2025-04-05,3,33.34,15.86
P100000120513,steel,2025-04-06,4,55.36,20.18
P100000120513,steel,2025-04-07,4,33.22,17.88
P100000120513,steel,2025-04-08,3,17.8,11.61
P100000120513,steel,2025-04-09,3,36.48,21.86
P100000120513,steel,2025-04-10,3,13.219999999999999,4.86
P100000120513,steel,2025-04-11,1,11.96,11.96
P100000120513,steel,2025-04-12,4,22.63,9.0
P100000120513,steel,2025-04-13,9,55.15,9.66
P100000120513,steel,2025-04-14,3,53.8,26.4
P100000120513,steel,2025-04-15,2,10.2,5.1
P100000120513,steel,2025-04-16,3,14.45,9.51
P100000120513,steel,2025-04-17,2,11.05,7.57
P100000120513,steel,2025-04-18,8,43.2,9.84
P100000120513,steel,2025-04-19,3,15.14,6.68
P100000120513,steel,2025-04-20,2,23.849999999999998,20.81
P100000120513,steel,2025-04-21,4,33.87,12.12
P100000120513,steel,2025-04-22,3,27.060000000000002,15.47
P100000120513,steel,2025-04-23,5,28.46,6.41
P100000120513,steel,2025-04-24,7,30.14,6.02
P100000120513,steel,2025-04-25,5,20.82,6.86
P100000120513,steel,2025-04-26,4,29.32,23.32
P100000120513,steel,2025-04-27,2,21.55,17.77
P100000120513,steel,2025-04-28,1,9.26,9.26
P100000120513,steel,2025-04-29,6,34.57,8.06
P100000120513,steel,2025-04-30,2,20.049999999999997,10.51
P100000120513,steel,2025-05-01,1,7.57,7.57
P100000120513,steel,2025-05-02,3,22.03,15.59
P100000120513,steel,2025-05-03,2,12.22,6.11
P100000120513,steel,2025-05-04,5,22.58,8.07
P100000120513,steel,2025-05-07,3,12.459999999999999,4.52
P100000120513,steel,2025-05-08,1,3.95,3.95
P100000120513,steel,2025-05-09,2,13.04,7.57
P100000120513,steel,2025-05-10,4,14.24,4.78
P100000120513,steel,2025-05-11,7,46.94,12.52
P100000120513,steel,2025-05-12,3,40.44,31.02
P100000120513,steel,2025-05-13,4,46.6,16.63
P100000120513,steel,2025-05-14,1,6.68,6.68
P100000120513,steel,2025-05-15,4,26.8,8.67
P100000120513,steel,2025-05-16,5,64.15,17.32
P100000120513,steel,2025-05-17,1,15.88,15.88
P100000120513,steel,2025-05-18,2,2.81,1.54
P100000120513,steel,2025-05-19,4,39.79,18.6
P100000120513,steel,2025-05-21,1,1.58,1.58
P100000120513,steel,2025-05-22,1,12.99,12.99
P100000120513,steel,2025-05-23,4,12.76,3.19
P100000120513,steel,2025-05-29,3,8.79,3.48
P100000120513,steel,2025-05-30,3,16.6,8.78
P100000120513,steel,2025-05-31,3,6.9,3.5
P100000120513,steel,2025-06-01,6,50.1,14.48
P100000120513,steel,2025-06-02,4,14.34,3.92
P100000120513,steel,2025-06-03,1,10.24,10.24
P100000120513,steel,2025-06-04,2,33.66,27.86
P100000120513,steel,2025-06-05,5,32.67,8.79
P100000120513,steel,2025-06-06,3,11.27,5.99
P100000120513,steel,2025-06-07,4,42.16,14.93
P100000120513,steel,2025-06-08,1,4.53,4.53
P100000120513,steel,2025-06-09,5,60.22,17.49
P100000120513,steel,2025-06-10,3,11.24,5.68
P100000120513,steel,2025-06-13,1,18.95,18.95
P100000120513,steel,2025-06-14,3,43.14,19.78
P100000120513,steel,2025-06-20,4,10.95,3.52
P100000120513,steel,2025-06-21,2,3.69,2.27
P100000120513,steel,2025-06-30,1,11.26,11.26
P100000120513,steel,2025-07-10,2,2.0,1.0
P100000120513,steel,2025-07-11,2,13.37,9.03
P100000120513,steel,2025-07-12,1,6.64,6.64
P100000120513,steel,2025-07-14,1,0.81,0.81
P100000120513,steel,2025-07-15,1,8.64,8.64
P100000120513,steel,2025-07-16,3,12.17,5.21
P100000120513,steel,2025-07-17,1,9.72,9.72
P100000120513,steel,2025-07-18,1,7.61,7.61
P100000120513,steel,2025-07-20,2,14.9,7.45
P100000120513,steel,2025-07-21,4,14.170000000000002,5.48
P100000120513,steel,2025-07-22,1,12.88,12.88
P100000120513,steel,2025-07-25,2,7.26,3.63
P100000120513,steel,2025-08-01,1,47.3,47.3
P100000120513,steel,2025-08-02,1,2.48,2.48
P100000120513,steel,2025-08-04,2,4.04,2.02
P100000120513,steel,2025-08-05,1,21.49,21.49
P100000120513,steel,2025-08-06,2,9.780000000000001,8.22
P100000120513,steel,2025-08-07,1,5.29,5.29
P100000120513,steel,2025-08-08,4,13.870000000000001,3.83
P100000120513,steel,2025-08-10,3,26.759999999999998,10.12
P100000120513,steel,2025-08-11,2,8.92,4.46
P100000120513,steel,2025-08-12,3,28.57,12.08
P100000120513,steel,2025-08-14,1,1.56,1.56
P100000120513,steel,2025-08-21,2,5.48,2.74
P100000120513,steel,2025-08-22,2,25.39,21.73
P100000120513,steel,2025-08-26,2,14.23,8.02
P100000120513,steel,2025-08-27,2,2.54,1.27
P100000120513,steel,2025-09-02,2,13.94,6.97
P100000120513,steel,2025-09-07,2,1.5,0.75
P100000120513,steel,2025-09-09,4,29.7,11.38
P100000120513,steel,2025-09-10,1,3.95,3.95
P100000120513,steel,2025-09-11,5,21.44,6.9
P100000120513,steel,2025-09-12,2,12.399999999999999,7.34
P100000120513,steel,2025-09-16,1,7.97,7.97
P100000120513,steel,2025-09-17,3,7.87,3.33
P100000120513,steel,2025-09-18,2,3.79,2.97
P100000120513,steel,2025-09-22,1,3.7,3.7
P100000120513,steel,2025-09-23,2,30.18,20.6
P100000120513,steel,2025-09-24,1,11.09,11.09
P100000120513,steel,2025-09-25,2,2.56,1.28
P100000120513,steel,2025-09-29,2,10.25,7.34
P100000120513,steel,2025-10-01,4,19.95,6.96
P100000120513,steel,2025-10-02,1,3.04,3.04
P100000120513,steel,2025-10-03,6,33.92,10.07
P100000120513,steel,2025-10-04,4,24.17,10.28
P100000120513,steel,2025-10-05,2,25.38,14.62
P100000120513,steel,2025-10-06,1,6.9,6.9
P100000120513,steel,2025-10-07,2,14.6,10.36
P100000120513,steel,2025-10-08,3,23.2,11.62
P100000120513,steel,2025-10-09,4,15.58,4.99
P100000120513,steel,2025-10-10,2,16.810000000000002,13.31
P100000120513,steel,2025-10-11,2,9.81,7.38
P100000120513,steel,2025-10-12,5,26.48,8.0
P100000120513,steel,2025-10-13,4,27.78,10.14
P100000120513,steel,2025-10-14,3,16.47,6.69
P100000120513,steel,2025-10-15,4,38.66,12.66
P100000120513,steel,2025-10-16,3,13.19,6.36
P100000120513,steel,2025-10-17,5,25.439999999999998,9.11
P100000120513,steel,2025-10-18,5,42.92,14.89
P100000120513,steel,2025-10-19,1,6.93,6.93
P100000120513,steel,2025-10-20,6,48.07,12.7
P100000120513,steel,2025-10-21,3,29.939999999999998,16.08
P100000120513,steel,2025-10-22,5,36.82,8.73
P100000120513,steel,2025-10-23,3,24.4,9.25
P100000120513,steel,2025-10-24,1,8.32,8.32
P100000120513,steel,2025-10-28,2,3.12,1.56
P100000120513,steel,2025-10-29,2,45.83,23.61
P100000120513,steel,2025-11-01,4,29.580000000000002,7.98
P100000120513,steel,2025-11-02,2,6.76,5.14
P100000120513,steel,2025-11-03,3,36.42,15.58
P100000120513,steel,2025-11-04,5,31.5,8.75
P100000120513,steel,2025-11-05,1,2.79,2.79
P100000120513,steel,2025-11-06,4,26.560000000000002,11.05
P100000120513,steel,2025-11-07,7,33.23,7.61
P100000120513,steel,2025-11-08,3,18.25,9.53
P100000120513,steel,2025-11-09,2,3.88,1.94
P100000120513,steel,2025-11-10,5,12.36,4.08
P100000120513,steel,2025-11-11,1,8.33,8.33
P100000120513,steel,2025-11-12,4,15.15,4.72
P100000120513,steel,2025-11-13,4,18.83,8.85
P100000120513,steel,2025-11-14,4,62.86,26.28
P100000120513,steel,2025-11-15,3,41.58,23.05
P100000120513,steel,2025-11-16,2,55.839999999999996,43.9
P100000120513,steel,2025-11-17,4,74.95,28.33
P100000120513,steel,2025-11-18,7,64.74,19.4
P100000120513,steel,2025-11-19,3,14.73,6.94
P100000120513,steel,2025-11-20,3,61.48,28.91
P100000120513,steel,2025-11-21,2,26.08,15.83
P100000120513,steel,2025-11-22,5,54.650000000000006,25.05
P100000120513,steel,2025-11-23,5,27.03,8.51
P100000120513,steel,2025-11-25,3,15.6,8.6
P100000120513,steel,2025-11-26,5,25.779999999999998,16.56
P100000120513,steel,2025-11-27,3,30.79,12.88
P100000120513,steel,2025-11-28,4,25.98,9.52
P100000120513,steel,2025-11-29,4,20.59,9.37
P100000120513,steel,2025-11-30,4,20.66,6.47
P100000120513,steel,2025-12-01,4,50.37,30.0
P100000120513,steel,2025-12-02,2,22.45,11.92
P100000120513,steel,2025-12-03,3,15.51,8.83
P100000120513,steel,2025-12-04,6,25.93,8.77
P100000120513,steel,2025-12-05,3,41.849999999999994,20.38
P100000120513,steel,2025-12-06,4,25.330000000000002,11.13
P100000120513,steel,2025-12-07,5,28.740000000000002,10.91
P100000120513,steel,2025-12-08,3,36.57,14.15
P100000120513,steel,2025-12-09,3,15.7,9.04
P100000120513,steel,2025-12-10,6,62.31,13.67
P100000120513,steel,2025-12-11,2,22.86,13.67
P100000120513,steel,2025-12-12,3,29.09,12.14
P100000120513,steel,2025-12-13,4,48.35,24.12
P100000120513,steel,2025-12-14,5,39.95,12.72
P100000120513,steel,2025-12-15,2,7.92,3.96
P100000120513,steel,2025-12-16,7,46.81,9.64
P100000120513,steel,2025-12-17,3,17.74,9.95
P100000120513,steel,2025-12-18,4,25.85,9.77
P100000120513,steel,2025-12-19,3,16.39,6.92
P100000120513,steel,2025-12-20,9,46.2,13.55
P100000120513,steel,2025-12-21,1,3.58,3.58
P100000120513,steel,2025-12-22,3,16.16,11.54
P100000120513,steel,2025-12-23,3,42.03,29.88
P100000120513,steel,2025-12-24,1,9.64,9.64
P100000120513,steel,2025-12-25,3,18.85,11.67
P100000120513,steel,2025-12-26,3,39.96,17.34
P100000120513,steel,2025-12-27,3,17.47,6.58
P100000120513,steel,2025-12-28,4,34.64,13.82
P100000120513,steel,2025-12-29,4,31.07,16.76
P100000120513,steel,2025-12-30,7,42.94,9.67
P100000120513,steel,2025-12-31,4,10.61,3.8
P100000120515,steel,2025-01-02,3,8.86,6.58
P100000120515,steel,2025-01-03,1,4.64,4.64
P100000120515,steel,2025-01-04,1,1.36,1.36
P100000120515,steel,2025-01-07,1,0.95,0.95
P100000120515,steel,2025-01-08,2,6.220000000000001,4.36
P100000120515,steel,2025-01-09,2,6.12,4.37
P100000120515,steel,2025-01-10,1,2.21,2.21
P100000120515,steel,2025-01-13,1,1.58,1.58
P100000120515,steel,2025-01-15,1,1.51,1.51
P100000120515,steel,2025-01-16,2,3.73,2.06
P100000120515,steel,2025-01-18,1,1.79,1.79
P100000120515,steel,2025-01-19,2,3.25,1.93
P100000120515,steel,2025-01-21,1,1.88,1.88
P100000120515,steel,2025-01-22,1,2.59,2.59
P100000120515,steel,2025-01-23,2,1.98,1.1
P100000120515,steel,2025-01-24,2,4.45,2.49
P100000120515,steel,2025-02-04,1,1.43,1.43
P100000120515,steel,2025-02-08,1,1.31,1.31
P100000120515,steel,2025-02-10,1,2.68,2.68
P100000120515,steel,2025-02-13,1,3.25,3.25
P100000120515,steel,2025-02-14,2,7.77,5.83
P100000120515,steel,2025-02-15,1,4.96,4.96
P100000120515,steel,2025-02-16,2,7.21,5.72
P100000120515,steel,2025-02-17,1,2.23,2.23
P100000120515,steel,2025-02-21,1,2.87,2.87
P100000120515,steel,2025-02-25,1,3.43,3.43
P100000120515,steel,2025-02-26,1,1.02,1.02
P100000120515,steel,2025-03-02,1,2.22,2.22
P100000120515,steel,2025-03-07,1,1.2,1.2
P100000120515,steel,2025-03-09,2,3.91,2.38
P100000120515,steel,2025-03-13,1,3.11,3.11
P100000120515,steel,2025-03-14,3,9.17,3.36
P100000120515,steel,2025-03-15,2,3.4,1.74
P100000120515,steel,2025-03-19,1,1.79,1.79
P100000120515,steel,2025-03-24,2,2.78,1.39
P100000120515,steel,2025-03-25,1,1.7,1.7
P100000120515,steel,2025-03-26,1,1.29,1.29
P100000120515,steel,2025-03-30,1,2.37,2.37
P100000120515,steel,2025-03-31,1,3.39,3.39
P100000120515,steel,2025-04-09,1,1.23,1.23
P100000120515,steel,2025-04-12,1,6.43,6.43
P100000120515,steel,2025-04-14,1,1.45,1.45
P100000120515,steel,2025-04-16,1,2.31,2.31
P100000120515,steel,2025-04-30,1,1.52,1.52
P100000120515,steel,2025-05-02,1,3.18,3.18
P100000120515,steel,2025-05-03,1,0.56,0.56
P100000120515,steel,2025-05-04,1,1.96,1.96
P100000120515,steel,2025-05-06,2,5.76,3.78
P100000120515,steel,2025-05-10,1,1.63,1.63
P100000120515,steel,2025-05-20,1,2.76,2.76
P100000120515,steel,2025-06-02,1,1.41,1.41
P100000120515,steel,2025-06-07,1,5.86,5.86
P100000120515,steel,2025-06-12,1,1.36,1.36
P100000120515,steel,2025-07-20,1,1.97,1.97
P100000120515,steel,2025-08-11,1,2.56,2.56
P100000120515,steel,2025-08-16,1,6.58,6.58
P100000120515,steel,2025-08-31,1,3.59,3.59
P100000120515,steel,2025-10-12,2,5.1,2.55
P100000120515,steel,2025-10-13,1,4.82,4.82
P100000120515,steel,2025-10-17,1,3.39,3.39
P100000120515,steel,2025-10-22,1,1.48,1.48
P100000120515,steel,2025-10-23,1,4.43,4.43
P100000120515,steel,2025-10-25,1,1.94,1.94
P100000120515,steel,2025-10-26,1,0.93,0.93
P100000120515,steel,2025-10-30,2,2.8,1.59
P100000120515,steel,2025-11-02,1,1.53,1.53
P100000120515,steel,2025-11-03,1,3.63,3.63
P100000120515,steel,2025-11-04,3,6.699999999999999,3.19
P100000120515,steel,2025-11-05,1,0.94,0.94
P100000120515,steel,2025-11-06,1,2.21,2.21
P100000120515,steel,2025-11-07,1,1.15,1.15
P100000120515,steel,2025-11-08,2,6.04,3.74
P100000120515,steel,2025-11-09,2,7.41,4.07
P100000120515,steel,2025-11-15,1,1.91,1.91
P100000120515,steel,2025-11-16,1,1.93,1.93
P100000120515,steel,2025-11-17,1,1.71,1.71
P100000120515,steel,2025-11-19,3,10.68,7.58
P100000120515,steel,2025-11-20,2,4.44,2.22
P100000120515,steel,2025-11-21,1,1.89,1.89
P100000120515,steel,2025-11-24,2,6.220000000000001,3.54
P100000120515,steel,2025-11-25,1,1.55,1.55
P100000120515,steel,2025-11-26,1,1.73,1.73
P100000120515,steel,2025-12-02,1,2.15,2.15
P100000120515,steel,2025-12-04,2,9.2,4.85
P100000120515,steel,2025-12-05,2,5.22,3.63
P100000120515,steel,2025-12-06,2,3.6799999999999997,1.96
P100000120515,steel,2025-12-08,1,0.94,0.94
P100000120515,steel,2025-12-09,1,2.56,2.56
P100000120515,steel,2025-12-10,2,9.67,5.36
P100000120515,steel,2025-12-11,2,3.5700000000000003,1.83
P100000120515,steel,2025-12-12,2,6.82,3.6
P100000120515,steel,2025-12-14,1,4.54,4.54
P100000120515,steel,2025-12-15,1,1.62,1.62
P100000120515,steel,2025-12-17,4,9.93,4.84
P100000120515,steel,2025-12-18,3,10.81,4.82
P100000120515,steel,2025-12-19,1,2.32,2.32
P100000120515,steel,2025-12-20,1,2.21,2.21
P100000120515,steel,2025-12-21,1,1.74,1.74
P100000120515,steel,2025-12-22,3,5.44,2.49
P100000120515,steel,2025-12-23,1,7.87,7.87
P100000120515,steel,2025-12-24,1,3.11,3.11
P100000120515,steel,2025-12-25,2,3.0700000000000003,1.73
P100000120515,steel,2025-12-27,1,3.87,3.87
P100000120516,steel,2025-01-01,4,9.67,2.9
P100000120516,steel,2025-01-02,5,10.280000000000001,4.7
P100000120516,steel,2025-01-03,3,11.67,5.12
P100000120516,steel,2025-01-04,6,22.56,5.21
P100000120516,steel,2025-01-05,2,10.43,5.52
P100000120516,steel,2025-01-06,4,20.490000000000002,10.77
P100000120516,steel,2025-01-07,7,16.3,3.74
P100000120516,steel,2025-01-08,3,14.98,6.92
P100000120516,steel,2025-01-09,8,20.85,6.58
P100000120516,steel,2025-01-10,3,7.93,3.09
P100000120516,steel,2025-01-11,2,7.08,3.86
P100000120516,steel,2025-01-12,4,6.6,2.22
P100000120516,steel,2025-01-13,3,12.08,5.09
P100000120516,steel,2025-01-14,4,9.15,4.49
P100000120516,steel,2025-01-16,1,4.27,4.27
P100000120516,steel,2025-01-17,6,12.29,2.98
P100000120516,steel,2025-01-18,3,9.74,4.48
P100000120516,steel,2025-01-19,3,13.48,5.92
P100000120516,steel,2025-01-20,6,11.69,4.19
P100000120516,steel,2025-01-21,4,16.36,7.67
P100000120516,steel,2025-01-22,3,9.51,4.27
P100000120516,steel,2025-01-23,5,12.97,5.16
P100000120516,steel,2025-01-24,4,13.38,5.94
P100000120516,steel,2025-01-25,3,8.5,4.44
P100000120516,steel,2025-01-26,5,10.43,4.91
P100000120516,steel,2025-01-27,3,7.02,4.25
P100000120516,steel,2025-01-28,4,8.270000000000001,2.22
P100000120516,steel,2025-01-29,7,20.21,4.43
P100000120516,steel,2025-01-30,4,10.33,5.96
P100000120516,steel,2025-01-31,4,10.1,3.92
P100000120516,steel,2025-02-01,5,18.11,5.73
P100000120516,steel,2025-02-02,4,16.36,6.59
P100000120516,steel,2025-02-03,5,16.59,3.91
P100000120516,steel,2025-02-04,3,8.92,3.95
P100000120516,steel,2025-02-05,6,17.36,4.47
P100000120516,steel,2025-02-06,4,22.39,6.76
P100000120516,steel,2025-02-07,4,17.439999999999998,9.36
P100000120516,steel,2025-02-08,5,17.14,6.21
P100000120516,steel,2025-02-09,4,16.130000000000003,5.69
P100000120516,steel,2025-02-10,9,28.53,5.84
P100000120516,steel,2025-02-11,5,11.45,4.83
P100000120516,steel,2025-02-12,4,18.88,7.3
P100000120516,steel,2025-02-13,8,24.34,10.09
P100000120516,steel,2025-02-14,4,10.66,4.3
P100000120516,steel,2025-02-15,4,11.469999999999999,4.09
P100000120516,steel,2025-02-16,5,15.18,6.03
P100000120516,steel,2025-02-17,4,14.870000000000001,6.21
P100000120516,steel,2025-02-18,7,17.91,4.29
P100000120516,steel,2025-02-19,4,12.94,4.56
P100000120516,steel,2025-02-20,4,14.809999999999999,7.64
P100000120516,steel,2025-02-21,8,25.7,6.87
P100000120516,steel,2025-02-22,2,6.14,3.07
P100000120516,steel,2025-02-23,3,9.469999999999999,3.86
P100000120516,steel,2025-02-24,5,13.2,4.81
P100000120516,steel,2025-02-25,3,11.98,5.17
P100000120516,steel,2025-02-26,6,15.91,4.19
P100000120516,steel,2025-02-27,6,14.15,3.94
P100000120516,steel,2025-02-28,4,16.91,5.3
P100000120516,steel,2025-03-01,6,21.23,4.69
P100000120516,steel,2025-03-02,4,11.95,3.94
P100000120516,steel,2025-03-03,9,35.769999999999996,9.1
P100000120516,steel,2025-03-04,5,22.5,6.66
P100000120516,steel,2025-03-05,4,13.43,4.58
P100000120516,steel,2025-03-06,5,17.04,8.98
P100000120516,steel,2025-03-07,4,16.66,5.61
P100000120516,steel,2025-03-08,2,11.64,7.51
P100000120516,steel,2025-03-09,5,23.95,7.15
P100000120516,steel,2025-03-10,2,10.82,5.53
P100000120516,steel,2025-03-11,5,15.26,5.62
P100000120516,steel,2025-03-12,5,17.33,6.93
P100000120516,steel,2025-03-13,5,19.4,4.45
P100000120516,steel,2025-03-14,6,24.340000000000003,5.11
P100000120516,steel,2025-03-15,3,7.290000000000001,2.43
P100000120516,steel,2025-03-16,7,24.45,7.15
P100000120516,steel,2025-03-17,7,24.03,4.47
P100000120516,steel,2025-03-18,6,26.95,7.71
P100000120516,steel,2025-03-19,5,16.58,4.41
P100000120516,steel,2025-03-20,7,21.15,4.93
P100000120516,steel,2025-03-21,1,4.84,4.84
P100000120516,steel,2025-03-22,3,9.52,4.1
P100000120516,steel,2025-03-23,6,15.739999999999998,3.61
P100000120516,steel,2025-03-24,1,7.92,7.92
P100000120516,steel,2025-03-25,8,26.34,4.93
P100000120516,steel,2025-03-26,3,10.600000000000001,4.03
P100000120516,steel,2025-03-27,6,38.37,13.02
P100000120516,steel,2025-03-28,3,11.21,5.45
P100000120516,steel,2025-03-29,3,12.24,4.3
P100000120516,steel,2025-03-30,7,33.12,7.82
P100000120516,steel,2025-03-31,7,30.63,6.18
P100000120516,steel,2025-04-01,1,6.56,6.56
P100000120516,steel,2025-04-02,6,13.39,4.69
P100000120516,steel,2025-04-04,4,11.36,3.44
P100000120516,steel,2025-04-05,2,10.8,5.7
P100000120516,steel,2025-04-06,5,19.13,9.84
P100000120516,steel,2025-04-07,7,31.09,9.62
P100000120516,steel,2025-04-08,3,19.72,11.14
P100000120516,steel,2025-04-09,2,10.49,6.96
P100000120516,steel,2025-04-10,2,8.879999999999999,6.64
P100000120516,steel,2025-04-11,3,11.45,3.83
P100000120516,steel,2025-04-12,5,17.17,8.91
P100000120516,steel,2025-04-13,1,6.34,6.34
P100000120516,steel,2025-04-14,4,12.370000000000001,5.89
P100000120516,steel,2025-04-15,3,13.35,5.82
P100000120516,steel,2025-04-16,6,23.48,6.63
P100000120516,steel,2025-04-17,7,42.2,12.66
P100000120516,steel,2025-04-18,6,24.740000000000002,5.24
P100000120516,steel,2025-04-19,4,11.09,4.26
P100000120516,steel,2025-04-20,12,41.12,6.17
P100000120516,steel,2025-04-21,7,26.05,6.08
P100000120516,steel,2025-04-22,6,36.089999999999996,13.79
P100000120516,steel,2025-04-23,4,25.06,15.84
P100000120516,steel,2025-04-24,2,10.559999999999999,6.46
P100000120516,steel,2025-04-25,2,9.56,4.78
P100000120516,steel,2025-04-28,4,11.01,3.67
P100000120516,steel,2025-04-29,4,13.41,4.1
P100000120516,steel,2025-04-30,4,8.16,2.26
P100000120516,steel,2025-05-01,9,25.490000000000002,7.28
P100000120516,steel,2025-05-02,6,26.82,7.01
P100000120516,steel,2025-05-03,3,14.540000000000001,7.11
P100000120516,steel,2025-05-04,5,13.59,4.55
P100000120516,steel,2025-05-05,5,20.45,5.07
P100000120516,steel,2025-05-06,4,12.21,3.94
P100000120516,steel,2025-05-07,2,4.86,2.43
P100000120516,steel,2025-05-08,4,12.059999999999999,3.48
P100000120516,steel,2025-05-09,4,8.29,2.08
P100000120516,steel,2025-05-10,4,23.4,8.74
P100000120516,steel,2025-05-11,3,23.02,8.59
P100000120516,steel,2025-05-12,6,26.88,5.51
P100000120516,steel,2025-05-13,1,6.97,6.97
P100000120516,steel,2025-05-14,5,25.59,6.01
P100000120516,steel,2025-05-15,4,19.75,9.67
P100000120516,steel,2025-05-16,2,5.96,2.98
P100000120516,steel,2025-05-18,1,4.11,4.11
P100000120516,steel,2025-05-19,2,21.39,10.92
P100000120516,steel,2025-05-20,1,8.27,8.27
P100000120516,steel,2025-05-23,2,15.09,8.93
P100000120516,steel,2025-05-25,4,5.859999999999999,2.23
P100000120516,steel,2025-05-26,3,4.71,1.57
P100000120516,steel,2025-05-29,2,6.5,4.51
P100000120516,steel,2025-05-30,3,14.270000000000001,5.48
P100000120516,steel,2025-06-01,2,13.190000000000001,7.54
P100000120516,steel,2025-06-02,1,4.06,4.06
P100000120516,steel,2025-06-03,1,5.28,5.28
P100000120516,steel,2025-06-04,4,14.43,6.93
P100000120516,steel,2025-06-05,5,23.9,6.77
P100000120516,steel,2025-06-06,4,13.719999999999999,7.69
P100000120516,steel,2025-06-07,1,4.72,4.72
P100000120516,steel,2025-06-08,5,15.91,5.84
P100000120516,steel,2025-06-09,4,22.54,6.33
P100000120516,steel,2025-06-10,5,19.48,5.82
P100000120516,steel,2025-06-11,2,10.42,5.21
P100000120516,steel,2025-06-13,1,3.43,3.43
P100000120516,steel,2025-06-14,2,4.14,2.07
P100000120516,steel,2025-06-15,2,6.36,3.18
P100000120516,steel,2025-06-21,4,5.98,1.78
P100000120516,steel,2025-07-12,2,11.129999999999999,6.43
P100000120516,steel,2025-07-18,4,20.07,6.96
P100000120516,steel,2025-07-22,2,7.37,4.37
P100000120516,steel,2025-08-02,3,3.46,1.32
P100000120516,steel,2025-08-09,5,12.42,3.87
P100000120516,steel,2025-08-11,2,4.72,2.9
P100000120516,steel,2025-08-13,2,1.12,0.56
P100000120516,steel,2025-08-14,3,7.51,2.9
P100000120516,steel,2025-08-15,1,2.69,2.69
P100000120516,steel,2025-08-18,3,2.4699999999999998,0.83
P100000120516,steel,2025-08-26,4,3.38,0.87
P100000120516,steel,2025-08-27,1,1.84,1.84
P100000120516,steel,2025-08-28,2,5.17,3.39
P100000120516,steel,2025-08-29,4,12.639999999999999,3.82
P100000120516,steel,2025-08-30,4,15.98,4.98
P100000120516,steel,2025-09-05,3,5.86,2.14
P100000120516,steel,2025-09-08,5,13.54,3.08
P100000120516,steel,2025-09-10,2,3.12,1.56
P100000120516,steel,2025-09-12,3,5.63,2.53
P100000120516,steel,2025-09-13,3,11.52,6.16
P100000120516,steel,2025-09-19,4,14.809999999999999,5.59
P100000120516,steel,2025-09-20,3,3.84,1.28
P100000120516,steel,2025-09-24,2,2.78,1.39
P100000120516,steel,2025-09-25,5,17.189999999999998,7.04
P100000120516,steel,2025-09-27,4,5.71,1.67
P100000120516,steel,2025-09-28,3,4.37,2.15
P100000120516,steel,2025-09-29,3,11.74,7.66
P100000120516,steel,2025-09-30,2,5.14,2.57
P100000120516,steel,2025-10-07,1,0.78,0.78
P100000120516,steel,2025-10-08,4,6.11,2.47
P100000120516,steel,2025-10-09,1,0.87,0.87
P100000120516,steel,2025-10-11,6,15.57,5.13
P100000120516,steel,2025-10-12,3,7.45,4.23
P100000120516,steel,2025-10-13,8,13.98,3.64
P100000120516,steel,2025-10-14,5,13.88,4.73
P100000120516,steel,2025-10-15,3,5.64,1.88
P100000120516,steel,2025-10-16,3,7.3,3.36
P100000120516,steel,2025-10-17,4,15.21,8.16
P100000120516,steel,2025-10-18,3,9.68,4.98
P100000120516,steel,2025-10-19,6,17.52,6.35
P100000120516,steel,2025-10-20,2,13.129999999999999,8.76
P100000120516,steel,2025-10-21,3,8.29,3.67
P100000120516,steel,2025-10-22,5,18.03,7.31
P100000120516,steel,2025-10-23,4,14.4,6.19
P100000120516,steel,2025-10-24,7,17.96,4.39
P100000120516,steel,2025-10-26,2,5.84,2.92
P100000120516,steel,2025-10-28,4,6.16,1.65
P100000120516,steel,2025-10-31,3,3.3899999999999997,1.13
P100000120516,steel,2025-11-01,3,6.35,2.35
P100000120516,steel,2025-11-02,3,7.01,2.73
P100000120516,steel,2025-11-03,3,6.01,2.91
P100000120516,steel,2025-11-04,7,24.89,6.71
P100000120516,steel,2025-11-05,3,15.81,9.0
P100000120516,steel,2025-11-06,3,10.02,3.34
P100000120516,steel,2025-11-07,4,11.78,4.31
P100000120516,steel,2025-11-08,5,16.14,7.23
P100000120516,steel,2025-11-09,8,14.6,2.59
P100000120516,steel,2025-11-10,6,18.83,5.93
P100000120516,steel,2025-11-11,1,8.74,8.74
P100000120516,steel,2025-11-12,5,10.03,2.85
P100000120516,steel,2025-11-13,4,15.91,6.2
P100000120516,steel,2025-11-14,7,17.75,4.7
P100000120516,steel,2025-11-15,7,16.62,4.18
P100000120516,steel,2025-11-16,4,11.92,4.29
P100000120516,steel,2025-11-17,6,18.48,3.69
P100000120516,steel,2025-11-18,3,16.63,10.11
P100000120516,steel,2025-11-19,2,16.16,11.22
P100000120516,steel,2025-11-20,6,24.35,6.82
P100000120516,steel,2025-11-21,4,20.9,9.73
P100000120516,steel,2025-11-22,5,15.49,5.9
P100000120516,steel,2025-11-23,5,12.49,2.72
P100000120516,steel,2025-11-24,5,19.189999999999998,6.89
P100000120516,steel,2025-11-25,6,23.68,5.94
P100000120516,steel,2025-11-26,4,10.18,3.54
P100000120516,steel,2025-11-27,5,17.6,7.38
P100000120516,steel,2025-11-28,7,18.66,4.67
P100000120516,steel,2025-11-29,4,13.55,4.2
P100000120516,steel,2025-12-01,4,13.15,4.7
P100000120516,steel,2025-12-02,5,13.4,5.3
P100000120516,steel,2025-12-03,5,16.259999999999998,7.75
P100000120516,steel,2025-12-04,8,27.69,6.14
P100000120516,steel,2025-12-05,4,13.68,5.07
P100000120516,steel,2025-12-06,6,19.8,5.86
P100000120516,steel,2025-12-07,4,15.350000000000001,8.75
P100000120516,steel,2025-12-08,3,11.45,4.39
P100000120516,steel,2025-12-09,6,13.78,4.01
P100000120516,steel,2025-12-10,4,12.61,6.91
P100000120516,steel,2025-12-11,8,20.46,5.15
P100000120516,steel,2025-12-12,4,10.59,4.32
P100000120516,steel,2025-12-13,5,17.68,6.31
P100000120516,steel,2025-12-14,6,16.05,5.22
P100000120516,steel,2025-12-15,2,8.59,4.58
P100000120516,steel,2025-12-16,7,20.87,4.15
P100000120516,steel,2025-12-17,9,29.25,5.57
P100000120516,steel,2025-12-18,4,13.200000000000001,5.07
P100000120516,steel,2025-12-19,5,17.29,4.0
P100000120516,steel,2025-12-20,5,15.71,4.46
P100000120516,steel,2025-12-21,5,13.52,4.5
P100000120516,steel,2025-12-22,6,12.809999999999999,4.68
P100000120516,steel,2025-12-23,3,14.72,6.28
P100000120516,steel,2025-12-24,4,13.059999999999999,4.1
P100000120516,steel,2025-12-25,3,9.969999999999999,3.94
P100000120516,steel,2025-12-26,3,6.25,2.2
P100000120516,steel,2025-12-27,4,7.18,3.33
P100000120516,steel,2025-12-28,7,10.36,3.67
P100000120516,steel,2025-12-29,1,5.01,5.01
P100000120516,steel,2025-12-30,5,11.84,5.11
P100000120516,steel,2025-12-31,3,5.72,1.91
P100000120517,steel,2025-01-01,2,3.98,2.75
P100000120517,steel,2025-01-02,3,7.109999999999999,3.57
P100000120517,steel,2025-01-03,1,1.79,1.79
P100000120517,steel,2025-01-04,1,5.12,5.12
P100000120517,steel,2025-01-05,4,5.0200000000000005,1.62
P100000120517,steel,2025-01-06,1,2.36,2.36
P100000120517,steel,2025-01-07,1,3.37,3.37
P100000120517,steel,2025-01-08,2,3.85,2.22
P100000120517,steel,2025-01-09,2,3.98,2.21
P100000120517,steel,2025-01-10,4,10.09,4.78
P100000120517,steel,2025-01-11,6,6.38,2.27
P100000120517,steel,2025-01-12,2,3.49,1.86
P100000120517,steel,2025-01-13,1,1.72,1.72
P100000120517,steel,2025-01-14,4,6.6,1.76
P100000120517,steel,2025-01-15,5,11.059999999999999,6.72
P100000120517,steel,2025-01-16,4,10.43,3.73
P100000120517,steel,2025-01-17,1,3.07,3.07
P100000120517,steel,2025-01-18,1,3.28,3.28
P100000120517,steel,2025-01-19,1,1.43,1.43
P100000120517,steel,2025-01-20,2,6.34,3.28
P100000120517,steel,2025-01-21,2,3.0,1.75
P100000120517,steel,2025-01-22,2,6.8500000000000005,4.11
P100000120517,steel,2025-01-23,3,7.539999999999999,3.03
P100000120517,steel,2025-01-25,2,3.7,1.92
P100000120517,steel,2025-01-26,1,4.51,4.51
P100000120517,steel,2025-01-27,2,3.15,1.65
P100000120517,steel,2025-01-29,2,4.59,2.43
P100000120517,steel,2025-01-30,2,3.05,1.62
P100000120517,steel,2025-01-31,3,9.26,4.12
P100000120517,steel,2025-02-01,2,5.55,3.76
P100000120517,steel,2025-02-02,2,4.279999999999999,2.17
P100000120517,steel,2025-02-03,1,1.55,1.55
P100000120517,steel,2025-02-04,2,5.12,3.22
P100000120517,steel,2025-02-05,3,5.28,2.06
P100000120517,steel,2025-02-06,2,4.59,2.69
P100000120517,steel,2025-02-08,2,4.53,2.89
P100000120517,steel,2025-02-09,2,2.34,1.23
P100000120517,steel,2025-02-10,2,3.26,1.63
P100000120517,steel,2025-02-11,4,8.99,4.45
P100000120517,steel,2025-02-12,3,5.93,3.05
P100000120517,steel,2025-02-13,2,4.36,2.18
P100000120517,steel,2025-02-14,2,5.74,3.3
P100000120517,steel,2025-02-15,2,4.82,2.46
P100000120517,steel,2025-02-16,3,10.280000000000001,5.4
P100000120517,steel,2025-02-17,3,9.96,3.9
P100000120517,steel,2025-02-18,1,3.97,3.97
P100000120517,steel,2025-02-19,2,4.08,2.62
P100000120517,steel,2025-02-20,4,9.44,3.48
P100000120517,steel,2025-02-21,3,7.39,3.5
P100000120517,steel,2025-02-22,3,4.98,2.28
P100000120517,steel,2025-02-23,4,8.02,2.05
P100000120517,steel,2025-02-24,1,1.24,1.24
P100000120517,steel,2025-02-25,1,2.17,2.17
P100000120517,steel,2025-02-26,2,7.7299999999999995,6.14
P100000120517,steel,2025-02-27,4,6.98,2.37
P100000120517,steel,2025-02-28,2,10.799999999999999,8.7
P100000120517,steel,2025-03-01,1,1.8,1.8
P100000120517,steel,2025-03-02,2,3.46,2.32
P100000120517,steel,2025-03-03,1,3.25,3.25
P100000120517,steel,2025-03-04,3,6.3999999999999995,2.67
P100000120517,steel,2025-03-05,2,5.07,2.69
P100000120517,steel,2025-03-06,3,9.57,4.11
P100000120517,steel,2025-03-08,1,2.79,2.79
P100000120517,steel,2025-03-09,1,4.96,4.96
P100000120517,steel,2025-03-10,2,4.12,2.06
P100000120517,steel,2025-03-11,1,3.33,3.33
P100000120517,steel,2025-03-12,2,5.61,2.99
P100000120517,steel,2025-03-14,3,9.120000000000001,5.23
P100000120517,steel,2025-03-15,6,12.030000000000001,4.04
P100000120517,steel,2025-03-16,2,4.93,2.94
P100000120517,steel,2025-03-17,1,1.99,1.99
P100000120517,steel,2025-03-18,1,2.77,2.77
P100000120517,steel,2025-03-19,1,1.25,1.25
P100000120517,steel,2025-03-20,2,4.24,2.3
P100000120517,steel,2025-03-21,1,1.44,1.44
P100000120517,steel,2025-03-22,2,2.8600000000000003,1.86
P100000120517,steel,2025-03-23,2,4.2,2.61
P100000120517,steel,2025-03-24,1,4.42,4.42
P100000120517,steel,2025-03-25,4,10.55,5.0
P100000120517,steel,2025-03-26,4,11.74,6.01
P100000120517,steel,2025-03-27,2,2.86,1.43
P100000120517,steel,2025-03-28,1,1.71,1.71
P100000120517,steel,2025-03-29,1,1.14,1.14
P100000120517,steel,2025-03-30,3,11.5,4.63
P100000120517,steel,2025-03-31,1,2.95,2.95
P100000120517,steel,2025-04-03,4,7.359999999999999,2.4
P100000120517,steel,2025-04-04,5,15.629999999999999,5.84
P100000120517,steel,2025-04-05,2,3.68,1.84
P100000120517,steel,2025-04-06,2,4.54,2.27
P100000120517,steel,2025-04-07,1,0.83,0.83
P100000120517,steel,2025-04-09,1,4.37,4.37
P100000120517,steel,2025-04-10,3,10.48,4.4
P100000120517,steel,2025-04-11,2,16.939999999999998,10.27
P100000120517,steel,2025-04-12,1,2.54,2.54
P100000120517,steel,2025-04-13,2,6.52,3.53
P100000120517,steel,2025-04-15,1,3.45,3.45
P100000120517,steel,2025-04-16,1,4.4,4.4
P100000120517,steel,2025-04-20,1,3.83,3.83
P100000120517,steel,2025-04-21,2,2.5700000000000003,1.33
P100000120517,steel,2025-04-22,2,6.07,3.73
P100000120517,steel,2025-04-23,2,8.25,5.11
P100000120517,steel,2025-04-25,2,10.54,6.09
P100000120517,steel,2025-04-26,1,5.81,5.81
P100000120517,steel,2025-04-27,2,7.5,5.17
P100000120517,steel,2025-04-29,1,2.19,2.19
P100000120517,steel,2025-04-30,3,5.9,2.19
P100000120517,steel,2025-05-01,3,12.83,5.97
P100000120517,steel,2025-05-02,1,1.72,1.72
P100000120517,steel,2025-05-03,1,2.07,2.07
P100000120517,steel,2025-05-05,1,1.73,1.73
P100000120517,steel,2025-05-08,1,1.6,1.6
P100000120517,steel,2025-05-11,3,12.71,5.51
P100000120517,steel,2025-05-12,2,4.59,2.89
P100000120517,steel,2025-05-13,2,1.61,0.81
P100000120517,steel,2025-05-14,1,4.65,4.65
P100000120517,steel,2025-05-17,2,1.77,1.2
P100000120517,steel,2025-05-18,1,4.12,4.12
P100000120517,steel,2025-05-28,5,7.26,2.23
P100000120517,steel,2025-05-29,1,2.2,2.2
P100000120517,steel,2025-05-30,1,2.58,2.58
P100000120517,steel,2025-05-31,1,2.5,2.5
P100000120517,steel,2025-06-01,2,2.34,1.38
P100000120517,steel,2025-06-02,2,2.26,1.13
P100000120517,steel,2025-06-03,1,2.78,2.78
P100000120517,steel,2025-06-04,2,4.16,2.58
P100000120517,steel,2025-06-09,2,4.34,2.28
P100000120517,steel,2025-06-27,1,3.68,3.68
P100000120517,steel,2025-07-09,1,1.66,1.66
P100000120517,steel,2025-07-10,1,3.31,3.31
P100000120517,steel,2025-07-11,2,7.82,4.22
P100000120517,steel,2025-08-04,1,1.62,1.62
P100000120517,steel,2025-08-05,5,12.93,2.86
P100000120517,steel,2025-08-22,1,4.02,4.02
P100000120517,steel,2025-09-02,1,1.67,1.67
P100000120517,steel,2025-09-08,3,3.63,1.49
P100000120517,steel,2025-09-09,1,1.65,1.65
P100000120517,steel,2025-09-23,2,2.49,1.29
P100000120517,steel,2025-09-24,1,2.58,2.58
P100000120517,steel,2025-10-02,5,8.16,2.39
P100000120517,steel,2025-10-04,1,1.49,1.49
P100000120517,steel,2025-10-07,4,4.38,1.22
P100000120517,steel,2025-10-08,1,5.86,5.86
P100000120517,steel,2025-10-09,2,3.98,2.73
P100000120517,steel,2025-10-10,3,4.05,1.99
P100000120517,steel,2025-10-11,2,2.75,1.52
P100000120517,steel,2025-10-12,1,2.12,2.12
P100000120517,steel,2025-10-13,1,2.28,2.28
P100000120517,steel,2025-10-14,1,2.78,2.78
P100000120517,steel,2025-10-16,2,4.82,2.73
P100000120517,steel,2025-10-17,3,6.55,2.5
P100000120517,steel,2025-10-18,2,6.199999999999999,3.94
P100000120517,steel,2025-10-19,2,3.81,2.02
P100000120517,steel,2025-10-20,1,1.85,1.85
P100000120517,steel,2025-10-21,2,3.57,1.89
P100000120517,steel,2025-10-22,2,1.68,1.19
P100000120517,steel,2025-10-23,2,15.870000000000001,9.06
P100000120517,steel,2025-10-29,2,11.04,5.58
P100000120517,steel,2025-11-03,1,3.03,3.03
P100000120517,steel,2025-11-04,3,4.720000000000001,1.81
P100000120517,steel,2025-11-05,2,4.06,3.48
P100000120517,steel,2025-11-08,3,6.54,3.87
P100000120517,steel,2025-11-09,4,14.16,6.53
P100000120517,steel,2025-11-10,3,12.08,5.87
P100000120517,steel,2025-11-12,2,2.8200000000000003,1.6
P100000120517,steel,2025-11-14,2,4.63,2.5
P100000120517,steel,2025-11-15,3,5.890000000000001,2.18
P100000120517,steel,2025-11-16,2,3.84,1.92
P100000120517,steel,2025-11-17,1,3.83,3.83
P100000120517,steel,2025-11-18,4,11.52,3.7
P100000120517,steel,2025-11-19,3,7.87,5.0
P100000120517,steel,2025-11-20,3,7.01,3.62
P100000120517,steel,2025-11-21,2,3.53,2.03
P100000120517,steel,2025-11-22,3,4.82,2.12
P100000120517,steel,2025-11-23,2,2.84,1.42
P100000120517,steel,2025-11-24,2,3.61,2.44
P100000120517,steel,2025-11-25,4,10.08,5.08
P100000120517,steel,2025-11-26,3,6.16,2.29
P100000120517,steel,2025-11-27,3,6.19,2.31
P100000120517,steel,2025-11-28,2,4.5,3.2
P100000120517,steel,2025-11-29,4,6.62,2.17
P100000120517,steel,2025-11-30,1,2.64,2.64
P100000120517,steel,2025-12-01,4,7.82,4.45
P100000120517,steel,2025-12-02,3,7.82,3.59
P100000120517,steel,2025-12-03,2,5.65,4.13
P100000120517,steel,2025-12-04,4,10.13,4.07
P100000120517,steel,2025-12-05,2,6.0,3.15
P100000120517,steel,2025-12-06,2,1.3900000000000001,0.92
P100000120517,steel,2025-12-07,3,9.290000000000001,4.32
P100000120517,steel,2025-12-08,1,1.37,1.37
P100000120517,steel,2025-12-09,3,9.02,3.77
P100000120517,steel,2025-12-10,3,9.18,6.59
P100000120517,steel,2025-12-11,2,5.22,2.61
P100000120517,steel,2025-12-12,2,7.79,6.03
P100000120517,steel,2025-12-13,4,10.63,3.35
P100000120517,steel,2025-12-14,3,4.74,1.98
P100000120517,steel,2025-12-15,2,5.19,2.72
P100000120517,steel,2025-12-16,3,3.38,1.16
P100000120517,steel,2025-12-17,6,13.209999999999999,2.88
P100000120517,steel,2025-12-18,5,8.41,2.17
P100000120517,steel,2025-12-19,6,16.57,4.15
P100000120517,steel,2025-12-20,1,2.82,2.82
P100000120517,steel,2025-12-21,4,10.56,4.03
P100000120517,steel,2025-12-22,6,16.62,3.71
P100000120517,steel,2025-12-23,3,9.25,3.89
P100000120517,steel,2025-12-24,2,9.98,7.34
P100000120517,steel,2025-12-25,3,5.8,2.74
P100000120517,steel,2025-12-26,2,3.5,1.82
P100000120517,steel,2025-12-27,2,9.16,5.92
P100000120517,steel,2025-12-28,6,17.830000000000002,5.32
P100000120517,steel,2025-12-29,4,6.52,2.08
P100000120517,steel,2025-12-30,1,1.66,1.66
P100000120517,steel,2025-12-31,1,1.23,1.23
P100000120518,steel,2025-01-01,1,2.82,2.82
P100000120518,steel,2025-01-04,1,1.4,1.4
P100000120518,steel,2025-01-06,2,3.56,1.94
P100000120518,steel,2025-01-11,1,0.81,0.81
P100000120518,steel,2025-01-12,1,0.52,0.52
P100000120518,steel,2025-01-15,2,3.5300000000000002,1.91
P100000120518,steel,2025-01-17,1,0.97,0.97
P100000120518,steel,2025-01-21,1,1.2,1.2
P100000120518,steel,2025-01-22,1,1.16,1.16
P100000120518,steel,2025-01-23,2,0.78,0.39
P100000120518,steel,2025-01-25,2,3.3099999999999996,1.93
P100000120518,steel,2025-01-26,2,4.58,2.66
P100000120518,steel,2025-01-27,1,1.33,1.33
P100000120518,steel,2025-01-30,1,1.86,1.86
P100000120518,steel,2025-01-31,1,3.16,3.16
P100000120518,steel,2025-02-01,1,2.06,2.06
P100000120518,steel,2025-02-02,1,2.48,2.48
P100000120518,steel,2025-02-05,1,1.19,1.19
P100000120518,steel,2025-02-06,1,5.56,5.56
P100000120518,steel,2025-02-07,1,1.64,1.64
P100000120518,steel,2025-02-08,1,1.35,1.35
P100000120518,steel,2025-02-12,2,3.3,1.65
P100000120518,steel,2025-02-13,1,3.54,3.54
P100000120518,steel,2025-02-17,1,1.65,1.65
P100000120518,steel,2025-02-23,2,2.43,1.57
P100000120518,steel,2025-02-28,1,1.13,1.13
P100000120518,steel,2025-03-01,2,4.27,2.27
P100000120518,steel,2025-03-05,1,1.91,1.91
P100000120518,steel,2025-03-06,1,2.15,2.15
P100000120518,steel,2025-03-12,1,1.25,1.25
P100000120518,steel,2025-03-15,2,3.26,2.19
P100000120518,steel,2025-03-16,1,2.44,2.44
P100000120518,steel,2025-03-17,1,2.63,2.63
P100000120518,steel,2025-03-20,1,1.42,1.42
P100000120518,steel,2025-03-21,2,3.2,1.6
P100000120518,steel,2025-03-25,1,2.12,2.12
P100000120518,steel,2025-03-26,1,1.58,1.58
P100000120518,steel,2025-03-27,1,2.55,2.55
P100000120518,steel,2025-03-30,1,1.53,1.53
P100000120518,steel,2025-03-31,1,1.15,1.15
P100000120518,steel,2025-04-12,1,1.84,1.84
P100000120518,steel,2025-04-16,1,1.27,1.27
P100000120518,steel,2025-04-17,1,2.45,2.45
P100000120518,steel,2025-04-21,2,4.5600000000000005,2.89
P100000120518,steel,2025-04-22,3,5.65,2.3
P100000120518,steel,2025-04-23,2,2.24,1.12
P100000120518,steel,2025-04-28,1,1.04,1.04
P100000120518,steel,2025-05-02,1,0.85,0.85
P100000120518,steel,2025-05-08,2,3.7199999999999998,1.88
P100000120518,steel,2025-05-13,1,1.35,1.35
P100000120518,steel,2025-05-15,1,3.44,3.44
P100000120518,steel,2025-05-30,1,2.36,2.36
P100000120518,steel,2025-06-03,1,2.53,2.53
P100000120518,steel,2025-06-04,1,2.43,2.43
P100000120518,steel,2025-06-19,1,1.16,1.16
P100000120518,steel,2025-06-20,1,1.06,1.06
P100000120518,steel,2025-06-30,1,2.17,2.17
P100000120518,steel,2025-07-10,1,2.42,2.42
P100000120518,steel,2025-07-12,2,2.0100000000000002,1.12
P100000120518,steel,2025-07-27,1,2.36,2.36
P100000120518,steel,2025-07-28,1,1.94,1.94
P100000120518,steel,2025-08-24,1,1.63,1.63
P100000120518,steel,2025-08-29,1,0.92,0.92
P100000120518,steel,2025-09-29,1,1.19,1.19
P100000120518,steel,2025-09-30,1,0.9,0.9
P100000120518,steel,2025-11-01,1,0.55,0.55
P100000120518,steel,2025-11-07,2,1.58,0.79
P100000120518,steel,2025-11-10,1,3.18,3.18
P100000120518,steel,2025-11-15,1,1.23,1.23
P100000120518,steel,2025-11-20,2,0.82,0.41
P100000120518,steel,2025-11-27,1,0.68,0.68
P100000120518,steel,2025-12-07,1,1.56,1.56
P100000120518,steel,2025-12-08,2,1.9100000000000001,1.02
P100000120518,steel,2025-12-09,2,2.42,1.24
P100000120518,steel,2025-12-11,1,1.48,1.48
P100000120518,steel,2025-12-12,1,1.35,1.35
P100000120518,steel,2025-12-14,1,1.82,1.82
P100000120518,steel,2025-12-17,1,3.0,3.0
P100000120518,steel,2025-12-18,2,3.78,1.89
P100000120518,steel,2025-12-20,1,2.31,2.31
P100000120518,steel,2025-12-22,1,1.06,1.06
P100000120518,steel,2025-12-23,1,2.36,2.36
P100000120518,steel,2025-12-24,2,4.04,3.23
P100000120518,steel,2025-12-27,2,2.2800000000000002,1.23
P100000120518,steel,2025-12-30,2,5.17,2.74
P100000120519,steel,2025-01-01,4,8.219999999999999,2.95
P100000120519,steel,2025-01-02,1,1.3,1.3
P100000120519,steel,2025-01-03,2,5.39,3.03
P100000120519,steel,2025-01-04,6,17.81,4.75
P100000120519,steel,2025-01-05,5,13.510000000000002,3.99
P100000120519,steel,2025-01-06,4,8.09,3.32
P100000120519,steel,2025-01-07,1,3.9,3.9
P100000120519,steel,2025-01-08,2,7.72,4.3
P100000120519,steel,2025-01-09,3,3.71,1.71
P100000120519,steel,2025-01-10,1,4.63,4.63
P100000120519,steel,2025-01-11,4,7.92,3.12
P100000120519,steel,2025-01-12,5,6.59,1.78
P100000120519,steel,2025-01-13,2,3.92,2.29
P100000120519,steel,2025-01-14,3,3.24,1.12
P100000120519,steel,2025-01-15,4,11.579999999999998,4.77
P100000120519,steel,2025-01-16,4,5.57,2.07
P100000120519,steel,2025-01-17,2,2.14,1.07
P100000120519,steel,2025-01-18,1,1.0,1.0
P100000120519,steel,2025-01-19,1,2.8,2.8
P100000120519,steel,2025-01-20,9,25.96,4.92
P100000120519,steel,2025-01-21,6,16.38,4.71
P100000120519,steel,2025-01-22,4,4.78,1.89
P100000120519,steel,2025-01-23,1,1.35,1.35
P100000120519,steel,2025-01-24,1,4.1,4.1
P100000120519,steel,2025-01-25,4,8.370000000000001,3.01
P100000120519,steel,2025-01-26,7,21.2,5.83
P100000120519,steel,2025-01-27,7,16.82,4.09
P100000120519,steel,2025-01-28,3,5.050000000000001,1.85
P100000120519,steel,2025-01-29,2,3.62,1.81
P100000120519,steel,2025-01-30,4,11.62,3.59
P100000120519,steel,2025-01-31,5,13.3,3.79
P100000120519,steel,2025-02-01,4,11.260000000000002,3.16
P100000120519,steel,2025-02-02,6,15.389999999999999,5.43
P100000120519,steel,2025-02-03,2,5.359999999999999,2.84
P100000120519,steel,2025-02-04,3,10.43,4.04
P100000120519,steel,2025-02-05,3,5.01,1.67
P100000120519,steel,2025-02-06,5,14.26,4.54
P100000120519,steel,2025-02-07,3,7.93,4.67
P100000120519,steel,2025-02-08,2,6.28,4.2
P100000120519,steel,2025-02-09,4,10.25,3.61
P100000120519,steel,2025-02-10,3,9.52,4.46
P100000120519,steel,2025-02-11,2,9.879999999999999,7.26
P100000120519,steel,2025-02-12,4,7.94,4.04
P100000120519,steel,2025-02-13,2,4.88,2.44
P100000120519,steel,2025-02-14,1,2.76,2.76
P100000120519,steel,2025-02-15,4,12.99,4.06
P100000120519,steel,2025-02-16,4,9.16,2.61
P100000120519,steel,2025-02-17,6,15.96,5.57
P100000120519,steel,2025-02-18,1,2.64,2.64
P100000120519,steel,2025-02-19,3,3.41,1.28
P100000120519,steel,2025-02-20,1,2.81,2.81
P100000120519,steel,2025-02-21,6,18.9,4.51
P100000120519,steel,2025-02-22,4,16.33,6.25
P100000120519,steel,2025-02-23,2,6.08,3.55
P100000120519,steel,2025-02-24,2,4.58,2.29
P100000120519,steel,2025-02-25,3,9.9,3.39
P100000120519,steel,2025-02-26,2,2.86,1.46
P100000120519,steel,2025-02-27,9,18.26,3.13
P100000120519,steel,2025-02-28,6,9.46,2.88
P100000120519,steel,2025-03-01,2,6.48,4.28
P100000120519,steel,2025-03-03,3,4.58,1.76
P100000120519,steel,2025-03-04,4,10.63,2.98
P100000120519,steel,2025-03-05,6,16.09,4.77
P100000120519,steel,2025-03-06,1,2.25,2.25
P100000120519,steel,2025-03-07,2,2.98,1.58
P100000120519,steel,2025-03-08,2,5.369999999999999,4.22
P100000120519,steel,2025-03-09,3,8.48,3.92
P100000120519,steel,2025-03-10,4,8.09,2.3
P100000120519,steel,2025-03-11,1,2.28,2.28
P100000120519,steel,2025-03-12,2,10.219999999999999,5.68
P100000120519,steel,2025-03-13,2,9.49,4.87
P100000120519,steel,2025-03-14,4,13.95,5.91
P100000120519,steel,2025-03-15,4,13.5,4.4
P100000120519,steel,2025-03-16,4,13.73,6.49
P100000120519,steel,2025-03-17,2,1.72,0.86
P100000120519,steel,2025-03-18,1,3.44,3.44
P100000120519,steel,2025-03-19,2,6.46,3.82
P100000120519,steel,2025-03-20,1,7.8,7.8
P100000120519,steel,2025-03-21,3,12.48,5.88
P100000120519,steel,2025-03-22,1,3.24,3.24
P100000120519,steel,2025-03-23,2,5.08,2.92
P100000120519,steel,2025-03-24,1,2.69,2.69
P100000120519,steel,2025-03-25,5,22.6,7.27
P100000120519,steel,2025-03-26,5,9.26,2.65
P100000120519,steel,2025-03-27,3,8.530000000000001,3.67
P100000120519,steel,2025-03-28,4,12.12,4.07
P100000120519,steel,2025-03-29,2,8.36,4.45
P100000120519,steel,2025-03-30,7,30.69,5.88
P100000120519,steel,2025-03-31,6,14.93,4.04
P100000120519,steel,2025-04-01,4,10.81,2.95
P100000120519,steel,2025-04-05,1,5.69,5.69
P100000120519,steel,2025-04-06,3,12.44,5.7
P100000120519,steel,2025-04-07,2,8.38,4.19
P100000120519,steel,2025-04-09,3,5.859999999999999,2.54
P100000120519,steel,2025-04-10,5,20.11,7.19
P100000120519,steel,2025-04-11,4,19.1,6.28
P100000120519,steel,2025-04-13,1,8.54,8.54
P100000120519,steel,2025-04-14,3,7.07,3.43
P100000120519,steel,2025-04-15,5,5.0200000000000005,1.3
P100000120519,steel,2025-04-16,3,20.94,7.44
P100000120519,steel,2025-04-17,4,10.98,3.21
P100000120519,steel,2025-04-20,2,8.37,5.55
P100000120519,steel,2025-04-21,2,9.29,6.5
P100000120519,steel,2025-04-22,4,12.51,3.72
P100000120519,steel,2025-04-23,2,6.12,3.06
P100000120519,steel,2025-04-24,1,2.72,2.72
P100000120519,steel,2025-04-28,4,11.29,3.34
P100000120519,steel,2025-04-30,1,1.39,1.39
P100000120519,steel,2025-05-01,4,10.29,4.89
P100000120519,steel,2025-05-02,2,11.8,6.17
P100000120519,steel,2025-05-03,1,4.01,4.01
P100000120519,steel,2025-05-04,2,5.6,2.8
P100000120519,steel,2025-05-05,1,1.73,1.73
P100000120519,steel,2025-05-07,3,14.89,7.08
P100000120519,steel,2025-05-08,5,12.34,5.5
P100000120519,steel,2025-05-09,2,7.4799999999999995,4.1
P100000120519,steel,2025-05-10,2,3.02,1.51
P100000120519,steel,2025-05-11,2,5.85,3.6
P100000120519,steel,2025-05-12,3,10.27,5.52
P100000120519,steel,2025-05-13,1,2.39,2.39
P100000120519,steel,2025-05-30,1,2.11,2.11
P100000120519,steel,2025-06-02,1,1.43,1.43
P100000120519,steel,2025-06-03,2,4.220000000000001,2.24
P100000120519,steel,2025-06-04,4,12.67,6.52
P100000120519,steel,2025-06-07,1,4.76,4.76
P100000120519,steel,2025-06-13,1,2.53,2.53
P100000120519,steel,2025-06-19,1,2.75,2.75
P100000120519,steel,2025-06-21,1,0.62,0.62
P100000120519,steel,2025-07-10,4,5.99,2.45
P100000120519,steel,2025-07-11,3,6.67,2.95
P100000120519,steel,2025-07-12,1,2.1,2.1
P100000120519,steel,2025-07-15,2,2.73,1.43
P100000120519,steel,2025-07-16,8,15.98,4.38
P100000120519,steel,2025-07-27,3,3.35,1.27
P100000120519,steel,2025-07-31,5,12.01,3.58
P100000120519,steel,2025-08-01,5,9.97,2.89
P100000120519,steel,2025-08-02,1,0.72,0.72
P100000120519,steel,2025-08-06,5,12.8,4.09
P100000120519,steel,2025-08-11,2,6.890000000000001,3.72
P100000120519,steel,2025-08-21,1,1.04,1.04
P100000120519,steel,2025-08-24,3,3.59,1.49
P100000120519,steel,2025-08-25,2,4.04,2.05
P100000120519,steel,2025-09-03,1,1.53,1.53
P100000120519,steel,2025-09-04,1,2.97,2.97
P100000120519,steel,2025-09-05,3,5.66,2.82
P100000120519,steel,2025-09-06,3,3.95,1.59
P100000120519,steel,2025-09-07,2,1.87,0.96
P100000120519,steel,2025-09-08,3,5.140000000000001,2.48
P100000120519,steel,2025-09-09,3,6.5,2.5
P100000120519,steel,2025-09-24,3,5.63,2.15
P100000120519,steel,2025-09-28,3,5.109999999999999,1.92
P100000120519,steel,2025-09-30,5,9.91,2.27
P100000120519,steel,2025-10-03,2,3.04,1.52
P100000120519,steel,2025-10-05,1,2.69,2.69
P100000120519,steel,2025-10-07,2,2.95,1.95
P100000120519,steel,2025-10-09,1,4.42,4.42
P100000120519,steel,2025-10-11,3,4.95,2.26
P100000120519,steel,2025-10-12,1,1.76,1.76
P100000120519,steel,2025-10-14,2,1.42,0.71
P100000120519,steel,2025-10-15,3,4.68,2.19
P100000120519,steel,2025-10-17,5,5.38,1.51
P100000120519,steel,2025-10-20,5,4.66,1.42
P100000120519,steel,2025-10-21,2,3.84,2.83
P100000120519,steel,2025-10-25,2,3.52,1.94
P100000120519,steel,2025-10-30,3,9.83,3.56
P100000120519,steel,2025-10-31,3,7.43,3.83
P100000120519,steel,2025-11-01,2,4.65,2.41
P100000120519,steel,2025-11-02,1,0.85,0.85
P100000120519,steel,2025-11-05,2,3.12,2.02
P100000120519,steel,2025-11-06,4,8.71,2.58
P100000120519,steel,2025-11-07,3,8.36,3.33
P100000120519,steel,2025-11-08,5,15.82,4.15
P100000120519,steel,2025-11-09,4,7.01,2.12
P100000120519,steel,2025-11-10,3,5.07,2.23
P100000120519,steel,2025-11-12,4,9.7,3.03
P100000120519,steel,2025-11-13,2,6.09,3.39
P100000120519,steel,2025-11-14,2,3.3,2.3
P100000120519,steel,2025-11-15,6,12.9,4.89
P100000120519,steel,2025-11-16,4,6.51,2.3
P100000120519,steel,2025-11-17,5,13.17,4.2
P100000120519,steel,2025-11-19,3,10.959999999999999,4.21
P100000120519,steel,2025-11-20,6,20.009999999999998,5.44
P100000120519,steel,2025-11-24,2,6.57,3.47
P100000120519,steel,2025-11-25,5,7.359999999999999,2.86
P100000120519,steel,2025-11-26,3,10.54,4.9
P100000120519,steel,2025-11-27,4,5.92,1.74
P100000120519,steel,2025-11-28,3,3.9699999999999998,2.11
P100000120519,steel,2025-12-01,8,18.93,3.41
P100000120519,steel,2025-12-02,6,12.59,3.14
P100000120519,steel,2025-12-04,3,4.93,2.42
P100000120519,steel,2025-12-05,5,9.69,3.77
P100000120519,steel,2025-12-07,7,13.45,3.26
P100000120519,steel,2025-12-08,4,8.75,4.12
P100000120519,steel,2025-12-09,3,10.71,4.73
P100000120519,steel,2025-12-10,4,11.77,3.62
P100000120519,steel,2025-12-11,5,8.04,3.9
P100000120519,steel,2025-12-12,7,23.82,4.56
P100000120519,steel,2025-12-13,5,16.19,5.52
P100000120519,steel,2025-12-14,3,6.68,2.4
P100000120519,steel,2025-12-15,4,6.92,1.93
P100000120519,steel,2025-12-16,2,2.75,1.4
P100000120519,steel,2025-12-17,4,10.36,3.21
P100000120519,steel,2025-12-18,7,11.69,3.44
P100000120519,steel,2025-12-19,2,2.21,1.21
P100000120519,steel,2025-12-20,4,8.64,3.81
P100000120519,steel,2025-12-21,5,15.29,6.21
P100000120519,steel,2025-12-22,6,15.28,3.5
P100000120519,steel,2025-12-23,6,11.51,2.81
P100000120519,steel,2025-12-24,5,11.93,3.16
P100000120519,steel,2025-12-25,3,9.370000000000001,4.05
P100000120519,steel,2025-12-26,7,22.880000000000003,5.04
P100000120519,steel,2025-12-27,5,6.529999999999999,1.38
P100000120519,steel,2025-12-28,8,28.67,6.56
P100000120519,steel,2025-12-29,6,13.84,4.94
P100000120519,steel,2025-12-30,2,4.66,2.89
P100000120519,steel,2025-12-31,2,4.17,2.51
P100000120522,steel,2025-02-12,1,0.66,0.66
P100000120522,steel,2025-10-10,1,0.93,0.93
P100000120522,steel,2025-10-14,1,1.2,1.2
P100000120522,steel,2025-10-15,1,1.0,1.0
P100000120522,steel,2025-10-17,1,1.16,1.16
P100000120522,steel,2025-10-20,1,1.04,1.04
P100000120522,steel,2025-10-31,1,0.93,0.93
P100000120522,steel,2025-11-01,1,1.05,1.05
P100000120522,steel,2025-11-10,1,1.39,1.39
P100000120522,steel,2025-11-15,1,1.01,1.01
P100000120522,steel,2025-11-16,1,1.09,1.09
P100000120522,steel,2025-11-17,1,1.1,1.1
P100000120522,steel,2025-11-21,1,0.85,0.85
P100000120522,steel,2025-11-28,1,0.96,0.96
P100000120522,steel,2025-12-08,1,0.53,0.53
P100000120522,steel,2025-12-24,1,1.04,1.04
P100000120522,steel,2025-12-25,2,2.62,1.32
P100000120522,steel,2025-12-29,1,1.0,1.0
P100000120522,steel,2025-12-30,1,1.43,1.43
P100000120522,steel,2025-12-31,1,1.24,1.24
P100000120523,steel,2025-01-04,1,3.85,3.85
P100000120523,steel,2025-01-06,1,1.03,1.03
P100000120523,steel,2025-01-15,1,3.73,3.73
P100000120523,steel,2025-01-17,3,3.38,1.43
P100000120523,steel,2025-01-22,2,14.11,12.0
P100000120523,steel,2025-01-24,1,1.87,1.87
P100000120523,steel,2025-02-03,1,5.8,5.8
P100000120523,steel,2025-02-05,1,1.76,1.76
P100000120523,steel,2025-02-08,1,5.47,5.47
P100000120523,steel,2025-02-13,1,1.57,1.57
P100000120523,steel,2025-02-14,2,4.6899999999999995,3.11
P100000120523,steel,2025-02-18,1,0.72,0.72
P100000120523,steel,2025-03-01,1,1.45,1.45
P100000120523,steel,2025-03-22,1,8.74,8.74
P100000120523,steel,2025-03-27,1,1.56,1.56
P100000120523,steel,2025-03-28,1,1.64,1.64
P100000120523,steel,2025-04-01,1,2.48,2.48
P100000120523,steel,2025-04-06,1,2.37,2.37
P100000120523,steel,2025-04-07,1,1.01,1.01
P100000120523,steel,2025-04-10,2,8.76,5.18
P100000120523,steel,2025-04-11,1,3.88,3.88
P100000120523,steel,2025-04-18,2,7.9,5.44
P100000120523,steel,2025-04-23,2,3.0700000000000003,1.59
P100000120523,steel,2025-05-03,1,1.2,1.2
P100000120523,steel,2025-05-04,1,1.29,1.29
P100000120523,steel,2025-05-05,1,1.34,1.34
P100000120523,steel,2025-05-10,3,5.65,2.65
P100000120523,steel,2025-05-19,1,2.15,2.15
P100000120523,steel,2025-06-15,1,0.73,0.73
P100000120523,steel,2025-06-21,1,6.83,6.83
P100000120523,steel,2025-07-18,2,8.07,6.04
P100000120523,steel,2025-09-04,1,0.78,0.78
P100000120523,steel,2025-09-10,1,1.53,1.53
P100000120523,steel,2025-10-06,1,2.31,2.31
P100000120523,steel,2025-10-16,1,1.28,1.28
P100000120523,steel,2025-10-22,1,1.7,1.7
P100000120523,steel,2025-11-06,1,1.59,1.59
P100000120523,steel,2025-11-10,1,4.93,4.93
P100000120523,steel,2025-11-12,2,1.81,0.97
P100000120523,steel,2025-11-16,1,0.84,0.84
P100000120523,steel,2025-11-19,1,2.68,2.68
P100000120523,steel,2025-11-21,1,3.63,3.63
P100000120523,steel,2025-11-22,1,3.71,3.71
P100000120523,steel,2025-11-23,1,1.22,1.22
P100000120523,steel,2025-11-27,1,2.08,2.08
P100000120523,steel,2025-12-03,1,2.08,2.08
P100000120523,steel,2025-12-08,1,0.69,0.69
P100000120523,steel,2025-12-10,1,1.45,1.45
P100000120523,steel,2025-12-14,1,1.23,1.23
P100000120523,steel,2025-12-18,1,1.5,1.5
P100000120523,steel,2025-12-21,1,1.93,1.93
P100000120523,steel,2025-12-22,1,1.62,1.62
P100000120523,steel,2025-12-24,2,2.84,1.42
P100000120523,steel,2025-12-30,1,6.01,6.01
P100000120524,steel,2025-01-01,2,9.52,4.76
P100000120524,steel,2025-01-02,3,3.4,1.76
P100000120524,steel,2025-01-03,1,1.19,1.19
P100000120524,steel,2025-01-04,2,2.5300000000000002,1.75
P100000120524,steel,2025-01-06,1,2.02,2.02
P100000120524,steel,2025-01-09,1,1.72,1.72
P100000120524,steel,2025-01-10,2,2.99,2.02
P100000120524,steel,2025-01-11,2,3.03,2.11
P100000120524,steel,2025-01-13,2,1.8499999999999999,1.16
P100000120524,steel,2025-01-14,1,0.96,0.96
P100000120524,steel,2025-01-15,3,4.17,1.77
P100000120524,steel,2025-01-16,1,0.44,0.44
P100000120524,steel,2025-01-17,2,4.47,3.21
P100000120524,steel,2025-01-18,3,7.77,4.83
P100000120524,steel,2025-01-19,1,1.55,1.55
P100000120524,steel,2025-01-20,1,2.55,2.55
P100000120524,steel,2025-01-21,3,2.87,1.37
P100000120524,steel,2025-01-22,1,1.35,1.35
P100000120524,steel,2025-01-23,1,0.66,0.66
P100000120524,steel,2025-01-24,1,1.46,1.46
P100000120524,steel,2025-01-25,1,1.61,1.61
P100000120524,steel,2025-01-26,3,4.65,1.78
P100000120524,steel,2025-01-27,3,6.95,2.83
P100000120524,steel,2025-01-28,1,1.31,1.31
P100000120524,steel,2025-01-29,1,1.1,1.1
P100000120524,steel,2025-01-30,2,3.76,1.88
P100000120524,steel,2025-02-01,1,0.68,0.68
P100000120524,steel,2025-02-04,1,2.38,2.38
P100000120524,steel,2025-02-06,4,4.59,1.47
P100000120524,steel,2025-02-07,2,3.9000000000000004,2.47
P100000120524,steel,2025-02-08,2,3.31,2.54
P100000120524,steel,2025-02-09,1,0.95,0.95
P100000120524,steel,2025-02-10,2,5.76,3.34
P100000120524,steel,2025-02-11,1,1.11,1.11
P100000120524,steel,2025-02-12,4,12.96,5.42
P100000120524,steel,2025-02-13,1,0.79,0.79
P100000120524,steel,2025-02-15,1,1.41,1.41
P100000120524,steel,2025-02-16,2,3.0,1.64
P100000120524,steel,2025-02-21,2,3.58,2.66
P100000120524,steel,2025-02-22,2,1.58,0.96
P100000120524,steel,2025-02-23,1,2.61,2.61
P100000120524,steel,2025-02-24,1,1.23,1.23
P100000120524,steel,2025-02-25,1,1.28,1.28
P100000120524,steel,2025-02-28,1,2.28,2.28
P100000120524,steel,2025-03-02,2,4.49,2.69
P100000120524,steel,2025-03-03,1,3.86,3.86
P100000120524,steel,2025-03-04,3,6.08,3.31
P100000120524,steel,2025-03-05,1,1.86,1.86
P100000120524,steel,2025-03-06,2,2.8,1.71
P100000120524,steel,2025-03-07,1,1.31,1.31
P100000120524,steel,2025-03-08,3,8.23,5.13
P100000120524,steel,2025-03-09,2,4.91,2.8
P100000120524,steel,2025-03-10,3,7.279999999999999,3.38
P100000120524,steel,2025-03-11,1,1.89,1.89
P100000120524,steel,2025-03-12,2,2.09,1.12
P100000120524,steel,2025-03-14,1,2.21,2.21
P100000120524,steel,2025-03-16,1,5.84,5.84
P100000120524,steel,2025-03-17,1,1.14,1.14
P100000120524,steel,2025-03-19,1,2.14,2.14
P100000120524,steel,2025-03-22,1,1.91,1.91
P100000120524,steel,2025-03-24,1,0.93,0.93
P100000120524,steel,2025-03-25,3,6.52,2.68
P100000120524,steel,2025-03-28,1,2.95,2.95
P100000120524,steel,2025-03-29,3,13.43,9.26
P100000120524,steel,2025-03-30,1,3.34,3.34
P100000120524,steel,2025-03-31,2,5.43,3.11
P100000120524,steel,2025-04-01,2,3.14,1.77
P100000120524,steel,2025-04-05,3,11.370000000000001,5.12
P100000120524,steel,2025-04-07,1,2.59,2.59
P100000120524,steel,2025-04-08,4,5.15,1.53
P100000120524,steel,2025-04-12,1,1.5,1.5
P100000120524,steel,2025-04-15,1,1.79,1.79
P100000120524,steel,2025-04-17,1,1.83,1.83
P100000120524,steel,2025-04-19,1,1.28,1.28
P100000120524,steel,2025-04-23,1,10.66,10.66
P100000120524,steel,2025-04-26,1,3.49,3.49
P100000120524,steel,2025-05-10,1,0.76,0.76
P100000120524,steel,2025-05-19,1,0.88,0.88
P100000120524,steel,2025-05-20,2,4.800000000000001,3.18
P100000120524,steel,2025-05-26,1,1.51,1.51
P100000120524,steel,2025-06-06,1,0.85,0.85
P100000120524,steel,2025-06-11,1,0.96,0.96
P100000120524,steel,2025-06-22,1,1.89,1.89
P100000120524,steel,2025-08-14,1,0.48,0.48
P100000120524,steel,2025-08-25,1,1.2,1.2
P100000120524,steel,2025-08-27,1,0.52,0.52
P100000120524,steel,2025-09-04,1,5.92,5.92
P100000120524,steel,2025-10-11,2,12.39,10.3
P100000120524,steel,2025-10-12,2,6.05,3.13
P100000120524,steel,2025-10-13,2,8.37,4.39
P100000120524,steel,2025-10-15,2,5.529999999999999,3.4
P100000120524,steel,2025-10-16,2,10.84,5.42
P100000120524,steel,2025-10-17,4,20.09,10.86
P100000120524,steel,2025-10-18,1,1.43,1.43
P100000120524,steel,2025-10-22,3,2.26,0.97
P100000120524,steel,2025-11-02,1,0.79,0.79
P100000120524,steel,2025-11-07,1,0.74,0.74
P100000120524,steel,2025-11-12,1,1.03,1.03
P100000120524,steel,2025-11-18,2,1.18,0.73
P100000120524,steel,2025-11-27,1,0.89,0.89
P100000120524,steel,2025-11-29,1,1.94,1.94
P100000120524,steel,2025-12-01,1,1.27,1.27
P100000120524,steel,2025-12-04,1,1.53,1.53
P100000120524,steel,2025-12-05,2,1.28,0.76
P100000120524,steel,2025-12-06,1,1.72,1.72
P100000120524,steel,2025-12-10,1,1.83,1.83
P100000120524,steel,2025-12-17,3,5.45,3.62
P100000120524,steel,2025-12-18,2,2.92,1.77
P100000120524,steel,2025-12-20,1,0.55,0.55
P100000120524,steel,2025-12-21,1,0.41,0.41
P100000120524,steel,2025-12-25,2,2.09,1.07
P100000120524,steel,2025-12-26,1,0.77,0.77
P100000120524,steel,2025-12-27,2,5.13,2.58
P100000120524,steel,2025-12-28,1,3.69,3.69
P100000120524,steel,2025-12-30,1,0.84,0.84
P100000120524,steel,2025-12-31,1,3.15,3.15
P100000120525,steel,2025-01-01,4,11.01,3.89
P100000120525,steel,2025-01-02,4,5.08,1.65
P100000120525,steel,2025-01-03,1,3.22,3.22
P100000120525,steel,2025-01-04,1,1.87,1.87
P100000120525,steel,2025-01-05,3,8.65,3.67
P100000120525,steel,2025-01-06,3,4.25,1.81
P100000120525,steel,2025-01-07,4,6.029999999999999,1.67
P100000120525,steel,2025-01-08,2,5.83,3.15
P100000120525,steel,2025-01-09,3,5.91,2.71
P100000120525,steel,2025-01-10,1,5.72,5.72
P100000120525,steel,2025-01-11,4,7.140000000000001,3.66
P100000120525,steel,2025-01-12,1,2.12,2.12
P100000120525,steel,2025-01-13,1,1.51,1.51
P100000120525,steel,2025-01-14,2,4.5600000000000005,2.54
P100000120525,steel,2025-01-17,2,2.16,1.08
P100000120525,steel,2025-01-18,2,3.18,1.59
P100000120525,steel,2025-01-19,2,3.34,1.86
P100000120525,steel,2025-01-21,1,2.35,2.35
P100000120525,steel,2025-01-22,1,1.85,1.85
P100000120525,steel,2025-01-23,1,2.98,2.98
P100000120525,steel,2025-01-26,1,2.92,2.92
P100000120525,steel,2025-01-27,6,9.940000000000001,2.75
P100000120525,steel,2025-01-28,3,6.15,3.35
P100000120525,steel,2025-01-29,1,3.05,3.05
P100000120525,steel,2025-01-30,1,2.51,2.51
P100000120525,steel,2025-01-31,2,3.95,2.37
P100000120525,steel,2025-02-01,1,2.31,2.31
P100000120525,steel,2025-02-02,6,7.32,1.88
P100000120525,steel,2025-02-03,2,3.66,1.83
P100000120525,steel,2025-02-05,3,3.8600000000000003,1.62
P100000120525,steel,2025-02-06,1,2.05,2.05
P100000120525,steel,2025-02-08,1,2.29,2.29
P100000120525,steel,2025-02-09,3,9.98,4.32
P100000120525,steel,2025-02-11,4,8.01,3.59
P100000120525,steel,2025-02-12,2,14.43,7.92
P100000120525,steel,2025-02-13,4,6.6000000000000005,2.39
P100000120525,steel,2025-02-14,2,3.52,2.17
P100000120525,steel,2025-02-15,2,6.8,4.35
P100000120525,steel,2025-02-16,5,15.85,3.57
P100000120525,steel,2025-02-17,2,6.35,3.67
P100000120525,steel,2025-02-18,1,2.51,2.51
P100000120525,steel,2025-02-19,4,4.699999999999999,1.21
P100000120525,steel,2025-02-20,1,2.28,2.28
P100000120525,steel,2025-02-22,3,5.02,2.82
P100000120525,steel,2025-02-23,2,4.42,3.12
P100000120525,steel,2025-02-24,2,4.54,2.27
P100000120525,steel,2025-02-26,3,6.42,2.61
P100000120525,steel,2025-02-27,3,6.85,2.34
P100000120525,steel,2025-02-28,1,3.0,3.0
P100000120525,steel,2025-03-01,4,6.05,1.55
P100000120525,steel,2025-03-03,4,10.54,3.02
P100000120525,steel,2025-03-04,1,3.03,3.03
P100000120525,steel,2025-03-05,1,1.97,1.97
P100000120525,steel,2025-03-06,4,6.66,1.85
P100000120525,steel,2025-03-09,1,2.77,2.77
P100000120525,steel,2025-03-10,2,5.34,3.62
P100000120525,steel,2025-03-11,5,14.5,3.37
P100000120525,steel,2025-03-12,2,7.76,4.51
P100000120525,steel,2025-03-13,1,3.62,3.62
P100000120525,steel,2025-03-14,1,2.53,2.53
P100000120525,steel,2025-03-15,1,4.91,4.91
P100000120525,steel,2025-03-17,3,7.69,2.74
P100000120525,steel,2025-03-18,1,2.2,2.2
P100000120525,steel,2025-03-19,1,3.99,3.99
P100000120525,steel,2025-03-21,4,6.63,2.76
P100000120525,steel,2025-03-22,4,19.419999999999998,6.85
P100000120525,steel,2025-03-23,3,6.92,3.7
P100000120525,steel,2025-03-24,1,2.52,2.52
P100000120525,steel,2025-03-25,1,1.56,1.56
P100000120525,steel,2025-03-26,2,3.82,1.91
P100000120525,steel,2025-03-27,3,6.380000000000001,3.2
P100000120525,steel,2025-03-29,1,2.46,2.46
P100000120525,steel,2025-03-30,2,3.5,1.75
P100000120525,steel,2025-04-04,3,8.18,2.9
P100000120525,steel,2025-04-05,2,5.66,2.83
P100000120525,steel,2025-04-06,4,18.939999999999998,7.34
P100000120525,steel,2025-04-07,4,8.1,3.04
P100000120525,steel,2025-04-08,3,5.22,1.77
P100000120525,steel,2025-04-09,2,4.76,2.64
P100000120525,steel,2025-04-10,1,2.45,2.45
P100000120525,steel,2025-04-12,3,5.65,2.47
P100000120525,steel,2025-04-13,2,5.1899999999999995,2.76
P100000120525,steel,2025-04-16,2,6.22,4.13
P100000120525,steel,2025-04-17,7,25.34,8.52
P100000120525,steel,2025-04-18,2,6.35,3.9
P100000120525,steel,2025-04-19,1,4.55,4.55
P100000120525,steel,2025-04-21,1,5.56,5.56
P100000120525,steel,2025-04-22,3,9.010000000000002,4.23
P100000120525,steel,2025-04-23,1,1.88,1.88
P100000120525,steel,2025-04-24,1,3.89,3.89
P100000120525,steel,2025-04-25,2,6.4,3.25
P100000120525,steel,2025-04-27,2,3.76,1.88
P100000120525,steel,2025-04-28,2,4.5,2.52
P100000120525,steel,2025-04-30,1,3.01,3.01
P100000120525,steel,2025-05-02,2,4.3,2.15
P100000120525,steel,2025-05-03,3,3.96,1.32
P100000120525,steel,2025-05-08,2,4.22,2.11
P100000120525,steel,2025-05-09,3,4.62,1.56
P100000120525,steel,2025-05-10,2,6.0,3.0
P100000120525,steel,2025-05-14,4,7.9,2.46
P100000120525,steel,2025-05-19,1,2.48,2.48
P100000120525,steel,2025-05-25,2,4.640000000000001,2.81
P100000120525,steel,2025-05-30,1,3.05,3.05
P100000120525,steel,2025-05-31,2,5.53,3.43
P100000120525,steel,2025-06-01,1,5.08,5.08
P100000120525,steel,2025-06-03,2,6.859999999999999,3.57
P100000120525,steel,2025-06-05,3,5.85,2.57
P100000120525,steel,2025-06-13,1,3.75,3.75
P100000120525,steel,2025-07-22,3,5.41,2.59
P100000120525,steel,2025-08-02,2,2.24,1.12
P100000120525,steel,2025-08-04,3,3.1300000000000003,1.1
P100000120525,steel,2025-08-07,2,10.96,6.06
P100000120525,steel,2025-08-09,1,2.5,2.5
P100000120525,steel,2025-08-11,1,2.68,2.68
P100000120525,steel,2025-08-17,2,1.94,1.24
P100000120525,steel,2025-08-18,4,5.62,2.26
P100000120525,steel,2025-08-28,1,1.14,1.14
P100000120525,steel,2025-09-05,2,3.0700000000000003,1.85
P100000120525,steel,2025-09-18,2,6.54,4.83
P100000120525,steel,2025-09-25,3,7.819999999999999,4.6
P100000120525,steel,2025-10-06,1,2.92,2.92
P100000120525,steel,2025-10-09,1,2.92,2.92
P100000120525,steel,2025-10-10,4,6.42,2.38
P100000120525,steel,2025-10-11,2,2.74,1.37
P100000120525,steel,2025-10-14,2,6.26,3.85
P100000120525,steel,2025-10-15,1,2.39,2.39
P100000120525,steel,2025-10-16,5,13.54,6.56
P100000120525,steel,2025-10-18,3,3.76,1.36
P100000120525,steel,2025-10-19,4,7.67,3.06
P100000120525,steel,2025-10-20,5,5.0600000000000005,1.21
P100000120525,steel,2025-10-31,1,1.76,1.76
P100000120525,steel,2025-11-01,1,0.85,0.85
P100000120525,steel,2025-11-02,1,2.59,2.59
P100000120525,steel,2025-11-03,1,2.71,2.71
P100000120525,steel,2025-11-04,2,4.08,2.04
P100000120525,steel,2025-11-05,3,4.15,2.25
P100000120525,steel,2025-11-06,5,5.33,1.37
P100000120525,steel,2025-11-07,3,7.32,2.81
P100000120525,steel,2025-11-08,1,2.36,2.36
P100000120525,steel,2025-11-09,3,4.859999999999999,2.11
P100000120525,steel,2025-11-10,2,6.29,3.61
P100000120525,steel,2025-11-12,2,6.08,4.57
P100000120525,steel,2025-11-14,1,2.08,2.08
P100000120525,steel,2025-11-16,3,6.43,2.73
P100000120525,steel,2025-11-17,5,12.93,6.09
P100000120525,steel,2025-11-18,2,4.58,3.32
P100000120525,steel,2025-11-19,1,2.14,2.14
P100000120525,steel,2025-11-20,1,1.74,1.74
P100000120525,steel,2025-11-21,3,3.9699999999999998,1.89
P100000120525,steel,2025-11-22,2,3.71,2.64
P100000120525,steel,2025-11-23,2,4.65,2.54
P100000120525,steel,2025-11-24,3,2.34,0.78
P100000120525,steel,2025-11-26,1,1.45,1.45
P100000120525,steel,2025-11-27,5,7.54,3.01
P100000120525,steel,2025-11-28,4,6.65,2.55
P100000120525,steel,2025-12-01,3,4.99,2.27
P100000120525,steel,2025-12-02,5,10.67,3.51
P100000120525,steel,2025-12-03,4,6.77,2.09
P100000120525,steel,2025-12-04,3,8.43,4.89
P100000120525,steel,2025-12-05,2,4.93,2.93
P100000120525,steel,2025-12-06,2,2.34,1.17
P100000120525,steel,2025-12-07,3,6.82,2.42
P100000120525,steel,2025-12-08,5,7.91,2.75
P100000120525,steel,2025-12-09,4,8.129999999999999,3.26
P100000120525,steel,2025-12-10,1,3.23,3.23
P100000120525,steel,2025-12-11,4,7.26,2.35
P100000120525,steel,2025-12-12,4,7.13,2.05
P100000120525,steel,2025-12-13,4,6.54,2.7
P100000120525,steel,2025-12-14,6,10.540000000000001,2.39
P100000120525,steel,2025-12-15,1,2.1,2.1
P100000120525,steel,2025-12-16,3,10.68,3.94
P100000120525,steel,2025-12-17,1,2.79,2.79
P100000120525,steel,2025-12-18,3,6.1,2.18
P100000120525,steel,2025-12-19,1,3.92,3.92
P100000120525,steel,2025-12-20,2,3.46,1.73
P100000120525,steel,2025-12-21,1,2.92,2.92
P100000120525,steel,2025-12-22,1,1.98,1.98
P100000120525,steel,2025-12-23,2,3.27,1.73
P100000120525,steel,2025-12-24,1,2.66,2.66
P100000120525,steel,2025-12-25,2,3.36,1.68
P100000120525,steel,2025-12-27,1,1.83,1.83
P100000120525,steel,2025-12-29,4,4.9399999999999995,1.39
P100000120525,steel,2025-12-30,5,10.8,5.58
P100000120525,steel,2025-12-31,1,2.06,2.06
P100000120526,steel,2025-01-02,1,2.0,2.0
P100000120526,steel,2025-01-03,2,2.52,1.45
P100000120526,steel,2025-01-04,3,3.0199999999999996,1.38
P100000120526,steel,2025-01-08,1,2.22,2.22
P100000120526,steel,2025-01-11,1,1.05,1.05
P100000120526,steel,2025-01-13,2,3.1900000000000004,1.62
P100000120526,steel,2025-01-14,1,2.26,2.26
P100000120526,steel,2025-01-18,1,1.39,1.39
P100000120526,steel,2025-01-19,2,2.86,1.43
P100000120526,steel,2025-01-21,3,3.1499999999999995,1.38
P100000120526,steel,2025-01-22,1,2.7,2.7
P100000120526,steel,2025-01-23,2,2.71,1.73
P100000120526,steel,2025-01-24,1,1.25,1.25
P100000120526,steel,2025-01-26,2,2.38,1.26
P100000120526,steel,2025-02-03,2,1.48,0.85
P100000120526,steel,2025-02-06,1,1.48,1.48
P100000120526,steel,2025-02-08,2,3.25,1.83
P100000120526,steel,2025-02-10,3,1.63,0.62
P100000120526,steel,2025-02-13,2,3.02,2.04
P100000120526,steel,2025-02-15,1,0.8,0.8
P100000120526,steel,2025-02-17,1,2.2,2.2
P100000120526,steel,2025-02-18,1,1.79,1.79
P100000120526,steel,2025-02-19,1,0.54,0.54
P100000120526,steel,2025-02-21,1,0.76,0.76
P100000120526,steel,2025-02-22,1,0.69,0.69
P100000120526,steel,2025-02-26,2,1.63,0.87
P100000120526,steel,2025-03-06,1,1.48,1.48
P100000120526,steel,2025-03-09,2,3.8,2.57
P100000120526,steel,2025-03-12,5,6.529999999999999,2.51
P100000120526,steel,2025-03-14,2,3.58,2.3
P100000120526,steel,2025-03-18,2,2.56,1.92
P100000120526,steel,2025-03-23,2,1.73,1.15
P100000120526,steel,2025-03-27,1,2.49,2.49
P100000120526,steel,2025-03-28,1,2.04,2.04
P100000120526,steel,2025-03-30,2,2.4,1.2
P100000120526,steel,2025-04-01,1,2.44,2.44
P100000120526,steel,2025-04-07,1,1.3,1.3
P100000120526,steel,2025-04-08,1,1.06,1.06
P100000120526,steel,2025-04-17,1,1.32,1.32
P100000120526,steel,2025-04-24,2,3.26,1.74
P100000120526,steel,2025-04-28,1,1.81,1.81
P100000120526,steel,2025-04-30,1,0.79,0.79
P100000120526,steel,2025-05-06,2,2.55,1.5
P100000120526,steel,2025-05-13,2,3.6500000000000004,1.83
P100000120526,steel,2025-05-15,1,0.65,0.65
P100000120526,steel,2025-05-17,1,0.54,0.54
P100000120526,steel,2025-05-21,1,3.42,3.42
P100000120526,steel,2025-06-08,1,2.04,2.04
P100000120526,steel,2025-07-24,1,0.93,0.93
P100000120526,steel,2025-08-16,2,1.85,1.05
P100000120526,steel,2025-10-10,2,1.54,0.91
P100000120526,steel,2025-10-13,1,3.93,3.93
P100000120526,steel,2025-10-21,3,8.17,3.18
P100000120526,steel,2025-10-23,1,0.69,0.69
P100000120526,steel,2025-11-04,1,0.95,0.95
P100000120526,steel,2025-11-05,1,0.95,0.95
P100000120526,steel,2025-11-06,1,1.31,1.31
P100000120526,steel,2025-11-07,1,0.94,0.94
P100000120526,steel,2025-11-08,3,5.43,2.21
P100000120526,steel,2025-11-14,1,2.17,2.17
P100000120526,steel,2025-11-17,1,1.01,1.01
P100000120526,steel,2025-11-18,1,1.78,1.78
P100000120526,steel,2025-11-19,1,1.68,1.68
P100000120526,steel,2025-11-21,1,3.14,3.14
P100000120526,steel,2025-11-26,1,1.23,1.23
P100000120526,steel,2025-11-29,1,0.62,0.62
P100000120526,steel,2025-12-05,2,3.16,2.23
P100000120526,steel,2025-12-08,1,1.66,1.66
P100000120526,steel,2025-12-11,1,0.75,0.75
P100000120526,steel,2025-12-17,1,1.18,1.18
P100000120526,steel,2025-12-20,2,1.36,0.68
P100000120526,steel,2025-12-25,3,3.93,1.31
P100000120526,steel,2025-12-27,2,1.36,0.68
P100000120526,steel,2025-12-31,2,5.1,2.81
P100000120527,steel,2025-01-01,2,3.27,1.71
P100000120527,steel,2025-01-02,2,3.14,1.57
P100000120527,steel,2025-01-03,2,2.46,1.23
P100000120527,steel,2025-01-07,2,1.25,0.63
P100000120527,steel,2025-01-09,1,1.16,1.16
P100000120527,steel,2025-01-10,4,7.24,2.67
P100000120527,steel,2025-01-12,2,1.87,0.98
P100000120527,steel,2025-01-13,2,1.58,0.8
P100000120527,steel,2025-01-14,1,2.28,2.28
P100000120527,steel,2025-01-15,1,1.49,1.49
P100000120527,steel,2025-01-18,2,2.16,1.13
P100000120527,steel,2025-01-19,1,2.12,2.12
P100000120527,steel,2025-01-21,1,7.18,7.18
P100000120527,steel,2025-01-23,1,1.03,1.03
P100000120527,steel,2025-01-24,1,0.9,0.9
P100000120527,steel,2025-01-26,2,4.05,2.41
P100000120527,steel,2025-01-29,2,3.92,1.96
P100000120527,steel,2025-01-30,1,1.61,1.61
P100000120527,steel,2025-01-31,1,2.26,2.26
P100000120527,steel,2025-02-02,2,7.77,5.37
P100000120527,steel,2025-02-03,1,1.05,1.05
P100000120527,steel,2025-02-05,1,0.93,0.93
P100000120527,steel,2025-02-06,1,2.7,2.7
P100000120527,steel,2025-02-07,3,3.65,1.26
P100000120527,steel,2025-02-08,2,4.88,2.44
P100000120527,steel,2025-02-09,1,2.27,2.27
P100000120527,steel,2025-02-10,1,1.99,1.99
P100000120527,steel,2025-02-11,1,1.82,1.82
P100000120527,steel,2025-02-13,1,1.42,1.42
P100000120527,steel,2025-02-14,2,2.36,1.18
P100000120527,steel,2025-02-15,1,1.18,1.18
P100000120527,steel,2025-02-19,1,1.43,1.43
P100000120527,steel,2025-02-20,2,1.76,1.07
P100000120527,steel,2025-02-21,3,4.53,2.31
P100000120527,steel,2025-02-24,3,4.4,2.47
P100000120527,steel,2025-02-26,3,5.72,2.42
P100000120527,steel,2025-02-28,1,1.88,1.88
P100000120527,steel,2025-03-01,2,2.74,1.37
P100000120527,steel,2025-03-02,1,4.39,4.39
P100000120527,steel,2025-03-03,1,1.53,1.53
P100000120527,steel,2025-03-04,2,4.48,2.69
P100000120527,steel,2025-03-05,1,0.93,0.93
P100000120527,steel,2025-03-07,2,2.3499999999999996,1.63
P100000120527,steel,2025-03-08,1,0.99,0.99
P100000120527,steel,2025-03-09,1,1.37,1.37
P100000120527,steel,2025-03-12,2,1.96,1.08
P100000120527,steel,2025-03-13,2,4.63,2.4
P100000120527,steel,2025-03-14,1,4.07,4.07
P100000120527,steel,2025-03-17,1,1.34,1.34
P100000120527,steel,2025-03-18,2,2.54,1.49
P100000120527,steel,2025-03-19,4,6.4399999999999995,2.36
P100000120527,steel,2025-03-23,2,2.5,1.25
P100000120527,steel,2025-03-24,1,1.45,1.45
P100000120527,steel,2025-03-25,1,1.61,1.61
P100000120527,steel,2025-03-26,2,7.13,4.18
P100000120527,steel,2025-03-27,1,1.86,1.86
P100000120527,steel,2025-03-28,1,2.66,2.66
P100000120527,steel,2025-03-29,1,1.57,1.57
P100000120527,steel,2025-04-07,1,3.45,3.45
P100000120527,steel,2025-04-08,1,1.39,1.39
P100000120527,steel,2025-04-09,1,5.07,5.07
P100000120527,steel,2025-04-19,2,6.22,3.11
P100000120527,steel,2025-04-25,1,2.47,2.47
P100000120527,steel,2025-04-26,1,1.81,1.81
P100000120527,steel,2025-04-28,1,1.41,1.41
P100000120527,steel,2025-04-30,3,4.04,1.66
P100000120527,steel,2025-05-02,2,2.76,1.48
P100000120527,steel,2025-05-10,1,4.39,4.39
P100000120527,steel,2025-05-11,1,1.29,1.29
P100000120527,steel,2025-05-23,1,2.17,2.17
P100000120527,steel,2025-05-27,2,4.12,2.06
P100000120527,steel,2025-06-01,1,1.65,1.65
P100000120527,steel,2025-06-07,2,6.359999999999999,4.0
P100000120527,steel,2025-06-10,1,1.72,1.72
P100000120527,steel,2025-06-11,2,3.22,1.61
P100000120527,steel,2025-06-12,1,3.9,3.9
P100000120527,steel,2025-06-13,3,7.75,3.89
P100000120527,steel,2025-06-15,1,1.69,1.69
P100000120527,steel,2025-06-22,2,5.08,2.54
P100000120527,steel,2025-07-23,2,6.21,4.2
P100000120527,steel,2025-08-09,1,1.7,1.7
P100000120527,steel,2025-08-19,1,1.48,1.48
P100000120527,steel,2025-08-25,2,3.5,1.98
P100000120527,steel,2025-08-27,1,1.35,1.35
P100000120527,steel,2025-09-05,2,5.47,3.21
P100000120527,steel,2025-09-09,2,2.44,1.51
P100000120527,steel,2025-09-10,1,0.74,0.74
P100000120527,steel,2025-09-21,1,0.66,0.66
P100000120527,steel,2025-09-23,1,1.12,1.12
P100000120527,steel,2025-09-27,1,4.05,4.05
P100000120527,steel,2025-09-28,1,1.83,1.83
P100000120527,steel,2025-10-06,1,2.73,2.73
P100000120527,steel,2025-10-07,1,1.21,1.21
P100000120527,steel,2025-10-12,2,3.1100000000000003,2.0
P100000120527,steel,2025-10-13,1,3.65,3.65
P100000120527,steel,2025-10-14,1,1.53,1.53
P100000120527,steel,2025-10-15,2,1.56,1.06
P100000120527,steel,2025-10-16,1,0.91,0.91
P100000120527,steel,2025-10-17,2,1.42,0.71
P100000120527,steel,2025-10-18,2,6.59,4.54
P100000120527,steel,2025-10-19,3,5.8100000000000005,2.29
P100000120527,steel,2025-10-22,2,2.26,1.13
P100000120527,steel,2025-10-23,1,2.49,2.49
P100000120527,steel,2025-10-24,1,1.91,1.91
P100000120527,steel,2025-10-27,2,3.63,2.26
P100000120527,steel,2025-11-01,1,2.11,2.11
P100000120527,steel,2025-11-02,2,3.4799999999999995,2.3
P100000120527,steel,2025-11-03,2,4.88,2.76
P100000120527,steel,2025-11-07,1,0.57,0.57
P100000120527,steel,2025-11-08,3,3.2700000000000005,1.09
P100000120527,steel,2025-11-12,1,1.23,1.23
P100000120527,steel,2025-11-13,2,3.54,2.68
P100000120527,steel,2025-11-14,1,1.31,1.31
P100000120527,steel,2025-11-16,2,2.03,1.14
P100000120527,steel,2025-11-18,1,1.08,1.08
P100000120527,steel,2025-11-20,3,5.859999999999999,2.13
P100000120527,steel,2025-11-21,1,2.01,2.01
P100000120527,steel,2025-11-22,1,0.94,0.94
P100000120527,steel,2025-11-23,1,0.66,0.66
P100000120527,steel,2025-11-24,2,3.66,1.83
P100000120527,steel,2025-11-25,1,2.7,2.7
P100000120527,steel,2025-11-27,1,2.61,2.61
P100000120527,steel,2025-11-28,1,0.69,0.69
P100000120527,steel,2025-11-29,2,6.640000000000001,4.21
P100000120527,steel,2025-11-30,1,0.75,0.75
P100000120527,steel,2025-12-03,1,3.09,3.09
P100000120527,steel,2025-12-04,2,2.64,1.32
P100000120527,steel,2025-12-05,2,4.71,2.5
P100000120527,steel,2025-12-06,2,1.68,0.84
P100000120527,steel,2025-12-09,3,3.0700000000000003,1.55
P100000120527,steel,2025-12-10,1,2.4,2.4
P100000120527,steel,2025-12-11,1,4.52,4.52
P100000120527,steel,2025-12-14,1,1.28,1.28
P100000120527,steel,2025-12-15,3,9.21,7.59
P100000120527,steel,2025-12-16,2,2.92,1.46
P100000120527,steel,2025-12-17,1,1.29,1.29
P100000120527,steel,2025-12-21,1,2.63,2.63
P100000120527,steel,2025-12-22,1,0.98,0.98
P100000120527,steel,2025-12-23,1,1.53,1.53
P100000120527,steel,2025-12-25,2,5.77,3.86
P100000120527,steel,2025-12-26,3,4.720000000000001,2.54
P100000120527,steel,2025-12-27,2,3.83,2.14
P100000120527,steel,2025-12-28,3,7.01,2.4
P100000120527,steel,2025-12-30,1,1.37,1.37
P100000120527,steel,2025-12-31,2,2.34,1.17
P100000120528,steel,2025-01-01,2,2.6900000000000004,1.62
P100000120528,steel,2025-01-02,8,10.27,1.94
P100000120528,steel,2025-01-03,2,3.02,1.65
P100000120528,steel,2025-01-04,1,1.76,1.76
P100000120528,steel,2025-01-05,2,2.43,1.51
P100000120528,steel,2025-01-06,4,7.789999999999999,2.07
P100000120528,steel,2025-01-07,8,14.79,3.81
P100000120528,steel,2025-01-08,4,7.67,2.63
P100000120528,steel,2025-01-09,3,4.54,3.22
P100000120528,steel,2025-01-10,5,5.99,1.81
P100000120528,steel,2025-01-11,5,6.8100000000000005,2.62
P100000120528,steel,2025-01-12,5,7.81,4.56
P100000120528,steel,2025-01-13,2,4.64,3.03
P100000120528,steel,2025-01-14,1,2.02,2.02
P100000120528,steel,2025-01-16,5,5.35,1.5
P100000120528,steel,2025-01-17,6,8.940000000000001,2.02
P100000120528,steel,2025-01-18,8,21.08,4.46
P100000120528,steel,2025-01-19,3,6.23,3.89
P100000120528,steel,2025-01-21,5,7.33,2.57
P100000120528,steel,2025-01-22,6,13.22,3.89
P100000120528,steel,2025-01-23,6,11.19,3.06
P100000120528,steel,2025-01-24,2,3.54,2.15
P100000120528,steel,2025-01-25,2,3.94,2.07
P100000120528,steel,2025-01-26,2,3.75,1.94
P100000120528,steel,2025-01-27,2,1.9,0.95
P100000120528,steel,2025-01-28,8,10.48,2.65
P100000120528,steel,2025-01-29,7,13.08,2.58
P100000120528,steel,2025-01-30,1,2.05,2.05
P100000120528,steel,2025-02-01,3,10.18,3.97
P100000120528,steel,2025-02-02,7,14.59,5.49
P100000120528,steel,2025-02-03,5,10.48,2.91
P100000120528,steel,2025-02-04,2,5.3100000000000005,2.85
P100000120528,steel,2025-02-06,3,6.970000000000001,2.91
P100000120528,steel,2025-02-07,5,7.73,3.41
P100000120528,steel,2025-02-08,7,14.299999999999999,4.06
P100000120528,steel,2025-02-09,2,2.84,1.43
P100000120528,steel,2025-02-10,2,2.9299999999999997,1.69
P100000120528,steel,2025-02-11,7,11.98,2.46
P100000120528,steel,2025-02-12,3,5.91,2.8
P100000120528,steel,2025-02-13,5,11.14,2.62
P100000120528,steel,2025-02-14,5,8.64,2.49
P100000120528,steel,2025-02-15,1,3.52,3.52
P100000120528,steel,2025-02-16,3,6.63,3.52
P100000120528,steel,2025-02-17,1,2.13,2.13
P100000120528,steel,2025-02-18,5,12.34,3.74
P100000120528,steel,2025-02-20,1,1.76,1.76
P100000120528,steel,2025-02-21,2,3.3200000000000003,1.7
P100000120528,steel,2025-02-23,3,5.85,2.3
P100000120528,steel,2025-02-24,6,10.68,4.17
P100000120528,steel,2025-02-25,4,4.91,1.77
P100000120528,steel,2025-02-26,1,0.91,0.91
P100000120528,steel,2025-02-27,3,4.93,2.55
P100000120528,steel,2025-02-28,7,17.56,3.27
P100000120528,steel,2025-03-01,5,6.6000000000000005,2.08
P100000120528,steel,2025-03-02,3,11.440000000000001,5.44
P100000120528,steel,2025-03-03,1,2.43,2.43
P100000120528,steel,2025-03-04,1,1.87,1.87
P100000120528,steel,2025-03-05,3,6.81,2.67
P100000120528,steel,2025-03-06,8,11.03,3.31
P100000120528,steel,2025-03-07,6,18.61,7.97
P100000120528,steel,2025-03-08,4,9.54,2.46
P100000120528,steel,2025-03-09,1,1.92,1.92
P100000120528,steel,2025-03-11,3,14.22,6.99
P100000120528,steel,2025-03-12,6,17.12,6.07
P100000120528,steel,2025-03-13,8,23.84,5.56
P100000120528,steel,2025-03-14,3,5.16,2.19
P100000120528,steel,2025-03-15,3,6.74,2.64
P100000120528,steel,2025-03-16,3,10.57,3.63
P100000120528,steel,2025-03-17,6,13.14,2.62
P100000120528,steel,2025-03-18,6,15.850000000000001,3.38
P100000120528,steel,2025-03-20,1,1.36,1.36
P100000120528,steel,2025-03-22,2,8.96,5.12
P100000120528,steel,2025-03-23,8,13.19,3.46
P100000120528,steel,2025-03-24,3,4.4399999999999995,1.48
P100000120528,steel,2025-03-25,2,4.11,2.49
P100000120528,steel,2025-03-27,4,13.370000000000001,3.84
P100000120528,steel,2025-03-28,3,11.940000000000001,7.12
P100000120528,steel,2025-03-29,9,23.11,4.1
P100000120528,steel,2025-03-30,2,4.89,2.51
P100000120528,steel,2025-03-31,1,1.44,1.44
P100000120528,steel,2025-04-02,1,5.61,5.61
P100000120528,steel,2025-04-04,1,2.73,2.73
P100000120528,steel,2025-04-06,2,3.78,1.89
P100000120528,steel,2025-04-07,9,28.39,9.5
P100000120528,steel,2025-04-08,5,10.82,3.68
P100000120528,steel,2025-04-09,6,14.559999999999999,2.66
P100000120528,steel,2025-04-11,3,5.36,1.83
P100000120528,steel,2025-04-12,1,8.35,8.35
P100000120528,steel,2025-04-13,1,3.23,3.23
P100000120528,steel,2025-04-14,4,6.09,1.85
P100000120528,steel,2025-04-15,4,6.58,3.22
P100000120528,steel,2025-04-16,2,6.52,3.52
P100000120528,steel,2025-04-17,2,9.68,6.8
P100000120528,steel,2025-04-18,9,15.64,3.98
P100000120528,steel,2025-04-19,4,12.4,3.14
P100000120528,steel,2025-04-20,2,2.82,1.41
P100000120528,steel,2025-04-21,1,3.12,3.12
P100000120528,steel,2025-04-22,3,20.009999999999998,8.92
P100000120528,steel,2025-04-23,5,18.66,7.23
P100000120528,steel,2025-04-24,1,2.2,2.2
P100000120528,steel,2025-04-25,3,9.5,4.66
P100000120528,steel,2025-04-26,2,7.02,3.63
P100000120528,steel,2025-04-30,6,13.14,5.03
P100000120528,steel,2025-05-01,5,8.46,1.94
P100000120528,steel,2025-05-02,5,8.74,3.18
P100000120528,steel,2025-05-04,4,6.77,2.5
P100000120528,steel,2025-05-05,1,3.8,3.8
P100000120528,steel,2025-05-06,2,4.34,2.38
P100000120528,steel,2025-05-09,2,10.13,8.89
P100000120528,steel,2025-05-10,4,11.93,5.26
P100000120528,steel,2025-05-11,1,4.9,4.9
P100000120528,steel,2025-05-14,2,9.209999999999999,7.6
P100000120528,steel,2025-05-15,4,6.83,4.04
P100000120528,steel,2025-05-20,1,2.86,2.86
P100000120528,steel,2025-05-28,1,1.13,1.13
P100000120528,steel,2025-05-29,1,2.22,2.22
P100000120528,steel,2025-05-30,1,4.12,4.12
P100000120528,steel,2025-06-01,8,15.790000000000001,3.45
P100000120528,steel,2025-06-05,4,9.61,2.76
P100000120528,steel,2025-06-06,5,18.03,6.79
P100000120528,steel,2025-06-09,2,5.32,2.76
P100000120528,steel,2025-06-10,2,3.4,2.13
P100000120528,steel,2025-06-11,6,8.44,2.7
P100000120528,steel,2025-06-12,2,2.86,1.43
P100000120528,steel,2025-06-13,2,2.5599999999999996,1.42
P100000120528,steel,2025-06-14,2,8.55,4.59
P100000120528,steel,2025-06-16,1,6.5,6.5
P100000120528,steel,2025-06-21,4,18.1,6.86
P100000120528,steel,2025-07-18,1,0.87,0.87
P100000120528,steel,2025-07-19,1,2.75,2.75
P100000120528,steel,2025-08-03,2,2.29,1.37
P100000120528,steel,2025-08-08,1,0.72,0.72
P100000120528,steel,2025-08-11,1,2.47,2.47
P100000120528,steel,2025-08-15,2,2.0300000000000002,1.08
P100000120528,steel,2025-08-16,2,4.82,2.62
P100000120528,steel,2025-08-18,5,9.34,4.75
P100000120528,steel,2025-08-19,3,4.86,2.05
P100000120528,steel,2025-08-28,3,5.489999999999999,2.01
P100000120528,steel,2025-09-04,2,1.5499999999999998,0.82
P100000120528,steel,2025-09-05,2,4.32,2.17
P100000120528,steel,2025-09-06,3,2.78,0.94
P100000120528,steel,2025-09-07,4,6.15,1.76
P100000120528,steel,2025-09-08,4,9.07,4.99
P100000120528,steel,2025-09-14,3,11.81,5.19
P100000120528,steel,2025-09-18,5,12.91,3.29
P100000120528,steel,2025-09-19,3,11.71,6.66
P100000120528,steel,2025-09-20,2,10.9,7.44
P100000120528,steel,2025-09-25,5,13.36,3.97
P100000120528,steel,2025-09-28,4,6.57,2.81
P100000120528,steel,2025-09-29,2,3.58,1.79
P100000120528,steel,2025-09-30,1,4.96,4.96
P100000120528,steel,2025-10-01,2,1.68,0.86
P100000120528,steel,2025-10-08,1,0.79,0.79
P100000120528,steel,2025-10-10,4,7.4799999999999995,3.36
P100000120528,steel,2025-10-11,10,23.35,6.25
P100000120528,steel,2025-10-12,2,4.98,3.92
P100000120528,steel,2025-10-14,3,5.08,2.28
P100000120528,steel,2025-10-15,2,6.7700000000000005,4.36
P100000120528,steel,2025-10-16,7,11.629999999999999,4.75
P100000120528,steel,2025-10-17,6,8.48,2.59
P100000120528,steel,2025-10-19,2,1.83,1.26
P100000120528,steel,2025-10-20,10,18.56,2.31
P100000120528,steel,2025-10-21,2,3.5,1.75
P100000120528,steel,2025-10-22,8,13.92,3.49
P100000120528,steel,2025-10-23,3,4.0200000000000005,1.78
P100000120528,steel,2025-10-24,2,2.4699999999999998,1.52
P100000120528,steel,2025-10-26,2,2.12,1.06
P100000120528,steel,2025-10-27,6,4.79,1.93
P100000120528,steel,2025-10-29,5,18.189999999999998,4.62
P100000120528,steel,2025-11-01,3,5.91,3.24
P100000120528,steel,2025-11-02,6,5.82,1.1
P100000120528,steel,2025-11-03,3,8.73,3.15
P100000120528,steel,2025-11-04,2,1.86,0.93
P100000120528,steel,2025-11-05,2,3.7700000000000005,2.41
P100000120528,steel,2025-11-06,4,17.01,7.64
P100000120528,steel,2025-11-07,7,15.0,4.38
P100000120528,steel,2025-11-08,3,4.65,2.17
P100000120528,steel,2025-11-09,1,0.97,0.97
P100000120528,steel,2025-11-10,4,7.140000000000001,2.37
P100000120528,steel,2025-11-12,4,3.9699999999999998,1.41
P100000120528,steel,2025-11-13,2,2.4699999999999998,1.31
P100000120528,steel,2025-11-14,1,1.38,1.38
P100000120528,steel,2025-11-16,3,7.0,4.08
P100000120528,steel,2025-11-17,2,2.24,1.12
P100000120528,steel,2025-11-18,4,6.42,2.39
P100000120528,steel,2025-11-19,2,3.63,2.27
P100000120528,steel,2025-11-22,5,15.72,5.07
P100000120528,steel,2025-11-23,9,19.58,4.01
P100000120528,steel,2025-11-24,1,1.95,1.95
P100000120528,steel,2025-11-25,3,5.65,2.19
P100000120528,steel,2025-11-26,8,10.87,2.42
P100000120528,steel,2025-11-27,10,17.2,4.37
P100000120528,steel,2025-11-28,8,19.650000000000002,5.08
P100000120528,steel,2025-11-29,5,8.88,2.2
P100000120528,steel,2025-12-02,3,11.45,4.58
P100000120528,steel,2025-12-03,7,14.54,3.78
P100000120528,steel,2025-12-04,6,11.03,4.56
P100000120528,steel,2025-12-05,5,6.859999999999999,1.52
P100000120528,steel,2025-12-07,2,4.37,2.78
P100000120528,steel,2025-12-08,3,7.57,2.65
P100000120528,steel,2025-12-09,5,9.32,2.76
P100000120528,steel,2025-12-10,5,9.34,3.72
P100000120528,steel,2025-12-11,1,1.82,1.82
P100000120528,steel,2025-12-12,5,14.24,5.21
P100000120528,steel,2025-12-13,5,12.31,3.81
P100000120528,steel,2025-12-14,7,14.629999999999999,3.98
P100000120528,steel,2025-12-15,6,11.91,3.21
P100000120528,steel,2025-12-17,3,6.74,2.62
P100000120528,steel,2025-12-18,3,6.38,3.22
P100000120528,steel,2025-12-19,8,7.44,1.35
P100000120528,steel,2025-12-20,5,11.879999999999999,4.69
P100000120528,steel,2025-12-21,2,3.63,2.39
P100000120528,steel,2025-12-22,1,1.33,1.33
P100000120528,steel,2025-12-23,1,2.25,2.25
P100000120528,steel,2025-12-24,6,11.29,2.9
P100000120528,steel,2025-12-25,7,12.02,3.05
P100000120528,steel,2025-12-26,5,4.71,1.14
P100000120528,steel,2025-12-27,3,4.0200000000000005,1.82
P100000120528,steel,2025-12-28,3,4.52,2.01
P100000120528,steel,2025-12-29,5,7.2700000000000005,2.93
P100000120528,steel,2025-12-30,8,12.889999999999999,4.17
P100000120528,steel,2025-12-31,9,20.66,3.21
P100000120529,steel,2025-01-01,4,6.2700000000000005,1.73
P100000120529,steel,2025-01-02,7,12.1,3.56
P100000120529,steel,2025-01-03,5,13.82,4.66
P100000120529,steel,2025-01-04,6,8.84,2.63
P100000120529,steel,2025-01-05,2,2.44,1.22
P100000120529,steel,2025-01-06,4,5.36,1.81
P100000120529,steel,2025-01-07,4,4.359999999999999,2.26
P100000120529,steel,2025-01-08,3,6.8100000000000005,2.85
P100000120529,steel,2025-01-09,4,9.78,4.89
P100000120529,steel,2025-01-10,6,24.0,13.53
P100000120529,steel,2025-01-11,2,3.0,1.5
P100000120529,steel,2025-01-12,4,4.95,1.95
P100000120529,steel,2025-01-13,3,10.74,7.4
P100000120529,steel,2025-01-14,3,9.9,5.32
P100000120529,steel,2025-01-15,2,2.58,1.29
P100000120529,steel,2025-01-16,1,3.08,3.08
P100000120529,steel,2025-01-17,2,5.109999999999999,3.1
P100000120529,steel,2025-01-18,4,7.51,2.6
P100000120529,steel,2025-01-19,5,5.55,1.71
P100000120529,steel,2025-01-21,2,2.48,1.24
P100000120529,steel,2025-01-22,4,8.38,2.98
P100000120529,steel,2025-01-23,6,13.37,3.78
P100000120529,steel,2025-01-24,6,18.07,11.05
P100000120529,steel,2025-01-25,5,11.43,6.44
P100000120529,steel,2025-01-26,2,5.14,3.15
P100000120529,steel,2025-01-27,3,9.5,5.4
P100000120529,steel,2025-01-28,6,9.18,1.76
P100000120529,steel,2025-01-29,4,5.8,1.83
P100000120529,steel,2025-01-30,1,3.43,3.43
P100000120529,steel,2025-02-01,1,1.75,1.75
P100000120529,steel,2025-02-02,2,3.51,2.5
P100000120529,steel,2025-02-03,4,6.38,1.96
P100000120529,steel,2025-02-04,7,10.47,2.22
P100000120529,steel,2025-02-05,1,1.27,1.27
P100000120529,steel,2025-02-06,3,4.9,2.38
P100000120529,steel,2025-02-07,3,3.9299999999999997,1.41
P100000120529,steel,2025-02-08,4,6.8,2.0
P100000120529,steel,2025-02-09,2,2.38,1.19
P100000120529,steel,2025-02-10,2,2.29,1.21
P100000120529,steel,2025-02-11,1,3.09,3.09
P100000120529,steel,2025-02-12,1,1.89,1.89
P100000120529,steel,2025-02-13,4,5.74,1.69
P100000120529,steel,2025-02-14,4,5.43,2.35
P100000120529,steel,2025-02-15,2,5.68,3.51
P100000120529,steel,2025-02-16,4,9.33,3.51
P100000120529,steel,2025-02-17,1,3.38,3.38
P100000120529,steel,2025-02-18,2,2.6,1.3
P100000120529,steel,2025-02-19,3,7.01,4.69
P100000120529,steel,2025-02-20,2,2.9,1.45
P100000120529,steel,2025-02-21,4,8.36,2.37
P100000120529,steel,2025-02-22,1,2.03,2.03
P100000120529,steel,2025-02-23,2,4.98,2.49
P100000120529,steel,2025-02-24,3,3.91,1.37
P100000120529,steel,2025-02-25,2,4.17,2.38
P100000120529,steel,2025-02-26,3,4.37,1.56
P100000120529,steel,2025-02-27,1,1.62,1.62
P100000120529,steel,2025-02-28,2,3.22,1.61
P100000120529,steel,2025-03-01,3,11.21,6.95
P100000120529,steel,2025-03-02,1,3.24,3.24
P100000120529,steel,2025-03-03,2,5.67,2.91
P100000120529,steel,2025-03-05,4,12.43,4.33
P100000120529,steel,2025-03-06,3,6.58,2.36
P100000120529,steel,2025-03-07,6,8.57,1.47
P100000120529,steel,2025-03-09,2,3.76,2.46
P100000120529,steel,2025-03-10,2,1.98,0.99
P100000120529,steel,2025-03-11,1,3.02,3.02
P100000120529,steel,2025-03-12,6,13.3,5.25
P100000120529,steel,2025-03-13,3,11.2,3.96
P100000120529,steel,2025-03-16,2,4.46,2.97
P100000120529,steel,2025-03-17,4,8.42,4.59
P100000120529,steel,2025-03-18,1,1.46,1.46
P100000120529,steel,2025-03-19,3,3.4799999999999995,1.16
P100000120529,steel,2025-03-23,3,5.15,2.29
P100000120529,steel,2025-03-24,1,1.82,1.82
P100000120529,steel,2025-03-25,1,4.9,4.9
P100000120529,steel,2025-03-26,2,2.94,1.47
P100000120529,steel,2025-03-27,1,2.31,2.31
P100000120529,steel,2025-03-28,4,7.18,1.84
P100000120529,steel,2025-03-29,5,22.37,9.39
P100000120529,steel,2025-04-01,1,3.83,3.83
P100000120529,steel,2025-04-03,1,2.66,2.66
P100000120529,steel,2025-04-04,2,12.42,6.32
P100000120529,steel,2025-04-05,2,6.470000000000001,3.48
P100000120529,steel,2025-04-06,1,4.27,4.27
P100000120529,steel,2025-04-07,1,3.37,3.37
P100000120529,steel,2025-04-08,4,14.82,5.46
P100000120529,steel,2025-04-09,3,7.5200000000000005,3.29
P100000120529,steel,2025-04-11,1,3.38,3.38
P100000120529,steel,2025-04-13,3,15.91,5.79
P100000120529,steel,2025-04-14,1,2.6,2.6
P100000120529,steel,2025-04-16,3,8.15,3.16
P100000120529,steel,2025-04-18,1,1.45,1.45
P100000120529,steel,2025-04-19,5,9.370000000000001,3.05
P100000120529,steel,2025-04-20,1,4.24,4.24
P100000120529,steel,2025-04-21,1,2.24,2.24
P100000120529,steel,2025-04-22,1,5.01,5.01
P100000120529,steel,2025-04-23,1,2.3,2.3
P100000120529,steel,2025-04-24,2,3.04,1.52
P100000120529,steel,2025-04-29,3,1.63,0.67
P100000120529,steel,2025-04-30,2,2.78,1.39
P100000120529,steel,2025-05-02,1,2.17,2.17
P100000120529,steel,2025-05-04,3,9.76,6.55
P100000120529,steel,2025-05-05,5,4.970000000000001,1.27
P100000120529,steel,2025-05-09,2,9.06,6.44
P100000120529,steel,2025-05-10,1,4.5,4.5
P100000120529,steel,2025-05-12,1,3.16,3.16
P100000120529,steel,2025-05-13,1,2.32,2.32
P100000120529,steel,2025-05-14,2,6.57,3.32
P100000120529,steel,2025-05-15,2,4.890000000000001,3.99
P100000120529,steel,2025-05-26,1,1.13,1.13
P100000120529,steel,2025-06-04,2,3.08,1.54
P100000120529,steel,2025-06-05,1,2.97,2.97
P100000120529,steel,2025-06-06,2,3.02,1.51
P100000120529,steel,2025-06-09,2,4.48,2.24
P100000120529,steel,2025-06-10,2,6.96,3.95
P100000120529,steel,2025-06-11,3,4.45,1.89
P100000120529,steel,2025-06-12,2,2.9400000000000004,1.59
P100000120529,steel,2025-06-13,4,20.73,8.18
P100000120529,steel,2025-06-14,3,8.219999999999999,3.09
P100000120529,steel,2025-07-23,1,0.3,0.3
P100000120529,steel,2025-08-09,1,6.33,6.33
P100000120529,steel,2025-08-14,1,9.11,9.11
P100000120529,steel,2025-08-16,1,0.81,0.81
P100000120529,steel,2025-08-25,2,2.75,1.41
P100000120529,steel,2025-08-26,2,5.27,2.93
P100000120529,steel,2025-08-28,2,4.22,2.3
P100000120529,steel,2025-08-30,1,1.66,1.66
P100000120529,steel,2025-09-04,5,9.330000000000002,2.12
P100000120529,steel,2025-09-05,1,2.41,2.41
P100000120529,steel,2025-09-07,3,3.9000000000000004,1.82
P100000120529,steel,2025-09-08,7,10.75,2.45
P100000120529,steel,2025-09-09,4,8.24,2.65
P100000120529,steel,2025-09-10,5,8.379999999999999,1.73
P100000120529,steel,2025-09-20,1,2.21,2.21
P100000120529,steel,2025-09-24,2,4.51,2.27
P100000120529,steel,2025-09-27,1,2.59,2.59
P100000120529,steel,2025-09-29,2,5.29,3.43
P100000120529,steel,2025-09-30,1,3.5,3.5
P100000120529,steel,2025-10-08,1,1.91,1.91
P100000120529,steel,2025-10-10,1,1.88,1.88
P100000120529,steel,2025-10-11,3,3.7,2.08
P100000120529,steel,2025-10-12,3,4.86,2.18
P100000120529,steel,2025-10-13,5,11.48,3.14
P100000120529,steel,2025-10-14,3,5.0600000000000005,1.83
P100000120529,steel,2025-10-15,1,2.19,2.19
P100000120529,steel,2025-10-16,6,8.06,1.55
P100000120529,steel,2025-10-17,6,7.52,1.27
P100000120529,steel,2025-10-18,3,4.57,1.54
P100000120529,steel,2025-10-19,3,5.43,2.28
P100000120529,steel,2025-10-20,1,2.43,2.43
P100000120529,steel,2025-10-21,1,3.67,3.67
P100000120529,steel,2025-10-22,6,15.870000000000001,7.0
P100000120529,steel,2025-10-23,1,2.3,2.3
P100000120529,steel,2025-10-24,1,2.02,2.02
P100000120529,steel,2025-11-02,3,5.01,1.7
P100000120529,steel,2025-11-03,4,6.1000000000000005,1.58
P100000120529,steel,2025-11-04,4,6.91,2.43
P100000120529,steel,2025-11-05,1,1.26,1.26
P100000120529,steel,2025-11-06,3,8.0,3.52
P100000120529,steel,2025-11-07,3,5.3100000000000005,1.77
P100000120529,steel,2025-11-08,4,6.87,2.96
P100000120529,steel,2025-11-09,2,3.83,2.15
P100000120529,steel,2025-11-10,2,4.48,2.65
P100000120529,steel,2025-11-12,5,8.219999999999999,2.38
P100000120529,steel,2025-11-13,3,4.0,1.44
P100000120529,steel,2025-11-15,2,8.36,7.1
P100000120529,steel,2025-11-16,2,5.12,2.65
P100000120529,steel,2025-11-17,5,6.84,1.67
P100000120529,steel,2025-11-18,3,3.71,1.53
P100000120529,steel,2025-11-19,1,2.88,2.88
P100000120529,steel,2025-11-20,3,5.31,2.07
P100000120529,steel,2025-11-21,2,3.92,2.05
P100000120529,steel,2025-11-23,4,6.0600000000000005,2.89
P100000120529,steel,2025-11-24,3,5.300000000000001,3.16
P100000120529,steel,2025-11-25,4,5.99,2.18
P100000120529,steel,2025-11-26,4,9.129999999999999,2.76
P100000120529,steel,2025-11-27,1,2.61,2.61
P100000120529,steel,2025-11-28,4,5.6899999999999995,1.92
P100000120529,steel,2025-11-29,4,5.0,1.26
P100000120529,steel,2025-11-30,3,8.09,3.21
P100000120529,steel,2025-12-02,2,4.859999999999999,2.56
P100000120529,steel,2025-12-03,4,6.37,2.98
P100000120529,steel,2025-12-04,3,4.59,1.98
P100000120529,steel,2025-12-05,3,7.54,3.12
P100000120529,steel,2025-12-06,5,8.13,3.24
P100000120529,steel,2025-12-07,2,5.15,2.91
P100000120529,steel,2025-12-09,7,7.1499999999999995,1.43
P100000120529,steel,2025-12-10,6,12.86,2.61
P100000120529,steel,2025-12-11,2,3.5100000000000002,2.6
P100000120529,steel,2025-12-12,1,1.61,1.61
P100000120529,steel,2025-12-13,2,5.05,2.71
P100000120529,steel,2025-12-14,5,12.3,2.81
P100000120529,steel,2025-12-15,1,2.81,2.81
P100000120529,steel,2025-12-16,4,8.49,2.53
P100000120529,steel,2025-12-19,3,4.26,1.7
P100000120529,steel,2025-12-20,3,3.98,1.81
P100000120529,steel,2025-12-21,2,2.42,1.3
P100000120529,steel,2025-12-22,3,4.42,1.5
P100000120529,steel,2025-12-23,1,2.18,2.18
P100000120529,steel,2025-12-24,5,7.359999999999999,2.48
P100000120529,steel,2025-12-25,2,2.31,1.26
P100000120529,steel,2025-12-26,5,6.03,2.39
P100000120529,steel,2025-12-27,6,18.07,9.62
P100000120529,steel,2025-12-28,1,2.74,2.74
P100000120529,steel,2025-12-29,2,4.64,2.32
P100000120529,steel,2025-12-30,4,3.57,0.99
P100000120529,steel,2025-12-31,5,11.370000000000001,3.66
P100000120530,steel,2025-01-01,5,17.82,5.71
P100000120530,steel,2025-01-02,6,8.1,2.05
P100000120530,steel,2025-01-03,2,14.14,8.63
P100000120530,steel,2025-01-04,5,21.51,8.82
P100000120530,steel,2025-01-05,11,26.12,7.4
P100000120530,steel,2025-01-06,7,32.12,9.14
P100000120530,steel,2025-01-07,3,4.16,2.35
P100000120530,steel,2025-01-08,8,28.38,12.11
P100000120530,steel,2025-01-09,3,14.809999999999999,5.67
P100000120530,steel,2025-01-10,6,18.419999999999998,5.76
P100000120530,steel,2025-01-11,5,14.54,5.93
P100000120530,steel,2025-01-12,4,5.97,2.41
P100000120530,steel,2025-01-13,2,3.19,2.48
P100000120530,steel,2025-01-14,1,0.71,0.71
P100000120530,steel,2025-01-15,4,19.31,7.43
P100000120530,steel,2025-01-16,4,15.67,7.84
P100000120530,steel,2025-01-17,4,9.04,4.29
P100000120530,steel,2025-01-18,2,8.5,5.7
P100000120530,steel,2025-01-19,3,4.95,1.8
P100000120530,steel,2025-01-20,3,15.5,8.14
P100000120530,steel,2025-01-21,6,26.84,5.49
P100000120530,steel,2025-01-22,3,7.46,3.76
P100000120530,steel,2025-01-23,3,8.35,5.17
P100000120530,steel,2025-01-24,4,10.18,2.79
P100000120530,steel,2025-01-25,3,7.37,3.08
P100000120530,steel,2025-01-27,3,9.780000000000001,5.82
P100000120530,steel,2025-01-29,3,51.8,24.0
P100000120530,steel,2025-01-30,6,18.08,6.49
P100000120530,steel,2025-01-31,5,10.97,3.12
P100000120530,steel,2025-02-01,8,33.23,8.49
P100000120530,steel,2025-02-02,3,4.83,1.61
P100000120530,steel,2025-02-03,3,6.34,3.3
P100000120530,steel,2025-02-05,7,16.32,4.16
P100000120530,steel,2025-02-06,5,15.719999999999999,3.3
P100000120530,steel,2025-02-07,10,44.800000000000004,11.56
P100000120530,steel,2025-02-08,4,5.34,1.42
P100000120530,steel,2025-02-09,4,24.8,13.97
P100000120530,steel,2025-02-10,3,18.26,7.84
P100000120530,steel,2025-02-11,6,35.04,15.33
P100000120530,steel,2025-02-12,2,7.1899999999999995,3.79
P100000120530,steel,2025-02-13,4,18.909999999999997,5.77
P100000120530,steel,2025-02-14,2,3.73,2.46
P100000120530,steel,2025-02-15,3,9.48,6.68
P100000120530,steel,2025-02-16,2,11.870000000000001,6.99
P100000120530,steel,2025-02-17,6,25.4,9.88
P100000120530,steel,2025-02-18,3,10.97,6.83
P100000120530,steel,2025-02-19,2,4.33,3.18
P100000120530,steel,2025-02-20,4,18.560000000000002,6.37
P100000120530,steel,2025-02-21,1,6.34,6.34
P100000120530,steel,2025-02-22,4,23.89,7.44
P100000120530,steel,2025-02-24,4,21.56,14.1
P100000120530,steel,2025-02-25,2,3.1,1.55
P100000120530,steel,2025-02-26,2,1.34,0.67
P100000120530,steel,2025-02-27,1,2.18,2.18
P100000120530,steel,2025-02-28,6,120.39999999999999,30.22
P100000120530,steel,2025-03-01,2,6.72,3.36
P100000120530,steel,2025-03-02,2,1.8,0.9
P100000120530,steel,2025-03-04,3,13.35,8.03
P100000120530,steel,2025-03-05,4,15.69,5.55
P100000120530,steel,2025-03-06,1,2.95,2.95
P100000120530,steel,2025-03-07,4,7.24,2.68
P100000120530,steel,2025-03-08,2,4.07,2.69
P100000120530,steel,2025-03-09,4,11.49,3.5
P100000120530,steel,2025-03-10,4,11.67,3.93
P100000120530,steel,2025-03-11,6,74.87,37.18
P100000120530,steel,2025-03-12,3,11.26,5.92
P100000120530,steel,2025-03-13,2,3.84,1.92
P100000120530,steel,2025-03-14,3,12.9,5.54
P100000120530,steel,2025-03-15,7,33.9,12.41
P100000120530,steel,2025-03-16,8,38.89,12.09
P100000120530,steel,2025-03-17,4,6.42,2.71
P100000120530,steel,2025-03-18,4,29.439999999999998,10.34
P100000120530,steel,2025-03-19,5,48.37,10.45
P100000120530,steel,2025-03-20,7,35.92,9.77
P100000120530,steel,2025-03-21,1,5.86,5.86
P100000120530,steel,2025-03-22,2,3.5,1.75
P100000120530,steel,2025-03-24,1,1.76,1.76
P100000120530,steel,2025-03-25,4,10.040000000000001,3.18
P100000120530,steel,2025-03-26,3,4.14,1.38
P100000120530,steel,2025-03-27,2,4.82,3.24
P100000120530,steel,2025-03-28,5,10.67,2.67
P100000120530,steel,2025-03-30,1,1.86,1.86
P100000120530,steel,2025-03-31,1,5.99,5.99
P100000120530,steel,2025-04-01,3,14.64,5.32
P100000120530,steel,2025-04-02,1,1.59,1.59
P100000120530,steel,2025-04-03,1,4.63,4.63
P100000120530,steel,2025-04-05,2,6.970000000000001,4.04
P100000120530,steel,2025-04-06,3,14.690000000000001,9.07
P100000120530,steel,2025-04-07,5,91.38,47.05
P100000120530,steel,2025-04-08,6,65.24,17.59
P100000120530,steel,2025-04-09,2,2.84,1.88
P100000120530,steel,2025-04-10,1,12.51,12.51
P100000120530,steel,2025-04-11,2,4.32,2.78
P100000120530,steel,2025-04-12,1,11.48,11.48
P100000120530,steel,2025-04-13,2,4.72,2.36
P100000120530,steel,2025-04-14,10,29.38,4.22
P100000120530,steel,2025-04-16,3,26.41,11.58
P100000120530,steel,2025-04-17,4,16.53,6.82
P100000120530,steel,2025-04-21,3,14.5,7.02
P100000120530,steel,2025-04-22,6,49.5,15.46
P100000120530,steel,2025-04-23,3,7.3100000000000005,2.81
P100000120530,steel,2025-04-24,2,10.129999999999999,5.56
P100000120530,steel,2025-04-25,2,4.03,2.2
P100000120530,steel,2025-04-27,4,17.42,4.57
P100000120530,steel,2025-04-28,2,1.6,0.82
P100000120530,steel,2025-04-30,4,16.84,7.16
P100000120530,steel,2025-05-02,3,12.15,4.98
P100000120530,steel,2025-05-04,5,58.169999999999995,41.97
P100000120530,steel,2025-05-06,2,39.49,36.02
P100000120530,steel,2025-05-07,2,9.71,5.73
P100000120530,steel,2025-05-08,4,7.2,2.47
P100000120530,steel,2025-05-09,2,6.48,3.56
P100000120530,steel,2025-05-10,3,9.809999999999999,5.97
P100000120530,steel,2025-05-11,1,2.86,2.86
P100000120530,steel,2025-05-12,2,29.56,14.94
P100000120530,steel,2025-05-13,6,22.14,7.26
P100000120530,steel,2025-05-14,2,7.82,4.04
P100000120530,steel,2025-05-16,1,10.45,10.45
P100000120530,steel,2025-05-17,3,16.27,5.96
P100000120530,steel,2025-05-18,3,7.359999999999999,2.52
P100000120530,steel,2025-05-19,4,18.49,7.72
P100000120530,steel,2025-05-26,3,3.83,1.52
P100000120530,steel,2025-05-31,1,1.82,1.82
P100000120530,steel,2025-06-03,2,3.02,1.51
P100000120530,steel,2025-06-05,1,4.56,4.56
P100000120530,steel,2025-06-06,1,2.96,2.96
P100000120530,steel,2025-06-08,4,7.46,2.65
P100000120530,steel,2025-06-09,1,3.2,3.2
P100000120530,steel,2025-06-10,3,10.16,5.21
P100000120530,steel,2025-06-11,2,1.41,0.72
P100000120530,steel,2025-06-12,3,5.390000000000001,1.8
P100000120530,steel,2025-06-13,2,4.199999999999999,2.19
P100000120530,steel,2025-06-14,3,11.02,6.0
P100000120530,steel,2025-07-12,2,3.3200000000000003,2.21
P100000120530,steel,2025-07-19,1,5.34,5.34
P100000120530,steel,2025-07-20,2,14.72,8.46
P100000120530,steel,2025-07-21,4,9.690000000000001,3.11
P100000120530,steel,2025-07-22,3,16.259999999999998,5.85
P100000120530,steel,2025-07-23,4,9.9,7.38
P100000120530,steel,2025-07-26,1,5.18,5.18
P100000120530,steel,2025-07-31,2,4.99,2.87
P100000120530,steel,2025-08-03,2,1.03,0.56
P100000120530,steel,2025-08-04,8,144.43,24.76
P100000120530,steel,2025-08-09,1,7.14,7.14
P100000120530,steel,2025-08-10,1,1.46,1.46
P100000120530,steel,2025-08-11,1,2.98,2.98
P100000120530,steel,2025-08-12,1,10.24,10.24
P100000120530,steel,2025-08-13,2,16.0,13.05
P100000120530,steel,2025-08-16,1,1.75,1.75
P100000120530,steel,2025-08-26,1,1.37,1.37
P100000120530,steel,2025-08-28,5,10.88,2.54
P100000120530,steel,2025-08-31,2,1.2,0.74
P100000120530,steel,2025-09-03,1,1.13,1.13
P100000120530,steel,2025-09-04,1,1.35,1.35
P100000120530,steel,2025-09-06,1,2.05,2.05
P100000120530,steel,2025-09-07,4,15.14,5.66
P100000120530,steel,2025-09-08,1,3.24,3.24
P100000120530,steel,2025-09-09,1,8.24,8.24
P100000120530,steel,2025-09-14,2,3.14,1.61
P100000120530,steel,2025-09-17,1,2.44,2.44
P100000120530,steel,2025-09-18,2,3.12,1.56
P100000120530,steel,2025-09-19,5,13.809999999999999,5.18
P100000120530,steel,2025-09-25,2,6.83,3.89
P100000120530,steel,2025-09-30,1,6.58,6.58
P100000120530,steel,2025-10-01,2,12.36,6.99
P100000120530,steel,2025-10-04,4,10.83,3.75
P100000120530,steel,2025-10-07,1,1.84,1.84
P100000120530,steel,2025-10-08,2,3.2199999999999998,1.71
P100000120530,steel,2025-10-09,2,4.5600000000000005,2.32
P100000120530,steel,2025-10-10,1,1.92,1.92
P100000120530,steel,2025-10-11,4,6.57,3.24
P100000120530,steel,2025-10-12,2,2.06,1.03
P100000120530,steel,2025-10-13,1,2.51,2.51
P100000120530,steel,2025-10-14,3,16.990000000000002,7.07
P100000120530,steel,2025-10-15,2,13.940000000000001,9.23
P100000120530,steel,2025-10-16,6,12.75,2.71
P100000120530,steel,2025-10-17,4,13.52,7.47
P100000120530,steel,2025-10-18,1,5.81,5.81
P100000120530,steel,2025-10-19,3,11.87,8.79
P100000120530,steel,2025-10-21,4,24.18,11.19
P100000120530,steel,2025-10-22,3,5.66,2.02
P100000120530,steel,2025-10-23,3,5.67,2.12
P100000120530,steel,2025-10-24,1,0.45,0.45
P100000120530,steel,2025-10-25,2,5.82,3.57
P100000120530,steel,2025-10-26,5,14.93,4.22
P100000120530,steel,2025-10-30,3,24.51,9.46
P100000120530,steel,2025-10-31,5,18.46,8.83
P100000120530,steel,2025-11-01,4,11.07,3.43
P100000120530,steel,2025-11-02,5,6.12,2.12
P100000120530,steel,2025-11-03,1,7.47,7.47
P100000120530,steel,2025-11-04,2,13.379999999999999,7.79
P100000120530,steel,2025-11-05,6,17.07,6.55
P100000120530,steel,2025-11-06,3,8.56,4.78
P100000120530,steel,2025-11-07,6,13.09,7.71
P100000120530,steel,2025-11-08,1,3.14,3.14
P100000120530,steel,2025-11-09,6,22.29,5.14
P100000120530,steel,2025-11-10,8,23.92,3.38
P100000120530,steel,2025-11-11,4,37.11,11.89
P100000120530,steel,2025-11-12,5,11.450000000000001,2.99
P100000120530,steel,2025-11-13,4,30.64,8.95
P100000120530,steel,2025-11-14,5,57.78,13.65
P100000120530,steel,2025-11-15,5,26.16,7.59
P100000120530,steel,2025-11-16,5,45.53,13.33
P100000120530,steel,2025-11-17,6,75.56,23.63
P100000120530,steel,2025-11-18,3,3.4000000000000004,1.52
P100000120530,steel,2025-11-20,6,22.810000000000002,5.46
P100000120530,steel,2025-11-21,4,11.06,2.94
P100000120530,steel,2025-11-22,5,30.96,17.1
P100000120530,steel,2025-11-23,3,6.63,2.21
P100000120530,steel,2025-11-24,6,11.55,3.64
P100000120530,steel,2025-11-25,4,5.24,1.93
P100000120530,steel,2025-11-26,6,18.69,5.64
P100000120530,steel,2025-11-27,4,18.96,10.57
P100000120530,steel,2025-11-28,6,14.73,3.37
P100000120530,steel,2025-11-29,3,3.24,1.08
P100000120530,steel,2025-12-02,2,9.68,5.1
P100000120530,steel,2025-12-03,2,6.44,4.32
P100000120530,steel,2025-12-04,3,4.1899999999999995,2.21
P100000120530,steel,2025-12-05,4,4.84,1.29
P100000120530,steel,2025-12-06,7,29.81,6.88
P100000120530,steel,2025-12-07,4,11.65,6.71
P100000120530,steel,2025-12-08,1,7.12,7.12
P100000120530,steel,2025-12-09,4,5.4,1.35
P100000120530,steel,2025-12-10,2,8.39,4.95
P100000120530,steel,2025-12-12,3,16.49,7.28
P100000120530,steel,2025-12-13,6,28.3,5.78
P100000120530,steel,2025-12-14,3,6.15,2.81
P100000120530,steel,2025-12-15,8,18.26,4.9
P100000120530,steel,2025-12-16,2,2.92,1.61
P100000120530,steel,2025-12-17,14,55.3,9.18
P100000120530,steel,2025-12-18,1,5.42,5.42
P100000120530,steel,2025-12-19,1,4.81,4.81
P100000120530,steel,2025-12-20,4,2.88,0.72
P100000120530,steel,2025-12-21,8,10.7,1.94
P100000120530,steel,2025-12-22,6,20.3,7.22
P100000120530,steel,2025-12-23,1,3.96,3.96
P100000120530,steel,2025-12-24,4,9.94,4.24
P100000120530,steel,2025-12-25,4,7.41,3.69
P100000120530,steel,2025-12-26,3,12.93,5.6
P100000120530,steel,2025-12-27,4,7.57,2.46
P100000120530,steel,2025-12-28,5,22.47,7.09
P100000120530,steel,2025-12-29,5,25.96,10.87
P100000120530,steel,2025-12-30,6,13.2,4.47
P100000120530,steel,2025-12-31,4,9.55,3.77
P100000120531,steel,2025-07-10,1,4.12,4.12
P100000120531,steel,2025-07-29,1,1.34,1.34
P100000120531,steel,2025-08-14,1,5.6,5.6
P100000120531,steel,2025-08-30,1,2.72,2.72
P100000120531,steel,2025-09-20,2,3.35,2.56
P100000120531,steel,2025-10-16,1,1.65,1.65
P100000120531,steel,2025-11-12,1,0.71,0.71
P100000120531,steel,2025-11-13,1,1.35,1.35
P100000120531,steel,2025-11-14,1,0.73,0.73
P100000120531,steel,2025-11-17,1,1.64,1.64
P100000120531,steel,2025-11-19,1,2.77,2.77
P100000120531,steel,2025-11-28,1,1.41,1.41
P100000120531,steel,2025-12-09,1,0.78,0.78
P100000120531,steel,2025-12-10,1,0.77,0.77
P100000120531,steel,2025-12-14,1,1.3,1.3
P100000120531,steel,2025-12-25,1,0.93,0.93
P100000120534,steel,2025-01-01,1,2.32,2.32
P100000120534,steel,2025-01-02,2,3.4099999999999997,2.28
P100000120534,steel,2025-01-04,1,0.92,0.92
P100000120534,steel,2025-01-06,3,3.1,1.05
P100000120534,steel,2025-01-07,1,3.17,3.17
P100000120534,steel,2025-01-08,4,4.18,1.63
P100000120534,steel,2025-01-09,1,1.1,1.1
P100000120534,steel,2025-01-10,2,2.7199999999999998,1.51
P100000120534,steel,2025-01-12,3,2.9299999999999997,1.13
P100000120534,steel,2025-01-13,1,1.71,1.71
P100000120534,steel,2025-01-14,2,2.23,1.17
P100000120534,steel,2025-01-18,1,1.17,1.17
P100000120534,steel,2025-01-23,2,1.55,1.06
P100000120534,steel,2025-01-24,1,0.93,0.93
P100000120534,steel,2025-01-28,2,1.53,0.79
P100000120534,steel,2025-01-30,1,1.5,1.5
P100000120534,steel,2025-02-04,1,1.11,1.11
P100000120534,steel,2025-02-07,1,1.16,1.16
P100000120534,steel,2025-02-08,2,2.47,1.59
P100000120534,steel,2025-02-09,1,1.2,1.2
P100000120534,steel,2025-02-13,1,1.05,1.05
P100000120534,steel,2025-02-14,2,1.65,1.06
P100000120534,steel,2025-02-20,2,2.94,1.47
P100000120534,steel,2025-02-23,1,1.05,1.05
P100000120534,steel,2025-02-24,1,1.3,1.3
P100000120534,steel,2025-02-25,3,2.9299999999999997,1.39
P100000120534,steel,2025-02-26,1,0.87,0.87
P100000120534,steel,2025-02-28,1,1.53,1.53
P100000120534,steel,2025-03-02,2,5.56,4.18
P100000120534,steel,2025-03-05,2,3.3600000000000003,1.79
P100000120534,steel,2025-03-06,1,1.12,1.12
P100000120534,steel,2025-03-07,1,0.83,0.83
P100000120534,steel,2025-03-08,1,0.86,0.86
P100000120534,steel,2025-03-09,1,1.28,1.28
P100000120534,steel,2025-03-12,1,1.17,1.17
P100000120534,steel,2025-03-17,2,3.8,1.9
P100000120534,steel,2025-03-18,1,2.56,2.56
P100000120534,steel,2025-03-23,2,4.59,3.56
P100000120534,steel,2025-03-24,1,2.65,2.65
P100000120534,steel,2025-03-25,1,2.09,2.09
P100000120534,steel,2025-03-28,3,6.449999999999999,4.55
P100000120534,steel,2025-03-29,1,2.09,2.09
P100000120534,steel,2025-03-30,2,2.84,1.48
P100000120534,steel,2025-04-01,1,1.37,1.37
P100000120534,steel,2025-04-08,1,0.93,0.93
P100000120534,steel,2025-04-13,2,1.2999999999999998,0.72
P100000120534,steel,2025-04-22,1,2.56,2.56
P100000120534,steel,2025-04-23,2,3.4899999999999998,2.03
P100000120534,steel,2025-04-24,3,2.7699999999999996,1.16
P100000120534,steel,2025-04-26,1,1.82,1.82
P100000120534,steel,2025-04-28,2,2.14,1.22
P100000120534,steel,2025-04-30,1,2.01,2.01
P100000120534,steel,2025-05-04,2,5.08,2.54
P100000120534,steel,2025-05-05,1,2.71,2.71
P100000120534,steel,2025-05-06,1,2.45,2.45
P100000120534,steel,2025-05-28,2,2.51,1.37
P100000120534,steel,2025-06-05,1,1.65,1.65
P100000120534,steel,2025-06-06,1,1.1,1.1
P100000120534,steel,2025-06-09,1,2.56,2.56
P100000120534,steel,2025-06-12,1,2.94,2.94
P100000120534,steel,2025-06-14,1,1.01,1.01
P100000120534,steel,2025-06-21,1,5.02,5.02
P100000120534,steel,2025-08-30,1,1.05,1.05
P100000120534,steel,2025-09-04,2,1.78,0.89
P100000120534,steel,2025-10-13,1,1.27,1.27
P100000120534,steel,2025-10-17,1,1.15,1.15
P100000120534,steel,2025-10-18,1,1.25,1.25
P100000120534,steel,2025-10-19,1,0.89,0.89
P100000120534,steel,2025-10-21,1,1.35,1.35
P100000120534,steel,2025-10-22,1,0.75,0.75
P100000120534,steel,2025-10-23,1,0.66,0.66
P100000120534,steel,2025-10-24,1,0.79,0.79
P100000120534,steel,2025-10-27,1,0.95,0.95
P100000120534,steel,2025-11-02,2,1.63,0.92
P100000120534,steel,2025-11-05,3,2.08,0.76
P100000120534,steel,2025-11-07,1,0.93,0.93
P100000120534,steel,2025-11-08,1,1.31,1.31
P100000120534,steel,2025-11-10,3,3.59,2.25
P100000120534,steel,2025-11-12,1,1.31,1.31
P100000120534,steel,2025-11-13,2,1.94,1.16
P100000120534,steel,2025-11-16,1,1.81,1.81
P100000120534,steel,2025-11-17,1,1.3,1.3
P100000120534,steel,2025-11-18,3,8.17,3.84
P100000120534,steel,2025-11-19,1,0.55,0.55
P100000120534,steel,2025-11-20,2,1.89,1.14
P100000120534,steel,2025-11-21,1,0.95,0.95
P100000120534,steel,2025-11-22,2,4.28,3.44
P100000120534,steel,2025-11-23,3,5.66,3.87
P100000120534,steel,2025-11-24,1,1.62,1.62
P100000120534,steel,2025-11-25,1,1.15,1.15
P100000120534,steel,2025-11-26,1,1.03,1.03
P100000120534,steel,2025-11-27,3,3.96,1.78
P100000120534,steel,2025-11-28,1,1.28,1.28
P100000120534,steel,2025-11-30,1,1.07,1.07
P100000120534,steel,2025-12-03,1,1.07,1.07
P100000120534,steel,2025-12-04,1,0.91,0.91
P100000120534,steel,2025-12-10,2,4.96,3.27
P100000120534,steel,2025-12-11,3,1.94,1.06
P100000120534,steel,2025-12-14,3,2.47,0.87
P100000120534,steel,2025-12-15,1,0.84,0.84
P100000120534,steel,2025-12-16,1,1.13,1.13
P100000120534,steel,2025-12-18,1,3.05,3.05
P100000120534,steel,2025-12-20,3,3.21,1.22
P100000120534,steel,2025-12-21,2,1.38,0.69
P100000120534,steel,2025-12-22,5,5.62,1.57
P100000120534,steel,2025-12-23,1,0.99,0.99
P100000120534,steel,2025-12-25,1,1.32,1.32
P100000120534,steel,2025-12-26,1,1.07,1.07
P100000120534,steel,2025-12-27,1,0.57,0.57
P100000120534,steel,2025-12-28,1,0.74,0.74
P100000120534,steel,2025-12-30,2,2.08,1.14
P100000120534,steel,2025-12-31,2,1.31,0.74
P100000120535,steel,2025-01-01,1,1.38,1.38
P100000120535,steel,2025-01-03,2,0.97,0.5
P100000120535,steel,2025-01-13,1,1.06,1.06
P100000120535,steel,2025-01-18,2,1.8399999999999999,1.0
P100000120535,steel,2025-01-23,1,1.08,1.08
P100000120535,steel,2025-02-06,2,2.83,1.52
P100000120535,steel,2025-02-08,1,1.42,1.42
P100000120535,steel,2025-02-09,1,1.16,1.16
P100000120535,steel,2025-02-10,1,0.82,0.82
P100000120535,steel,2025-02-12,1,0.72,0.72
P100000120535,steel,2025-02-13,1,1.76,1.76
P100000120535,steel,2025-02-14,1,1.61,1.61
P100000120535,steel,2025-02-15,1,1.45,1.45
P100000120535,steel,2025-02-17,1,1.76,1.76
P100000120535,steel,2025-02-18,1,1.3,1.3
P100000120535,steel,2025-02-19,1,1.21,1.21
P100000120535,steel,2025-02-23,1,1.41,1.41
P100000120535,steel,2025-02-24,2,1.7999999999999998,0.98
P100000120535,steel,2025-02-26,1,0.62,0.62
P100000120535,steel,2025-02-28,1,1.52,1.52
P100000120535,steel,2025-03-01,3,3.72,1.88
P100000120535,steel,2025-03-05,1,0.81,0.81
P100000120535,steel,2025-03-06,1,1.6,1.6
P100000120535,steel,2025-03-08,1,1.21,1.21
P100000120535,steel,2025-03-10,1,0.85,0.85
P100000120535,steel,2025-03-12,1,1.8,1.8
P100000120535,steel,2025-03-16,1,1.41,1.41
P100000120535,steel,2025-03-17,1,1.14,1.14
P100000120535,steel,2025-03-18,1,1.09,1.09
P100000120535,steel,2025-03-23,1,1.02,1.02
P100000120535,steel,2025-03-26,2,1.86,0.93
P100000120535,steel,2025-03-28,1,1.73,1.73
P100000120535,steel,2025-04-01,1,1.77,1.77
P100000120535,steel,2025-04-08,1,1.4,1.4
P100000120535,steel,2025-04-18,1,1.11,1.11
P100000120535,steel,2025-04-19,1,1.45,1.45
P100000120535,steel,2025-05-04,1,2.08,2.08
P100000120535,steel,2025-05-09,1,1.6,1.6
P100000120535,steel,2025-05-13,1,0.66,0.66
P100000120535,steel,2025-05-14,1,1.54,1.54
P100000120535,steel,2025-06-11,2,6.6899999999999995,5.67
P100000120535,steel,2025-07-23,1,1.65,1.65
P100000120535,steel,2025-09-04,1,1.38,1.38
P100000120535,steel,2025-09-06,1,1.47,1.47
P100000120535,steel,2025-09-09,2,2.6,1.3
P100000120535,steel,2025-09-10,1,0.86,0.86
P100000120535,steel,2025-09-30,1,1.43,1.43
P100000120535,steel,2025-10-10,1,1.45,1.45
P100000120535,steel,2025-10-11,1,1.16,1.16
P100000120535,steel,2025-10-12,2,2.3,1.61
P100000120535,steel,2025-10-14,1,1.24,1.24
P100000120535,steel,2025-10-15,1,1.49,1.49
P100000120535,steel,2025-10-17,1,0.57,0.57
P100000120535,steel,2025-10-18,1,0.93,0.93
P100000120535,steel,2025-10-19,1,0.64,0.64
P100000120535,steel,2025-10-20,1,1.97,1.97
P100000120535,steel,2025-10-21,1,1.31,1.31
P100000120535,steel,2025-10-22,3,2.55,1.55
P100000120535,steel,2025-10-27,1,1.42,1.42
P100000120535,steel,2025-11-02,3,2.17,0.98
P100000120535,steel,2025-11-03,1,0.97,0.97
P100000120535,steel,2025-11-07,3,2.09,0.78
P100000120535,steel,2025-11-08,2,2.45,1.33
P100000120535,steel,2025-11-09,1,0.78,0.78
P100000120535,steel,2025-11-10,1,0.88,0.88
P100000120535,steel,2025-11-12,1,0.95,0.95
P100000120535,steel,2025-11-13,1,1.62,1.62
P100000120535,steel,2025-11-17,1,0.93,0.93
P100000120535,steel,2025-11-18,1,0.65,0.65
P100000120535,steel,2025-11-21,1,0.85,0.85
P100000120535,steel,2025-11-23,1,0.7,0.7
P100000120535,steel,2025-11-24,1,0.81,0.81
P100000120535,steel,2025-11-27,1,0.87,0.87
P100000120535,steel,2025-11-28,1,1.51,1.51
P100000120535,steel,2025-11-29,1,1.11,1.11
P100000120535,steel,2025-11-30,1,2.17,2.17
P100000120535,steel,2025-12-03,1,1.2,1.2
P100000120535,steel,2025-12-04,1,1.09,1.09
P100000120535,steel,2025-12-07,1,1.4,1.4
P100000120535,steel,2025-12-09,3,2.4499999999999997,1.26
P100000120535,steel,2025-12-10,1,0.86,0.86
P100000120535,steel,2025-12-11,1,0.49,0.49
P100000120535,steel,2025-12-13,1,1.73,1.73
P100000120535,steel,2025-12-14,1,1.18,1.18
P100000120535,steel,2025-12-15,1,0.65,0.65
P100000120535,steel,2025-12-19,1,0.87,0.87
P100000120535,steel,2025-12-20,1,0.58,0.58
P100000120535,steel,2025-12-21,1,1.36,1.36
P100000120535,steel,2025-12-23,2,2.5,1.34
P100000120535,steel,2025-12-24,1,1.2,1.2
P100000120535,steel,2025-12-25,3,2.03,0.83
P100000120535,steel,2025-12-26,2,2.98,1.58
P100000120535,steel,2025-12-29,2,2.42,1.45
P100000120535,steel,2025-12-30,2,2.02,1.55
P100000120535,steel,2025-12-31,1,1.41,1.41
P100000120536,steel,2025-01-01,2,1.04,0.52
P100000120536,steel,2025-01-02,1,0.79,0.79
P100000120536,steel,2025-01-05,1,1.78,1.78
P100000120536,steel,2025-01-11,1,0.98,0.98
P100000120536,steel,2025-01-18,1,0.97,0.97
P100000120536,steel,2025-01-24,1,2.29,2.29
P100000120536,steel,2025-01-27,1,2.11,2.11
P100000120536,steel,2025-02-01,1,2.59,2.59
P100000120536,steel,2025-02-03,1,1.63,1.63
P100000120536,steel,2025-02-05,1,1.16,1.16
P100000120536,steel,2025-02-08,1,1.02,1.02
P100000120536,steel,2025-02-14,1,0.99,0.99
P100000120536,steel,2025-02-16,1,1.17,1.17
P100000120536,steel,2025-02-19,1,2.3,2.3
P100000120536,steel,2025-02-21,1,1.02,1.02
P100000120536,steel,2025-02-23,1,1.42,1.42
P100000120536,steel,2025-03-01,1,1.09,1.09
P100000120536,steel,2025-03-04,1,1.36,1.36
P100000120536,steel,2025-03-06,1,1.04,1.04
P100000120536,steel,2025-03-10,1,1.59,1.59
P100000120536,steel,2025-03-11,1,1.62,1.62
P100000120536,steel,2025-03-13,1,2.06,2.06
P100000120536,steel,2025-03-17,2,3.19,1.69
P100000120536,steel,2025-03-20,1,1.12,1.12
P100000120536,steel,2025-03-22,1,0.82,0.82
P100000120536,steel,2025-03-27,1,1.57,1.57
P100000120536,steel,2025-04-02,1,2.12,2.12
P100000120536,steel,2025-04-06,1,2.52,2.52
P100000120536,steel,2025-04-07,1,2.46,2.46
P100000120536,steel,2025-04-08,1,2.1,2.1
P100000120536,steel,2025-04-12,1,3.32,3.32
P100000120536,steel,2025-04-14,1,3.32,3.32
P100000120536,steel,2025-04-16,1,2.28,2.28
P100000120536,steel,2025-04-17,1,2.89,2.89
P100000120536,steel,2025-04-24,2,3.8,1.9
P100000120536,steel,2025-04-28,1,1.19,1.19
P100000120536,steel,2025-04-29,1,0.87,0.87
P100000120536,steel,2025-05-04,3,6.41,4.55
P100000120536,steel,2025-05-08,1,1.7,1.7
P100000120536,steel,2025-05-09,2,2.62,1.33
P100000120536,steel,2025-05-10,2,7.26,3.97
P100000120536,steel,2025-06-05,1,2.36,2.36
P100000120536,steel,2025-06-06,1,0.62,0.62
P100000120536,steel,2025-06-15,1,2.38,2.38
P100000120536,steel,2025-07-22,1,1.39,1.39
P100000120536,steel,2025-08-09,1,1.92,1.92
P100000120536,steel,2025-08-14,1,1.32,1.32
P100000120536,steel,2025-09-25,1,1.28,1.28
P100000120536,steel,2025-09-30,1,2.08,2.08
P100000120536,steel,2025-10-15,1,1.36,1.36
P100000120536,steel,2025-10-22,1,1.25,1.25
P100000120536,steel,2025-11-01,1,0.74,0.74
P100000120536,steel,2025-11-10,1,2.73,2.73
P100000120536,steel,2025-11-12,3,2.6799999999999997,1.7
P100000120536,steel,2025-11-17,1,0.92,0.92
P100000120536,steel,2025-11-19,1,2.16,2.16
P100000120536,steel,2025-11-22,1,1.28,1.28
P100000120536,steel,2025-11-23,1,1.7,1.7
P100000120536,steel,2025-11-27,1,1.45,1.45
P100000120536,steel,2025-11-28,1,1.03,1.03
P100000120536,steel,2025-12-02,1,1.45,1.45
P100000120536,steel,2025-12-08,1,1.86,1.86
P100000120536,steel,2025-12-09,3,3.45,1.61
P100000120536,steel,2025-12-10,1,1.91,1.91
P100000120536,steel,2025-12-11,1,1.04,1.04
P100000120536,steel,2025-12-14,2,1.6,0.8
P100000120536,steel,2025-12-18,1,1.51,1.51
P100000120536,steel,2025-12-19,2,1.85,0.94
P100000120536,steel,2025-12-20,1,1.3,1.3
P100000120536,steel,2025-12-24,2,1.54,0.77
P100000120536,steel,2025-12-25,1,1.05,1.05
P100000120536,steel,2025-12-26,2,3.28,2.44
P100000120536,steel,2025-12-27,2,2.6799999999999997,1.43
P100000120536,steel,2025-12-30,1,1.41,1.41
P100000120536,steel,2025-12-31,1,1.63,1.63
P100000120538,steel,2025-03-21,1,8.82,8.82
P100000120538,steel,2025-10-15,1,3.21,3.21
P100000120538,steel,2025-11-14,2,5.74,3.07
P100000120540,steel,2025-01-01,1,0.71,0.71
P100000120540,steel,2025-01-02,1,2.11,2.11
P100000120540,steel,2025-01-03,4,3.23,0.89
P100000120540,steel,2025-01-04,5,6.390000000000001,1.8
P100000120540,steel,2025-01-05,1,2.29,2.29
P100000120540,steel,2025-01-06,2,1.9300000000000002,1.03
P100000120540,steel,2025-01-07,1,4.84,4.84
P100000120540,steel,2025-01-08,1,0.66,0.66
P100000120540,steel,2025-01-10,5,11.93,3.51
P100000120540,steel,2025-01-11,2,1.98,1.23
P100000120540,steel,2025-01-12,1,0.88,0.88
P100000120540,steel,2025-01-13,2,6.04,4.93
P100000120540,steel,2025-01-15,9,14.4,3.07
P100000120540,steel,2025-01-17,1,1.87,1.87
P100000120540,steel,2025-01-18,3,2.73,1.21
P100000120540,steel,2025-01-19,2,2.43,1.53
P100000120540,steel,2025-01-21,2,2.3200000000000003,1.35
P100000120540,steel,2025-01-22,3,8.71,6.91
P100000120540,steel,2025-01-23,1,3.43,3.43
P100000120540,steel,2025-01-24,1,0.92,0.92
P100000120540,steel,2025-01-27,1,2.61,2.61
P100000120540,steel,2025-01-29,3,2.96,1.18
P100000120540,steel,2025-01-30,2,12.71,6.81
P100000120540,steel,2025-02-01,1,6.52,6.52
P100000120540,steel,2025-02-02,2,4.66,3.36
P100000120540,steel,2025-02-03,2,9.91,9.05
P100000120540,steel,2025-02-05,1,1.38,1.38
P100000120540,steel,2025-02-06,2,4.8100000000000005,2.66
P100000120540,steel,2025-02-08,3,22.48,10.71
P100000120540,steel,2025-02-09,2,2.27,1.3
P100000120540,steel,2025-02-10,1,3.64,3.64
P100000120540,steel,2025-02-12,1,0.89,0.89
P100000120540,steel,2025-02-13,1,2.56,2.56
P100000120540,steel,2025-02-14,5,11.34,4.07
P100000120540,steel,2025-02-15,1,1.5,1.5
P100000120540,steel,2025-02-24,2,6.01,5.2
P100000120540,steel,2025-02-25,3,15.9,13.51
P100000120540,steel,2025-02-26,2,1.37,0.77
P100000120540,steel,2025-02-27,3,5.5,2.8
P100000120540,steel,2025-02-28,2,2.5,1.31
P100000120540,steel,2025-03-01,1,1.33,1.33
P100000120540,steel,2025-03-02,3,14.49,12.77
P100000120540,steel,2025-03-03,3,7.25,3.29
P100000120540,steel,2025-03-05,1,2.12,2.12
P100000120540,steel,2025-03-06,2,3.0300000000000002,1.67
P100000120540,steel,2025-03-07,1,1.0,1.0
P100000120540,steel,2025-03-08,3,6.5600000000000005,2.86
P100000120540,steel,2025-03-09,4,5.83,1.59
P100000120540,steel,2025-03-10,1,6.84,6.84
P100000120540,steel,2025-03-11,3,11.52,9.01
P100000120540,steel,2025-03-12,3,11.02,8.17
P100000120540,steel,2025-03-13,2,13.06,6.69
P100000120540,steel,2025-03-14,6,19.08,4.34
P100000120540,steel,2025-03-15,1,1.25,1.25
P100000120540,steel,2025-03-16,1,1.74,1.74
P100000120540,steel,2025-03-17,1,1.54,1.54
P100000120540,steel,2025-03-18,3,3.6799999999999997,1.26
P100000120540,steel,2025-03-20,1,2.38,2.38
P100000120540,steel,2025-03-24,3,4.14,1.66
P100000120540,steel,2025-03-25,2,4.25,2.13
P100000120540,steel,2025-03-26,1,2.67,2.67
P100000120540,steel,2025-03-28,1,1.56,1.56
P100000120540,steel,2025-03-30,1,1.0,1.0
P100000120540,steel,2025-04-01,1,1.85,1.85
P100000120540,steel,2025-04-02,1,3.45,3.45
P100000120540,steel,2025-04-07,2,3.5700000000000003,1.82
P100000120540,steel,2025-04-08,3,12.96,10.72
P100000120540,steel,2025-04-11,2,2.62,1.34
P100000120540,steel,2025-04-24,2,12.67,8.18
P100000120540,steel,2025-05-04,2,3.2300000000000004,1.62
P100000120540,steel,2025-05-05,1,8.07,8.07
P100000120540,steel,2025-05-07,1,6.6,6.6
P100000120540,steel,2025-05-09,1,5.43,5.43
P100000120540,steel,2025-05-10,1,2.71,2.71
P100000120540,steel,2025-05-11,4,16.22,4.96
P100000120540,steel,2025-05-15,1,8.91,8.91
P100000120540,steel,2025-05-20,1,0.4,0.4
P100000120540,steel,2025-05-26,1,1.17,1.17
P100000120540,steel,2025-06-05,1,2.85,2.85
P100000120540,steel,2025-06-12,4,5.87,1.81
P100000120540,steel,2025-07-20,1,1.41,1.41
P100000120540,steel,2025-07-21,3,4.53,1.83
P100000120540,steel,2025-08-04,1,2.46,2.46
P100000120540,steel,2025-08-15,1,0.84,0.84
P100000120540,steel,2025-08-16,1,1.02,1.02
P100000120540,steel,2025-08-26,2,2.19,1.68
P100000120540,steel,2025-08-31,1,0.19,0.19
P100000120540,steel,2025-09-06,3,1.12,0.64
P100000120540,steel,2025-09-07,1,0.58,0.58
P100000120540,steel,2025-09-08,5,9.75,2.61
P100000120540,steel,2025-09-09,2,3.98,2.4
P100000120540,steel,2025-09-25,2,4.16,2.25
P100000120540,steel,2025-09-29,1,2.13,2.13
P100000120540,steel,2025-10-04,1,1.36,1.36
P100000120540,steel,2025-10-08,2,1.53,0.79
P100000120540,steel,2025-10-11,1,1.09,1.09
P100000120540,steel,2025-10-12,1,1.15,1.15
P100000120540,steel,2025-10-13,2,2.99,1.71
P100000120540,steel,2025-10-15,2,3.1100000000000003,1.56
P100000120540,steel,2025-10-17,1,0.93,0.93
P100000120540,steel,2025-10-18,1,0.93,0.93
P100000120540,steel,2025-10-21,4,4.01,1.51
P100000120540,steel,2025-10-22,1,0.55,0.55
P100000120540,steel,2025-10-23,1,1.21,1.21
P100000120540,steel,2025-10-24,3,2.75,1.66
P100000120540,steel,2025-10-25,1,1.49,1.49
P100000120540,steel,2025-10-26,1,1.01,1.01
P100000120540,steel,2025-11-02,1,0.93,0.93
P100000120540,steel,2025-11-04,2,1.69,1.12
P100000120540,steel,2025-11-06,2,2.8,1.53
P100000120540,steel,2025-11-07,1,1.14,1.14
P100000120540,steel,2025-11-08,4,5.33,1.63
P100000120540,steel,2025-11-09,4,3.33,0.96
P100000120540,steel,2025-11-13,5,14.8,5.99
P100000120540,steel,2025-11-14,2,2.46,1.39
P100000120540,steel,2025-11-15,1,1.02,1.02
P100000120540,steel,2025-11-16,1,1.07,1.07
P100000120540,steel,2025-11-17,2,3.3,1.84
P100000120540,steel,2025-11-18,1,0.7,0.7
P100000120540,steel,2025-11-19,2,2.49,1.29
P100000120540,steel,2025-11-20,1,1.13,1.13
P100000120540,steel,2025-11-21,2,1.49,0.8
P100000120540,steel,2025-11-23,4,7.54,4.78
P100000120540,steel,2025-11-24,2,6.0,3.04
P100000120540,steel,2025-11-25,1,0.9,0.9
P100000120540,steel,2025-11-26,3,4.32,1.85
P100000120540,steel,2025-11-27,6,46.25,16.68
P100000120540,steel,2025-11-28,2,1.84,1.3
P100000120540,steel,2025-11-29,1,1.23,1.23
P100000120540,steel,2025-12-03,3,3.48,1.39
P100000120540,steel,2025-12-04,5,8.4,4.91
P100000120540,steel,2025-12-05,3,5.1,3.17
P100000120540,steel,2025-12-07,5,14.73,5.37
P100000120540,steel,2025-12-08,1,4.07,4.07
P100000120540,steel,2025-12-09,5,10.47,3.35
P100000120540,steel,2025-12-10,5,6.9,1.75
P100000120540,steel,2025-12-11,4,10.15,7.52
P100000120540,steel,2025-12-12,5,6.17,1.58
P100000120540,steel,2025-12-13,1,1.02,1.02
P100000120540,steel,2025-12-14,5,9.77,6.87
P100000120540,steel,2025-12-15,2,3.54,2.66
P100000120540,steel,2025-12-16,2,2.41,1.23
P100000120540,steel,2025-12-17,2,2.34,1.43
P100000120540,steel,2025-12-18,2,5.1000000000000005,4.24
P100000120540,steel,2025-12-19,1,7.46,7.46
P100000120540,steel,2025-12-20,3,5.45,3.55
P100000120540,steel,2025-12-21,4,10.629999999999999,5.38
P100000120540,steel,2025-12-22,5,4.74,1.31
P100000120540,steel,2025-12-23,5,11.9,5.55
P100000120540,steel,2025-12-24,3,9.66,8.34
P100000120540,steel,2025-12-25,4,3.49,1.68
P100000120540,steel,2025-12-26,5,7.359999999999999,1.9
P100000120540,steel,2025-12-27,1,1.5,1.5
P100000120540,steel,2025-12-28,3,4.71,1.7
P100000120540,steel,2025-12-29,1,0.77,0.77
P100000120540,steel,2025-12-30,1,8.1,8.1
P100000120540,steel,2025-12-31,4,9.41,3.31
P100000120541,steel,2025-01-05,1,0.75,0.75
P100000120541,steel,2025-01-09,1,0.79,0.79
P100000120541,steel,2025-01-26,1,1.91,1.91
P100000120541,steel,2025-02-04,1,1.15,1.15
P100000120541,steel,2025-02-05,1,0.84,0.84
P100000120541,steel,2025-02-10,1,0.81,0.81
P100000120541,steel,2025-02-28,1,1.01,1.01
P100000120541,steel,2025-03-03,1,1.06,1.06
P100000120541,steel,2025-03-04,1,0.98,0.98
P100000120541,steel,2025-03-25,1,0.91,0.91
P100000120541,steel,2025-04-16,1,1.94,1.94
P100000120541,steel,2025-05-01,1,0.58,0.58
P100000120541,steel,2025-06-07,1,6.18,6.18
P100000120541,steel,2025-09-02,1,0.8,0.8
P100000120541,steel,2025-09-22,1,0.75,0.75
P100000120541,steel,2025-10-04,1,0.9,0.9
P100000120541,steel,2025-11-06,1,0.78,0.78
P100000120541,steel,2025-11-17,1,1.15,1.15
P100000120541,steel,2025-12-16,1,0.92,0.92
P100000120543,steel,2025-01-01,1,2.23,2.23
P100000120543,steel,2025-01-02,3,15.11,5.72
P100000120543,steel,2025-01-03,3,8.65,3.73
P100000120543,steel,2025-01-04,2,1.8900000000000001,1.22
P100000120543,steel,2025-01-05,2,2.33,1.29
P100000120543,steel,2025-01-06,3,9.02,5.59
P100000120543,steel,2025-01-07,2,2.9,1.63
P100000120543,steel,2025-01-08,1,0.89,0.89
P100000120543,steel,2025-01-09,3,5.83,2.14
P100000120543,steel,2025-01-10,1,3.95,3.95
P100000120543,steel,2025-01-11,3,9.09,3.63
P100000120543,steel,2025-01-12,3,7.55,3.15
P100000120543,steel,2025-01-13,2,4.34,2.17
P100000120543,steel,2025-01-14,2,3.59,2.17
P100000120543,steel,2025-01-15,2,3.14,1.57
P100000120543,steel,2025-01-16,1,1.93,1.93
P100000120543,steel,2025-01-17,2,8.28,4.27
P100000120543,steel,2025-01-18,2,7.699999999999999,4.06
P100000120543,steel,2025-01-19,2,7.4,3.92
P100000120543,steel,2025-01-21,2,3.46,2.03
P100000120543,steel,2025-01-22,2,4.95,2.75
P100000120543,steel,2025-01-23,2,9.26,5.21
P100000120543,steel,2025-01-24,1,2.08,2.08
P100000120543,steel,2025-01-27,2,1.86,0.93
P100000120543,steel,2025-01-28,1,0.98,0.98
P100000120543,steel,2025-01-29,2,2.41,1.39
P100000120543,steel,2025-01-30,1,1.74,1.74
P100000120543,steel,2025-01-31,2,4.470000000000001,2.24
P100000120543,steel,2025-02-02,3,5.87,3.11
P100000120543,steel,2025-02-03,1,2.01,2.01
P100000120543,steel,2025-02-05,1,1.68,1.68
P100000120543,steel,2025-02-06,1,1.35,1.35
P100000120543,steel,2025-02-07,1,2.1,2.1
P100000120543,steel,2025-02-08,3,7.24,2.73
P100000120543,steel,2025-02-09,3,6.91,3.39
P100000120543,steel,2025-02-10,1,3.91,3.91
P100000120543,steel,2025-02-11,3,5.22,2.21
P100000120543,steel,2025-02-12,2,4.94,2.47
P100000120543,steel,2025-02-13,4,10.69,3.41
P100000120543,steel,2025-02-14,3,8.99,4.9
P100000120543,steel,2025-02-15,1,2.11,2.11
P100000120543,steel,2025-02-16,2,4.78,2.81
P100000120543,steel,2025-02-18,4,9.71,3.35
P100000120543,steel,2025-02-19,1,1.64,1.64
P100000120543,steel,2025-02-20,1,1.68,1.68
P100000120543,steel,2025-02-21,1,1.11,1.11
P100000120543,steel,2025-02-24,3,6.57,2.21
P100000120543,steel,2025-02-25,1,3.03,3.03
P100000120543,steel,2025-02-26,2,2.38,1.19
P100000120543,steel,2025-02-27,1,1.34,1.34
P100000120543,steel,2025-02-28,1,2.34,2.34
P100000120543,steel,2025-03-01,2,5.300000000000001,3.08
P100000120543,steel,2025-03-02,2,12.239999999999998,7.1
P100000120543,steel,2025-03-03,1,3.08,3.08
P100000120543,steel,2025-03-06,3,11.55,7.62
P100000120543,steel,2025-03-07,1,3.75,3.75
P100000120543,steel,2025-03-08,2,8.08,5.42
P100000120543,steel,2025-03-09,2,3.6399999999999997,2.07
P100000120543,steel,2025-03-10,2,2.21,1.23
P100000120543,steel,2025-03-11,4,16.5,9.24
P100000120543,steel,2025-03-12,2,7.31,5.22
P100000120543,steel,2025-03-13,2,9.26,7.21
P100000120543,steel,2025-03-14,1,3.85,3.85
P100000120543,steel,2025-03-15,4,6.36,1.9
P100000120543,steel,2025-03-16,2,9.17,6.13
P100000120543,steel,2025-03-17,3,7.41,3.75
P100000120543,steel,2025-03-18,2,9.79,5.22
P100000120543,steel,2025-03-19,3,7.430000000000001,2.95
P100000120543,steel,2025-03-20,1,1.18,1.18
P100000120543,steel,2025-03-22,2,2.16,1.08
P100000120543,steel,2025-03-23,2,4.4,2.2
P100000120543,steel,2025-03-24,2,3.2,1.87
P100000120543,steel,2025-03-26,2,3.58,2.35
P100000120543,steel,2025-03-27,2,11.6,8.26
P100000120543,steel,2025-03-28,2,10.15,7.32
P100000120543,steel,2025-03-29,1,4.25,4.25
P100000120543,steel,2025-04-01,1,2.36,2.36
P100000120543,steel,2025-04-02,3,6.21,3.09
P100000120543,steel,2025-04-05,1,2.49,2.49
P100000120543,steel,2025-04-07,3,7.890000000000001,4.28
P100000120543,steel,2025-04-08,3,11.8,3.98
P100000120543,steel,2025-04-09,3,14.14,5.46
P100000120543,steel,2025-04-12,1,4.85,4.85
P100000120543,steel,2025-04-13,1,3.36,3.36
P100000120543,steel,2025-04-14,4,11.17,6.17
P100000120543,steel,2025-04-16,1,2.44,2.44
P100000120543,steel,2025-04-17,1,1.79,1.79
P100000120543,steel,2025-04-18,2,8.27,4.21
P100000120543,steel,2025-04-19,1,4.78,4.78
P100000120543,steel,2025-04-20,1,4.08,4.08
P100000120543,steel,2025-04-22,2,14.64,8.02
P100000120543,steel,2025-04-23,2,10.91,9.09
P100000120543,steel,2025-04-24,1,5.15,5.15
P100000120543,steel,2025-04-25,2,6.09,3.83
P100000120543,steel,2025-04-27,1,1.1,1.1
P100000120543,steel,2025-04-30,1,2.8,2.8
P100000120543,steel,2025-05-02,3,4.67,2.01
P100000120543,steel,2025-05-04,1,1.03,1.03
P100000120543,steel,2025-05-05,2,7.63,6.8
P100000120543,steel,2025-05-07,1,2.59,2.59
P100000120543,steel,2025-05-08,1,1.73,1.73
P100000120543,steel,2025-05-09,1,3.39,3.39
P100000120543,steel,2025-05-10,3,16.07,7.84
P100000120543,steel,2025-05-11,2,7.819999999999999,4.52
P100000120543,steel,2025-05-14,1,11.24,11.24
P100000120543,steel,2025-05-15,1,5.44,5.44
P100000120543,steel,2025-05-19,1,1.89,1.89
P100000120543,steel,2025-05-25,1,2.74,2.74
P100000120543,steel,2025-06-01,1,3.74,3.74
P100000120543,steel,2025-06-04,1,3.02,3.02
P100000120543,steel,2025-06-05,2,4.46,2.23
P100000120543,steel,2025-06-06,3,5.1,1.7
P100000120543,steel,2025-06-09,1,3.59,3.59
P100000120543,steel,2025-06-10,2,7.58,4.97
P100000120543,steel,2025-06-12,2,8.8,4.83
P100000120543,steel,2025-06-14,1,1.33,1.33
P100000120543,steel,2025-07-12,1,1.09,1.09
P100000120543,steel,2025-07-16,1,1.28,1.28
P100000120543,steel,2025-07-20,1,1.11,1.11
P100000120543,steel,2025-07-22,1,1.38,1.38
P100000120543,steel,2025-07-23,3,5.25,3.81
P100000120543,steel,2025-08-03,2,1.84,0.92
P100000120543,steel,2025-08-04,3,15.34,7.84
P100000120543,steel,2025-08-10,1,1.38,1.38
P100000120543,steel,2025-08-15,3,2.4000000000000004,0.8
P100000120543,steel,2025-08-16,1,1.01,1.01
P100000120543,steel,2025-09-06,1,4.12,4.12
P100000120543,steel,2025-09-08,1,1.8,1.8
P100000120543,steel,2025-09-09,2,4.5,2.41
P100000120543,steel,2025-09-14,1,0.65,0.65
P100000120543,steel,2025-09-18,1,1.32,1.32
P100000120543,steel,2025-09-19,1,0.97,0.97
P100000120543,steel,2025-09-20,1,6.79,6.79
P100000120543,steel,2025-09-24,2,3.64,1.86
P100000120543,steel,2025-09-25,1,2.25,2.25
P100000120543,steel,2025-09-29,1,2.3,2.3
P100000120543,steel,2025-09-30,2,8.709999999999999,4.89
P100000120543,steel,2025-10-04,1,0.88,0.88
P100000120543,steel,2025-10-06,1,8.21,8.21
P100000120543,steel,2025-10-08,1,10.63,10.63
P100000120543,steel,2025-10-11,1,4.11,4.11
P100000120543,steel,2025-10-12,3,7.65,5.37
P100000120543,steel,2025-10-13,3,7.0200000000000005,3.95
P100000120543,steel,2025-10-15,1,3.33,3.33
P100000120543,steel,2025-10-16,2,6.62,4.29
P100000120543,steel,2025-10-17,2,7.300000000000001,5.07
P100000120543,steel,2025-10-18,1,2.73,2.73
P100000120543,steel,2025-10-21,2,8.459999999999999,6.31
P100000120543,steel,2025-10-22,3,5.64,3.32
P100000120543,steel,2025-10-23,2,7.89,5.93
P100000120543,steel,2025-10-24,2,3.6799999999999997,2.03
P100000120543,steel,2025-10-25,1,1.49,1.49
P100000120543,steel,2025-10-26,2,4.07,2.3
P100000120543,steel,2025-10-27,2,8.280000000000001,6.78
P100000120543,steel,2025-10-30,2,2.56,1.62
P100000120543,steel,2025-10-31,1,1.76,1.76
P100000120543,steel,2025-11-01,1,2.47,2.47
P100000120543,steel,2025-11-02,2,2.78,1.39
P100000120543,steel,2025-11-03,2,6.73,3.6
P100000120543,steel,2025-11-04,2,2.94,1.47
P100000120543,steel,2025-11-05,3,3.52,1.7
P100000120543,steel,2025-11-06,1,1.82,1.82
P100000120543,steel,2025-11-07,3,9.99,4.04
P100000120543,steel,2025-11-08,1,4.3,4.3
P100000120543,steel,2025-11-10,2,3.8600000000000003,2.12
P100000120543,steel,2025-11-12,1,2.68,2.68
P100000120543,steel,2025-11-13,2,9.16,4.58
P100000120543,steel,2025-11-14,3,5.47,2.01
P100000120543,steel,2025-11-15,1,1.95,1.95
P100000120543,steel,2025-11-17,1,3.05,3.05
P100000120543,steel,2025-11-18,2,2.52,1.47
P100000120543,steel,2025-11-19,3,4.8100000000000005,1.61
P100000120543,steel,2025-11-20,2,2.84,1.42
P100000120543,steel,2025-11-23,2,3.1900000000000004,2.08
P100000120543,steel,2025-11-24,3,4.63,2.23
P100000120543,steel,2025-11-25,2,4.2,2.37
P100000120543,steel,2025-11-27,1,4.34,4.34
P100000120543,steel,2025-11-28,2,5.18,2.77
P100000120543,steel,2025-11-29,3,6.83,2.56
P100000120543,steel,2025-11-30,2,4.09,2.26
P100000120543,steel,2025-12-02,4,19.35,8.0
P100000120543,steel,2025-12-03,1,1.53,1.53
P100000120543,steel,2025-12-04,3,6.9,2.33
P100000120543,steel,2025-12-05,2,7.21,4.47
P100000120543,steel,2025-12-06,5,5.87,1.73
P100000120543,steel,2025-12-07,1,1.77,1.77
P100000120543,steel,2025-12-08,1,3.65,3.65
P100000120543,steel,2025-12-09,2,3.9800000000000004,2.87
P100000120543,steel,2025-12-10,3,7.68,4.06
P100000120543,steel,2025-12-11,1,2.54,2.54
P100000120543,steel,2025-12-12,2,2.84,1.62
P100000120543,steel,2025-12-13,2,5.36,2.72
P100000120543,steel,2025-12-14,3,8.05,4.86
P100000120543,steel,2025-12-15,2,6.0600000000000005,3.44
P100000120543,steel,2025-12-16,2,6.2,3.16
P100000120543,steel,2025-12-17,1,2.88,2.88
P100000120543,steel,2025-12-18,1,2.17,2.17
P100000120543,steel,2025-12-20,4,4.84,2.45
P100000120543,steel,2025-12-21,3,7.66,3.24
P100000120543,steel,2025-12-22,1,1.67,1.67
P100000120543,steel,2025-12-23,1,1.44,1.44
P100000120543,steel,2025-12-24,1,1.94,1.94
P100000120543,steel,2025-12-25,3,12.629999999999999,8.12
P100000120543,steel,2025-12-26,2,6.7,4.28
P100000120543,steel,2025-12-27,2,5.0600000000000005,2.77
P100000120543,steel,2025-12-28,2,3.2800000000000002,1.87
P100000120543,steel,2025-12-29,2,4.74,3.34
P100000120543,steel,2025-12-30,2,1.82,0.91
P100000120543,steel,2025-12-31,2,6.3,3.48
P100000120544,steel,2025-01-07,1,1.16,1.16
P100000120544,steel,2025-01-13,2,1.5699999999999998,1.13
P100000120544,steel,2025-01-23,1,1.24,1.24
P100000120544,steel,2025-01-25,1,0.85,0.85
P100000120544,steel,2025-01-26,1,1.11,1.11
P100000120544,steel,2025-01-28,2,2.19,1.2
P100000120544,steel,2025-01-30,1,1.43,1.43
P100000120544,steel,2025-02-06,1,0.8,0.8
P100000120544,steel,2025-02-07,1,1.0,1.0
P100000120544,steel,2025-02-11,1,0.87,0.87
P100000120544,steel,2025-02-12,1,1.4,1.4
P100000120544,steel,2025-02-15,1,1.26,1.26
P100000120544,steel,2025-02-16,2,1.93,1.24
P100000120544,steel,2025-02-18,1,0.84,0.84
P100000120544,steel,2025-02-20,1,1.08,1.08
P100000120544,steel,2025-02-21,2,1.3,0.75
P100000120544,steel,2025-03-01,1,0.63,0.63
P100000120544,steel,2025-03-02,1,0.79,0.79
P100000120544,steel,2025-03-06,1,1.06,1.06
P100000120544,steel,2025-03-10,1,0.85,0.85
P100000120544,steel,2025-03-11,1,0.89,0.89
P100000120544,steel,2025-03-15,1,0.9,0.9
P100000120544,steel,2025-03-16,1,2.95,2.95
P100000120544,steel,2025-03-17,1,0.6,0.6
P100000120544,steel,2025-03-19,1,0.75,0.75
P100000120544,steel,2025-03-20,1,0.99,0.99
P100000120544,steel,2025-03-22,1,1.64,1.64
P100000120544,steel,2025-03-25,1,0.81,0.81
P100000120544,steel,2025-03-26,1,0.87,0.87
P100000120544,steel,2025-03-28,2,1.73,0.88
P100000120544,steel,2025-03-30,1,0.88,0.88
P100000120544,steel,2025-03-31,1,0.63,0.63
P100000120544,steel,2025-04-02,1,0.72,0.72
P100000120544,steel,2025-04-04,1,0.97,0.97
P100000120544,steel,2025-04-06,2,3.5700000000000003,2.31
P100000120544,steel,2025-04-15,1,2.59,2.59
P100000120544,steel,2025-04-16,1,0.89,0.89
P100000120544,steel,2025-04-19,2,1.0699999999999998,0.57
P100000120544,steel,2025-04-22,1,2.32,2.32
P100000120544,steel,2025-05-05,1,0.86,0.86
P100000120544,steel,2025-05-06,1,0.58,0.58
P100000120544,steel,2025-05-13,1,1.05,1.05
P100000120544,steel,2025-05-20,1,1.51,1.51
P100000120544,steel,2025-05-23,1,1.3,1.3
P100000120544,steel,2025-05-27,1,2.12,2.12
P100000120544,steel,2025-06-06,1,0.85,0.85
P100000120544,steel,2025-06-18,1,1.21,1.21
P100000120544,steel,2025-06-19,1,0.57,0.57
P100000120544,steel,2025-06-26,1,3.94,3.94
P100000120544,steel,2025-07-20,1,2.32,2.32
P100000120544,steel,2025-08-03,1,1.45,1.45
P100000120544,steel,2025-08-05,1,0.77,0.77
P100000120544,steel,2025-08-10,1,1.27,1.27
P100000120544,steel,2025-08-26,1,1.19,1.19
P100000120544,steel,2025-09-08,1,4.4,4.4
P100000120544,steel,2025-10-03,1,2.12,2.12
P100000120544,steel,2025-10-08,1,0.87,0.87
P100000120544,steel,2025-10-13,1,0.68,0.68
P100000120544,steel,2025-10-14,1,1.41,1.41
P100000120544,steel,2025-10-19,1,0.93,0.93
P100000120544,steel,2025-10-26,2,3.1,1.58
P100000120544,steel,2025-10-27,1,0.85,0.85
P100000120544,steel,2025-10-31,1,1.12,1.12
P100000120544,steel,2025-11-01,1,1.24,1.24
P100000120544,steel,2025-11-04,1,0.86,0.86
P100000120544,steel,2025-11-06,1,0.9,0.9
P100000120544,steel,2025-11-07,1,0.95,0.95
P100000120544,steel,2025-11-10,1,0.7,0.7
P100000120544,steel,2025-11-15,1,0.75,0.75
P100000120544,steel,2025-11-20,1,0.81,0.81
P100000120544,steel,2025-11-21,1,0.63,0.63
P100000120544,steel,2025-11-25,1,0.9,0.9
P100000120544,steel,2025-11-26,1,0.87,0.87
P100000120544,steel,2025-12-04,2,2.29,1.41
P100000120544,steel,2025-12-07,1,1.2,1.2
P100000120544,steel,2025-12-11,1,1.24,1.24
P100000120544,steel,2025-12-15,1,0.83,0.83
P100000120544,steel,2025-12-17,2,0.7,0.35
P100000120544,steel,2025-12-23,1,0.43,0.43
P100000120544,steel,2025-12-27,1,1.04,1.04
P100000120546,steel,2025-01-02,1,0.85,0.85
P100000120546,steel,2025-01-12,1,0.59,0.59
P100000120546,steel,2025-01-18,1,0.66,0.66
P100000120546,steel,2025-02-07,1,0.68,0.68
P100000120546,steel,2025-02-13,2,2.54,1.32
P100000120546,steel,2025-02-14,1,0.67,0.67
P100000120546,steel,2025-02-25,1,1.03,1.03
P100000120546,steel,2025-03-01,1,1.09,1.09
P100000120546,steel,2025-03-07,1,0.64,0.64
P100000120546,steel,2025-03-12,1,1.31,1.31
P100000120546,steel,2025-03-27,1,1.33,1.33
P100000120546,steel,2025-04-08,1,1.09,1.09
P100000120546,steel,2025-04-29,1,1.12,1.12
P100000120546,steel,2025-04-30,2,2.32,1.17
P100000120546,steel,2025-06-11,1,0.48,0.48
P100000120546,steel,2025-07-02,1,2.18,2.18
P100000120546,steel,2025-08-08,1,2.03,2.03
P100000120546,steel,2025-08-25,1,2.0,2.0
P100000120546,steel,2025-09-10,1,1.15,1.15
P100000120546,steel,2025-10-12,1,0.76,0.76
P100000120546,steel,2025-10-13,1,1.83,1.83
P100000120546,steel,2025-10-17,2,1.36,0.68
P100000120546,steel,2025-10-22,1,1.06,1.06
P100000120546,steel,2025-10-23,1,0.94,0.94
P100000120546,steel,2025-11-01,1,0.88,0.88
P100000120546,steel,2025-11-02,1,0.45,0.45
P100000120546,steel,2025-11-07,1,1.32,1.32
P100000120546,steel,2025-11-08,1,0.72,0.72
P100000120546,steel,2025-11-12,2,2.4000000000000004,1.33
P100000120546,steel,2025-11-17,2,2.27,1.42
P100000120546,steel,2025-11-18,1,1.08,1.08
P100000120546,steel,2025-11-21,1,0.78,0.78
P100000120546,steel,2025-11-22,1,1.12,1.12
P100000120546,steel,2025-11-24,1,0.7,0.7
P100000120546,steel,2025-11-28,1,1.28,1.28
P100000120546,steel,2025-11-29,1,0.46,0.46
P100000120546,steel,2025-12-03,3,3.67,1.38
P100000120546,steel,2025-12-04,1,0.39,0.39
P100000120546,steel,2025-12-05,1,0.7,0.7
P100000120546,steel,2025-12-09,1,0.71,0.71
P100000120546,steel,2025-12-10,1,0.75,0.75
P100000120546,steel,2025-12-14,2,1.71,1.29
P100000120546,steel,2025-12-15,1,0.97,0.97
P100000120546,steel,2025-12-19,1,1.0,1.0
P100000120546,steel,2025-12-20,2,0.81,0.51
P100000120546,steel,2025-12-21,2,1.8,1.1
P100000120546,steel,2025-12-22,1,0.57,0.57
P100000120546,steel,2025-12-24,1,1.17,1.17
P100000120546,steel,2025-12-25,2,1.55,1.02
P100000120546,steel,2025-12-26,1,0.55,0.55
P100000120546,steel,2025-12-30,3,2.44,0.84
P100000120546,steel,2025-12-31,2,1.51,0.8
P100000120547,steel,2025-01-01,1,0.63,0.63
P100000120547,steel,2025-01-06,1,0.86,0.86
P100000120547,steel,2025-01-22,1,0.94,0.94
P100000120547,steel,2025-01-28,1,0.79,0.79
P100000120547,steel,2025-02-13,1,0.83,0.83
P100000120547,steel,2025-02-17,1,1.08,1.08
P100000120547,steel,2025-02-21,1,3.05,3.05
P100000120547,steel,2025-03-06,1,0.82,0.82
P100000120547,steel,2025-03-11,1,1.08,1.08
P100000120547,steel,2025-03-27,1,1.68,1.68
P100000120547,steel,2025-09-08,2,3.9699999999999998,2.75
P100000120547,steel,2025-09-14,1,3.96,3.96
P100000120547,steel,2025-09-18,1,0.62,0.62
P100000120547,steel,2025-11-14,1,1.17,1.17
P100000120547,steel,2025-11-17,1,0.92,0.92
P100000120547,steel,2025-11-22,1,1.27,1.27
P100000120547,steel,2025-12-05,1,1.33,1.33
P100000120547,steel,2025-12-07,1,1.76,1.76
P100000120547,steel,2025-12-08,2,1.47,0.86
P100000120547,steel,2025-12-13,1,0.7,0.7
P100000120547,steel,2025-12-14,1,0.59,0.59
P100000120547,steel,2025-12-18,1,1.11,1.11
P100000120547,steel,2025-12-30,1,0.73,0.73
P100000120549,steel,2025-01-11,1,0.55,0.55
P100000120549,steel,2025-01-12,1,0.61,0.61
P100000120549,steel,2025-01-16,1,0.68,0.68
P100000120549,steel,2025-01-21,1,1.09,1.09
P100000120549,steel,2025-01-22,1,0.7,0.7
P100000120549,steel,2025-01-26,1,0.7,0.7
P100000120549,steel,2025-01-27,1,0.95,0.95
P100000120549,steel,2025-02-06,1,0.68,0.68
P100000120549,steel,2025-02-07,1,0.47,0.47
P100000120549,steel,2025-02-11,1,1.06,1.06
P100000120549,steel,2025-02-13,1,0.52,0.52
P100000120549,steel,2025-02-14,1,0.44,0.44
P100000120549,steel,2025-02-16,1,1.27,1.27
P100000120549,steel,2025-03-04,1,0.81,0.81
P100000120549,steel,2025-03-05,1,0.8,0.8
P100000120549,steel,2025-03-10,1,1.31,1.31
P100000120549,steel,2025-03-11,1,0.91,0.91
P100000120549,steel,2025-03-28,1,0.77,0.77
P100000120549,steel,2025-04-16,1,0.99,0.99
P100000120549,steel,2025-04-28,1,0.37,0.37
P100000120549,steel,2025-06-09,1,1.69,1.69
P100000120549,steel,2025-08-28,1,1.34,1.34
P100000120549,steel,2025-09-29,1,1.1,1.1
P100000120549,steel,2025-10-14,1,0.89,0.89
P100000120549,steel,2025-10-20,1,1.12,1.12
P100000120549,steel,2025-10-22,1,0.65,0.65
P100000120549,steel,2025-11-15,1,0.52,0.52
P100000120549,steel,2025-11-16,1,0.66,0.66
P100000120549,steel,2025-11-21,1,1.28,1.28
P100000120549,steel,2025-11-22,1,0.89,0.89
P100000120549,steel,2025-11-23,1,0.56,0.56
P100000120549,steel,2025-11-26,1,0.61,0.61
P100000120549,steel,2025-11-27,1,0.68,0.68
P100000120549,steel,2025-12-01,1,1.09,1.09
P100000120549,steel,2025-12-04,1,0.41,0.41
P100000120549,steel,2025-12-08,1,0.71,0.71
P100000120549,steel,2025-12-13,1,1.06,1.06
P100000120549,steel,2025-12-14,1,0.47,0.47
P100000120549,steel,2025-12-23,1,0.51,0.51
P100000120549,steel,2025-12-24,1,0.74,0.74
P100000120552,steel,2025-01-06,2,2.15,1.42
P100000120552,steel,2025-01-21,1,1.45,1.45
P100000120552,steel,2025-01-27,1,1.16,1.16
P100000120552,steel,2025-01-28,1,1.45,1.45
P100000120552,steel,2025-02-01,1,1.3,1.3
P100000120552,steel,2025-02-07,1,1.54,1.54
P100000120552,steel,2025-02-13,1,1.24,1.24
P100000120552,steel,2025-03-01,1,0.48,0.48
P100000120552,steel,2025-03-07,1,1.09,1.09
P100000120552,steel,2025-03-16,1,1.59,1.59
P100000120552,steel,2025-03-25,1,1.26,1.26
P100000120552,steel,2025-03-26,1,0.92,0.92
P100000120552,steel,2025-03-27,1,1.83,1.83
P100000120552,steel,2025-03-31,2,3.0,2.08
P100000120552,steel,2025-04-01,1,0.94,0.94
P100000120552,steel,2025-04-10,3,1.98,0.84
P100000120552,steel,2025-04-17,1,0.97,0.97
P100000120552,steel,2025-05-08,1,1.75,1.75
P100000120552,steel,2025-05-30,2,2.05,1.07
P100000120552,steel,2025-06-04,1,0.71,0.71
P100000120552,steel,2025-07-16,1,0.41,0.41
P100000120552,steel,2025-08-01,1,0.7,0.7
P100000120552,steel,2025-09-07,1,0.46,0.46
P100000120552,steel,2025-09-24,1,1.32,1.32
P100000120552,steel,2025-10-15,1,0.64,0.64
P100000120552,steel,2025-11-16,1,1.39,1.39
P100000120552,steel,2025-11-21,1,1.29,1.29
P100000120552,steel,2025-11-27,1,1.3,1.3
P100000120552,steel,2025-12-07,1,0.94,0.94
P100000120552,steel,2025-12-12,1,0.86,0.86
P100000120552,steel,2025-12-14,1,1.02,1.02
P100000120552,steel,2025-12-17,1,0.85,0.85
P100000120552,steel,2025-12-23,1,1.13,1.13
P100000120552,steel,2025-12-28,1,0.73,0.73
P100000120552,steel,2025-12-29,1,1.41,1.41
P100000120555,steel,2025-01-01,3,4.83,1.76
P100000120555,steel,2025-01-02,4,9.25,5.37
P100000120555,steel,2025-01-03,1,2.43,2.43
P100000120555,steel,2025-01-04,5,8.08,2.5
P100000120555,steel,2025-01-05,2,4.15,2.74
P100000120555,steel,2025-01-06,2,7.47,6.18
P100000120555,steel,2025-01-07,3,4.38,2.0
P100000120555,steel,2025-01-08,2,6.140000000000001,4.69
P100000120555,steel,2025-01-09,3,7.37,3.91
P100000120555,steel,2025-01-10,3,6.65,2.72
P100000120555,steel,2025-01-12,3,4.84,1.88
P100000120555,steel,2025-01-13,3,7.470000000000001,3.72
P100000120555,steel,2025-01-14,3,9.47,5.53
P100000120555,steel,2025-01-15,4,6.99,2.22
P100000120555,steel,2025-01-16,4,4.46,1.7
P100000120555,steel,2025-01-17,2,3.19,1.97
P100000120555,steel,2025-01-18,5,12.4,6.74
P100000120555,steel,2025-01-19,3,7.8,2.86
P100000120555,steel,2025-01-20,1,2.57,2.57
P100000120555,steel,2025-01-21,2,3.74,2.13
P100000120555,steel,2025-01-22,2,4.279999999999999,3.26
P100000120555,steel,2025-01-25,1,2.37,2.37
P100000120555,steel,2025-01-26,2,4.58,2.33
P100000120555,steel,2025-01-27,1,0.76,0.76
P100000120555,steel,2025-01-28,1,0.86,0.86
P100000120555,steel,2025-01-29,1,1.67,1.67
P100000120555,steel,2025-01-30,2,5.15,3.91
P100000120555,steel,2025-02-01,1,1.8,1.8
P100000120555,steel,2025-02-03,5,10.43,5.19
P100000120555,steel,2025-02-04,2,4.18,2.31
P100000120555,steel,2025-02-05,3,7.06,4.13
P100000120555,steel,2025-02-06,1,1.47,1.47
P100000120555,steel,2025-02-07,2,6.52,3.33
P100000120555,steel,2025-02-08,5,17.91,5.65
P100000120555,steel,2025-02-11,3,7.95,3.48
P100000120555,steel,2025-02-13,5,15.0,4.85
P100000120555,steel,2025-02-14,3,11.73,8.11
P100000120555,steel,2025-02-15,4,11.22,6.28
P100000120555,steel,2025-02-16,1,5.4,5.4
P100000120555,steel,2025-02-17,4,5.28,1.77
P100000120555,steel,2025-02-18,2,3.8,2.34
P100000120555,steel,2025-02-19,1,3.86,3.86
P100000120555,steel,2025-02-21,4,6.43,2.59
P100000120555,steel,2025-02-24,2,4.12,2.57
P100000120555,steel,2025-02-25,3,5.87,2.49
P100000120555,steel,2025-02-26,4,11.8,4.63
P100000120555,steel,2025-02-27,3,4.54,1.86
P100000120555,steel,2025-02-28,2,8.07,5.94
P100000120555,steel,2025-03-01,4,11.32,4.78
P100000120555,steel,2025-03-02,5,11.379999999999999,5.35
P100000120555,steel,2025-03-03,3,4.81,2.76
P100000120555,steel,2025-03-04,3,4.17,1.72
P100000120555,steel,2025-03-05,2,1.7999999999999998,1.2
P100000120555,steel,2025-03-06,2,3.1399999999999997,2.28
P100000120555,steel,2025-03-07,4,6.23,3.52
P100000120555,steel,2025-03-08,3,4.18,1.64
P100000120555,steel,2025-03-09,5,6.92,2.06
P100000120555,steel,2025-03-10,2,3.5199999999999996,1.89
P100000120555,steel,2025-03-11,2,3.24,1.62
P100000120555,steel,2025-03-12,2,5.800000000000001,3.93
P100000120555,steel,2025-03-13,1,1.92,1.92
P100000120555,steel,2025-03-14,2,5.25,2.74
P100000120555,steel,2025-03-15,4,7.2,2.25
P100000120555,steel,2025-03-16,2,2.42,1.8
P100000120555,steel,2025-03-17,1,3.88,3.88
P100000120555,steel,2025-03-18,3,7.33,3.43
P100000120555,steel,2025-03-19,2,2.4,1.2
P100000120555,steel,2025-03-23,6,12.65,5.95
P100000120555,steel,2025-03-24,3,10.540000000000001,6.95
P100000120555,steel,2025-03-25,3,6.25,3.52
P100000120555,steel,2025-03-26,1,1.47,1.47
P100000120555,steel,2025-03-28,3,6.52,2.29
P100000120555,steel,2025-03-29,2,6.880000000000001,4.86
P100000120555,steel,2025-03-30,2,7.24,3.97
P100000120555,steel,2025-03-31,5,6.71,1.7
P100000120555,steel,2025-04-01,2,10.75,7.64
P100000120555,steel,2025-04-03,2,16.490000000000002,9.66
P100000120555,steel,2025-04-04,2,3.56,2.14
P100000120555,steel,2025-04-05,5,15.12,6.56
P100000120555,steel,2025-04-06,1,1.89,1.89
P100000120555,steel,2025-04-07,2,5.12,3.37
P100000120555,steel,2025-04-08,2,5.7,4.0
P100000120555,steel,2025-04-09,3,5.52,2.5
P100000120555,steel,2025-04-10,1,5.73,5.73
P100000120555,steel,2025-04-12,1,4.34,4.34
P100000120555,steel,2025-04-13,3,16.04,6.07
P100000120555,steel,2025-04-14,1,7.81,7.81
P100000120555,steel,2025-04-16,5,9.57,2.49
P100000120555,steel,2025-04-17,2,3.44,1.72
P100000120555,steel,2025-04-18,4,6.01,3.11
P100000120555,steel,2025-04-19,2,7.35,3.88
P100000120555,steel,2025-04-21,2,4.01,2.21
P100000120555,steel,2025-04-22,1,2.24,2.24
P100000120555,steel,2025-04-23,1,2.52,2.52
P100000120555,steel,2025-04-24,5,18.400000000000002,5.66
P100000120555,steel,2025-04-25,2,4.81,3.53
P100000120555,steel,2025-04-26,1,4.12,4.12
P100000120555,steel,2025-04-27,1,1.14,1.14
P100000120555,steel,2025-04-28,2,3.48,1.74
P100000120555,steel,2025-04-29,2,2.6399999999999997,1.7
P100000120555,steel,2025-04-30,3,5.85,2.11
P100000120555,steel,2025-05-01,3,8.379999999999999,4.68
P100000120555,steel,2025-05-02,4,7.52,3.05
P100000120555,steel,2025-05-04,4,8.69,2.99
P100000120555,steel,2025-05-05,1,6.4,6.4
P100000120555,steel,2025-05-06,2,4.55,2.61
P100000120555,steel,2025-05-07,2,3.83,2.49
P100000120555,steel,2025-05-08,1,0.37,0.37
P100000120555,steel,2025-05-09,1,5.92,5.92
P100000120555,steel,2025-05-10,6,20.12,5.36
P100000120555,steel,2025-05-11,1,8.07,8.07
P100000120555,steel,2025-05-13,1,2.89,2.89
P100000120555,steel,2025-05-14,1,2.49,2.49
P100000120555,steel,2025-05-16,1,7.08,7.08
P100000120555,steel,2025-05-20,1,6.89,6.89
P100000120555,steel,2025-05-26,3,6.79,2.84
P100000120555,steel,2025-06-01,1,6.56,6.56
P100000120555,steel,2025-06-03,2,4.92,2.46
P100000120555,steel,2025-06-06,1,6.25,6.25
P100000120555,steel,2025-06-07,2,4.2,2.1
P100000120555,steel,2025-06-08,1,2.14,2.14
P100000120555,steel,2025-06-09,1,0.94,0.94
P100000120555,steel,2025-06-11,2,3.52,2.4
P100000120555,steel,2025-06-12,2,4.17,2.5
P100000120555,steel,2025-06-13,2,3.05,1.99
P100000120555,steel,2025-06-14,1,1.58,1.58
P100000120555,steel,2025-06-27,3,4.63,1.78
P100000120555,steel,2025-07-02,1,4.34,4.34
P100000120555,steel,2025-07-03,2,4.79,3.23
P100000120555,steel,2025-07-09,3,5.1,2.87
P100000120555,steel,2025-07-16,1,1.92,1.92
P100000120555,steel,2025-07-19,3,3.13,1.26
P100000120555,steel,2025-07-20,1,1.16,1.16
P100000120555,steel,2025-07-23,3,10.29,3.85
P100000120555,steel,2025-08-02,1,3.08,3.08
P100000120555,steel,2025-08-04,2,7.99,4.15
P100000120555,steel,2025-08-08,3,9.2,4.0
P100000120555,steel,2025-08-10,1,5.65,5.65
P100000120555,steel,2025-08-14,3,4.57,1.91
P100000120555,steel,2025-08-17,1,0.77,0.77
P100000120555,steel,2025-08-18,3,5.96,3.06
P100000120555,steel,2025-08-19,3,8.469999999999999,4.35
P100000120555,steel,2025-08-25,5,18.419999999999998,9.52
P100000120555,steel,2025-08-26,2,7.71,6.33
P100000120555,steel,2025-08-28,3,3.24,1.09
P100000120555,steel,2025-08-30,2,3.61,2.07
P100000120555,steel,2025-08-31,2,3.28,1.64
P100000120555,steel,2025-09-03,1,1.6,1.6
P100000120555,steel,2025-09-05,3,6.3,2.75
P100000120555,steel,2025-09-06,2,6.0600000000000005,3.1
P100000120555,steel,2025-09-07,4,7.47,2.47
P100000120555,steel,2025-09-08,2,4.71,2.56
P100000120555,steel,2025-09-09,5,13.85,4.14
P100000120555,steel,2025-09-10,3,7.12,2.79
P100000120555,steel,2025-09-12,1,1.25,1.25
P100000120555,steel,2025-09-13,2,1.72,0.86
P100000120555,steel,2025-09-14,2,5.859999999999999,3.5
P100000120555,steel,2025-09-19,2,1.77,1.23
P100000120555,steel,2025-09-21,1,7.67,7.67
P100000120555,steel,2025-09-23,3,5.449999999999999,2.17
P100000120555,steel,2025-09-24,3,7.98,2.72
P100000120555,steel,2025-09-25,2,6.9799999999999995,6.18
P100000120555,steel,2025-09-26,2,1.38,0.69
P100000120555,steel,2025-09-27,3,7.55,3.11
P100000120555,steel,2025-09-28,4,7.9,3.03
P100000120555,steel,2025-09-30,2,4.9,2.76
P100000120555,steel,2025-10-02,2,6.42,3.96
P100000120555,steel,2025-10-08,5,11.370000000000001,4.86
P100000120555,steel,2025-10-09,1,1.46,1.46
P100000120555,steel,2025-10-10,1,2.98,2.98
P100000120555,steel,2025-10-11,3,4.78,1.83
P100000120555,steel,2025-10-12,5,12.83,6.97
P100000120555,steel,2025-10-13,3,5.34,1.89
P100000120555,steel,2025-10-14,3,5.77,3.12
P100000120555,steel,2025-10-15,5,6.42,1.86
P100000120555,steel,2025-10-16,2,6.09,4.5
P100000120555,steel,2025-10-17,4,11.46,4.47
P100000120555,steel,2025-10-18,3,15.379999999999999,9.01
P100000120555,steel,2025-10-20,2,3.56,1.78
P100000120555,steel,2025-10-21,1,2.21,2.21
P100000120555,steel,2025-10-22,3,8.82,5.61
P100000120555,steel,2025-10-23,4,13.55,7.91
P100000120555,steel,2025-10-24,3,6.52,2.36
P100000120555,steel,2025-10-25,1,1.89,1.89
P100000120555,steel,2025-10-26,1,3.47,3.47
P100000120555,steel,2025-10-30,3,4.47,1.96
P100000120555,steel,2025-11-01,2,3.88,2.12
P100000120555,steel,2025-11-02,2,3.5700000000000003,1.83
P100000120555,steel,2025-11-03,5,11.67,3.75
P100000120555,steel,2025-11-04,5,6.8100000000000005,2.46
P100000120555,steel,2025-11-05,1,2.67,2.67
P100000120555,steel,2025-11-06,2,4.99,3.92
P100000120555,steel,2025-11-07,3,8.9,6.16
P100000120555,steel,2025-11-08,3,7.57,3.08
P100000120555,steel,2025-11-09,5,13.620000000000001,4.7
P100000120555,steel,2025-11-10,4,7.49,2.17
P100000120555,steel,2025-11-12,2,2.9,1.74
P100000120555,steel,2025-11-13,3,6.569999999999999,4.06
P100000120555,steel,2025-11-14,2,3.4299999999999997,2.23
P100000120555,steel,2025-11-15,5,11.59,5.4
P100000120555,steel,2025-11-16,3,3.81,1.57
P100000120555,steel,2025-11-18,4,8.09,4.8
P100000120555,steel,2025-11-19,3,6.930000000000001,2.72
P100000120555,steel,2025-11-20,1,2.22,2.22
P100000120555,steel,2025-11-21,3,4.75,2.42
P100000120555,steel,2025-11-22,6,20.47,6.68
P100000120555,steel,2025-11-23,4,6.6899999999999995,2.85
P100000120555,steel,2025-11-24,4,14.76,5.5
P100000120555,steel,2025-11-25,2,2.7199999999999998,1.38
P100000120555,steel,2025-11-26,2,4.75,2.54
P100000120555,steel,2025-11-27,3,12.22,5.62
P100000120555,steel,2025-11-28,4,6.140000000000001,2.49
P100000120555,steel,2025-11-29,4,11.0,7.61
P100000120555,steel,2025-11-30,4,11.8,5.37
P100000120555,steel,2025-12-02,1,1.7,1.7
P100000120555,steel,2025-12-04,3,5.74,2.33
P100000120555,steel,2025-12-05,3,5.050000000000001,1.85
P100000120555,steel,2025-12-06,4,7.16,3.89
P100000120555,steel,2025-12-07,1,1.86,1.86
P100000120555,steel,2025-12-08,1,1.56,1.56
P100000120555,steel,2025-12-09,3,6.2299999999999995,3.26
P100000120555,steel,2025-12-10,5,11.780000000000001,4.98
P100000120555,steel,2025-12-11,4,7.210000000000001,2.18
P100000120555,steel,2025-12-12,2,4.05,2.04
P100000120555,steel,2025-12-13,1,1.94,1.94
P100000120555,steel,2025-12-14,4,7.74,2.92
P100000120555,steel,2025-12-15,4,9.44,5.22
P100000120555,steel,2025-12-16,3,8.35,3.77
P100000120555,steel,2025-12-17,4,6.11,2.52
P100000120555,steel,2025-12-18,4,4.38,1.31
P100000120555,steel,2025-12-19,2,2.07,1.5
P100000120555,steel,2025-12-20,4,6.46,2.27
P100000120555,steel,2025-12-21,3,8.21,3.51
P100000120555,steel,2025-12-22,6,12.08,2.91
P100000120555,steel,2025-12-23,3,6.359999999999999,2.65
P100000120555,steel,2025-12-24,4,7.470000000000001,2.8
P100000120555,steel,2025-12-25,6,10.37,4.18
P100000120555,steel,2025-12-26,5,8.41,3.66
P100000120555,steel,2025-12-27,3,6.58,2.46
P100000120555,steel,2025-12-28,1,1.75,1.75
P100000120555,steel,2025-12-29,3,8.03,3.94
P100000120555,steel,2025-12-30,3,6.46,3.92
P100000120555,steel,2025-12-31,4,4.859999999999999,1.73
P100000120557,steel,2025-01-01,1,1.78,1.78
P100000120557,steel,2025-01-02,3,3.61,1.95
P100000120557,steel,2025-01-03,3,4.8,2.8
P100000120557,steel,2025-01-04,2,3.6999999999999997,2.07
P100000120557,steel,2025-01-05,1,1.58,1.58
P100000120557,steel,2025-01-06,1,2.55,2.55
P100000120557,steel,2025-01-07,1,1.32,1.32
P100000120557,steel,2025-01-09,3,5.48,2.6
P100000120557,steel,2025-01-10,2,4.49,2.52
P100000120557,steel,2025-01-11,1,2.17,2.17
P100000120557,steel,2025-01-12,1,0.95,0.95
P100000120557,steel,2025-01-13,2,2.12,1.06
P100000120557,steel,2025-01-14,1,2.04,2.04
P100000120557,steel,2025-01-17,1,1.9,1.9
P100000120557,steel,2025-01-18,1,2.15,2.15
P100000120557,steel,2025-01-19,2,3.01,2.04
P100000120557,steel,2025-01-20,1,1.64,1.64
P100000120557,steel,2025-01-21,1,2.11,2.11
P100000120557,steel,2025-01-22,2,2.59,1.71
P100000120557,steel,2025-01-23,1,2.78,2.78
P100000120557,steel,2025-01-24,1,2.87,2.87
P100000120557,steel,2025-01-25,2,5.13,2.76
P100000120557,steel,2025-01-26,2,3.73,2.48
P100000120557,steel,2025-01-27,2,2.66,1.7
P100000120557,steel,2025-01-28,1,2.49,2.49
P100000120557,steel,2025-01-29,3,6.29,2.36
P100000120557,steel,2025-01-30,2,5.08,2.73
P100000120557,steel,2025-01-31,1,2.49,2.49
P100000120557,steel,2025-02-01,3,6.67,3.77
P100000120557,steel,2025-02-02,2,3.08,1.54
P100000120557,steel,2025-02-03,2,3.89,2.12
P100000120557,steel,2025-02-04,3,6.08,3.13
P100000120557,steel,2025-02-05,3,8.92,3.57
P100000120557,steel,2025-02-06,1,1.33,1.33
P100000120557,steel,2025-02-07,2,2.96,1.52
P100000120557,steel,2025-02-08,1,2.73,2.73
P100000120557,steel,2025-02-09,3,8.33,3.87
P100000120557,steel,2025-02-10,2,5.39,3.53
P100000120557,steel,2025-02-11,1,1.29,1.29
P100000120557,steel,2025-02-12,1,3.04,3.04
P100000120557,steel,2025-02-13,2,3.16,1.58
P100000120557,steel,2025-02-14,1,4.2,4.2
P100000120557,steel,2025-02-15,3,5.21,2.11
P100000120557,steel,2025-02-16,1,2.43,2.43
P100000120557,steel,2025-02-17,1,2.92,2.92
P100000120557,steel,2025-02-18,2,3.5700000000000003,2.48
P100000120557,steel,2025-02-19,2,2.08,1.46
P100000120557,steel,2025-02-20,2,3.96,2.4
P100000120557,steel,2025-02-21,3,6.47,3.13
P100000120557,steel,2025-02-22,1,1.31,1.31
P100000120557,steel,2025-02-23,1,1.37,1.37
P100000120557,steel,2025-02-24,1,1.31,1.31
P100000120557,steel,2025-02-25,1,2.11,2.11
P100000120557,steel,2025-02-26,1,1.5,1.5
P100000120557,steel,2025-03-01,1,2.37,2.37
P100000120557,steel,2025-03-02,2,4.93,3.08
P100000120557,steel,2025-03-03,2,3.96,2.12
P100000120557,steel,2025-03-05,1,1.62,1.62
P100000120557,steel,2025-03-06,1,2.16,2.16
P100000120557,steel,2025-03-07,1,1.66,1.66
P100000120557,steel,2025-03-10,1,1.79,1.79
P100000120557,steel,2025-03-11,2,2.16,1.08
P100000120557,steel,2025-03-12,1,2.17,2.17
P100000120557,steel,2025-03-14,1,3.11,3.11
P100000120557,steel,2025-03-15,1,2.1,2.1
P100000120557,steel,2025-03-16,1,3.87,3.87
P100000120557,steel,2025-03-18,1,2.81,2.81
P100000120557,steel,2025-03-19,2,3.4899999999999998,2.07
P100000120557,steel,2025-03-23,1,1.35,1.35
P100000120557,steel,2025-03-24,1,1.57,1.57
P100000120557,steel,2025-04-05,1,1.17,1.17
P100000120557,steel,2025-04-07,1,2.14,2.14
P100000120557,steel,2025-04-08,1,1.47,1.47
P100000120557,steel,2025-04-10,1,1.06,1.06
P100000120557,steel,2025-04-13,1,2.15,2.15
P100000120557,steel,2025-04-14,1,2.76,2.76
P100000120557,steel,2025-04-15,1,0.91,0.91
P100000120557,steel,2025-04-18,1,1.75,1.75
P100000120557,steel,2025-04-21,2,4.3,2.32
P100000120557,steel,2025-04-22,1,2.68,2.68
P100000120557,steel,2025-04-23,1,2.16,2.16
P100000120557,steel,2025-04-24,1,2.84,2.84
P100000120557,steel,2025-04-27,1,1.1,1.1
P100000120557,steel,2025-04-28,2,1.5899999999999999,1.02
P100000120557,steel,2025-04-30,1,2.17,2.17
P100000120557,steel,2025-05-03,1,0.78,0.78
P100000120557,steel,2025-05-06,4,11.1,3.77
P100000120557,steel,2025-05-07,1,3.09,3.09
P100000120557,steel,2025-05-08,3,7.84,3.34
P100000120557,steel,2025-05-09,2,3.2800000000000002,2.21
P100000120557,steel,2025-05-10,2,5.5,2.75
P100000120557,steel,2025-05-14,3,7.81,5.09
P100000120557,steel,2025-05-25,1,1.11,1.11
P100000120557,steel,2025-05-31,3,4.83,2.61
P100000120557,steel,2025-06-03,2,3.78,1.89
P100000120557,steel,2025-06-05,1,3.92,3.92
P100000120557,steel,2025-06-07,1,2.95,2.95
P100000120557,steel,2025-06-08,2,5.22,2.61
P100000120557,steel,2025-06-11,1,2.09,2.09
P100000120557,steel,2025-06-12,1,2.28,2.28
P100000120557,steel,2025-06-14,1,1.93,1.93
P100000120557,steel,2025-06-16,1,1.38,1.38
P100000120557,steel,2025-08-02,1,1.85,1.85
P100000120557,steel,2025-08-04,2,2.7600000000000002,1.83
P100000120557,steel,2025-08-05,2,1.71,1.04
P100000120557,steel,2025-08-07,1,2.16,2.16
P100000120557,steel,2025-08-10,1,1.13,1.13
P100000120557,steel,2025-08-11,2,3.5,1.75
P100000120557,steel,2025-08-17,1,0.64,0.64
P100000120557,steel,2025-08-20,2,5.13,3.04
P100000120557,steel,2025-08-25,1,3.09,3.09
P100000120557,steel,2025-08-26,2,6.890000000000001,3.5
P100000120557,steel,2025-08-29,1,0.56,0.56
P100000120557,steel,2025-09-05,1,1.57,1.57
P100000120557,steel,2025-09-06,1,1.17,1.17
P100000120557,steel,2025-09-08,1,1.83,1.83
P100000120557,steel,2025-09-09,1,3.33,3.33
P100000120557,steel,2025-09-13,2,6.51,3.37
P100000120557,steel,2025-09-18,1,1.76,1.76
P100000120557,steel,2025-09-19,1,1.32,1.32
P100000120557,steel,2025-09-21,2,3.44,1.76
P100000120557,steel,2025-09-25,1,1.42,1.42
P100000120557,steel,2025-10-07,1,1.1,1.1
P100000120557,steel,2025-10-10,1,1.13,1.13
P100000120557,steel,2025-10-11,1,1.08,1.08
P100000120557,steel,2025-10-12,1,2.44,2.44
P100000120557,steel,2025-10-13,1,1.91,1.91
P100000120557,steel,2025-10-14,1,1.41,1.41
P100000120557,steel,2025-10-16,1,1.18,1.18
P100000120557,steel,2025-10-17,1,1.82,1.82
P100000120557,steel,2025-10-18,2,1.78,0.89
P100000120557,steel,2025-10-19,2,4.32,2.74
P100000120557,steel,2025-10-20,1,1.78,1.78
P100000120557,steel,2025-10-26,1,0.89,0.89
P100000120557,steel,2025-11-01,1,1.08,1.08
P100000120557,steel,2025-11-02,2,3.46,1.81
P100000120557,steel,2025-11-03,1,2.88,2.88
P100000120557,steel,2025-11-04,5,8.15,2.61
P100000120557,steel,2025-11-05,1,2.26,2.26
P100000120557,steel,2025-11-06,1,2.05,2.05
P100000120557,steel,2025-11-07,1,2.67,2.67
P100000120557,steel,2025-11-08,2,5.44,3.64
P100000120557,steel,2025-11-09,3,7.470000000000001,3.41
P100000120557,steel,2025-11-10,1,3.65,3.65
P100000120557,steel,2025-11-12,2,3.17,2.36
P100000120557,steel,2025-11-13,3,7.35,4.09
P100000120557,steel,2025-11-14,2,4.970000000000001,2.6
P100000120557,steel,2025-11-15,3,3.05,1.51
P100000120557,steel,2025-11-16,1,2.22,2.22
P100000120557,steel,2025-11-17,2,2.99,2.1
P100000120557,steel,2025-11-18,1,3.27,3.27
P100000120557,steel,2025-11-19,1,2.62,2.62
P100000120557,steel,2025-11-20,2,5.1899999999999995,3.53
P100000120557,steel,2025-11-21,1,2.58,2.58
P100000120557,steel,2025-11-22,1,1.45,1.45
P100000120557,steel,2025-11-23,2,3.38,1.69
P100000120557,steel,2025-11-24,2,6.130000000000001,3.49
P100000120557,steel,2025-11-25,4,7.91,3.36
P100000120557,steel,2025-11-26,3,5.039999999999999,2.76
P100000120557,steel,2025-11-27,4,5.51,2.05
P100000120557,steel,2025-11-28,2,3.4299999999999997,2.48
P100000120557,steel,2025-11-29,2,2.61,1.47
P100000120557,steel,2025-12-01,1,1.76,1.76
P100000120557,steel,2025-12-02,2,4.28,3.04
P100000120557,steel,2025-12-03,2,2.74,1.37
P100000120557,steel,2025-12-04,2,3.0300000000000002,1.61
P100000120557,steel,2025-12-05,3,4.4,2.08
P100000120557,steel,2025-12-06,3,3.09,1.27
P100000120557,steel,2025-12-07,2,4.35,2.42
P100000120557,steel,2025-12-08,3,3.3899999999999997,1.13
P100000120557,steel,2025-12-09,2,4.77,2.59
P100000120557,steel,2025-12-10,2,3.8999999999999995,2.51
P100000120557,steel,2025-12-11,3,8.719999999999999,3.15
P100000120557,steel,2025-12-12,2,3.16,1.58
P100000120557,steel,2025-12-13,2,2.34,1.17
P100000120557,steel,2025-12-14,2,3.15,1.76
P100000120557,steel,2025-12-15,2,3.68,1.84
P100000120557,steel,2025-12-16,1,1.59,1.59
P100000120557,steel,2025-12-17,2,2.26,1.13
P100000120557,steel,2025-12-18,1,2.33,2.33
P100000120557,steel,2025-12-19,3,3.6799999999999997,1.26
P100000120557,steel,2025-12-20,1,2.7,2.7
P100000120557,steel,2025-12-21,2,2.74,1.37
P100000120557,steel,2025-12-22,4,7.59,2.71
P100000120557,steel,2025-12-23,1,2.22,2.22
P100000120557,steel,2025-12-24,2,2.42,1.21
P100000120557,steel,2025-12-25,1,2.78,2.78
P100000120557,steel,2025-12-26,1,2.18,2.18
P100000120557,steel,2025-12-27,2,4.8,2.71
P100000120557,steel,2025-12-28,1,2.91,2.91
P100000120557,steel,2025-12-29,1,1.79,1.79
P100000120557,steel,2025-12-30,1,1.55,1.55
P100000120557,steel,2025-12-31,2,3.28,1.64
P100000120558,steel,2025-01-01,2,1.7999999999999998,1.14
P100000120558,steel,2025-01-02,3,3.69,1.27
P100000120558,steel,2025-01-03,1,1.33,1.33
P100000120558,steel,2025-01-04,2,3.74,2.17
P100000120558,steel,2025-01-05,3,9.79,4.55
P100000120558,steel,2025-01-06,2,2.75,1.78
P100000120558,steel,2025-01-07,2,2.37,1.36
P100000120558,steel,2025-01-08,1,2.13,2.13
P100000120558,steel,2025-01-09,1,1.59,1.59
P100000120558,steel,2025-01-10,1,4.19,4.19
P100000120558,steel,2025-01-11,1,1.77,1.77
P100000120558,steel,2025-01-12,2,2.25,1.35
P100000120558,steel,2025-01-13,1,1.33,1.33
P100000120558,steel,2025-01-14,1,1.12,1.12
P100000120558,steel,2025-01-17,2,1.4,1.02
P100000120558,steel,2025-01-18,1,1.74,1.74
P100000120558,steel,2025-01-19,1,2.01,2.01
P100000120558,steel,2025-01-20,1,3.39,3.39
P100000120558,steel,2025-01-21,2,7.64,5.97
P100000120558,steel,2025-01-22,1,1.28,1.28
P100000120558,steel,2025-01-23,1,1.48,1.48
P100000120558,steel,2025-01-25,4,7.9399999999999995,2.36
P100000120558,steel,2025-01-26,1,0.94,0.94
P100000120558,steel,2025-01-28,1,1.53,1.53
P100000120558,steel,2025-01-30,1,1.26,1.26
P100000120558,steel,2025-01-31,2,3.66,2.48
P100000120558,steel,2025-02-01,1,1.29,1.29
P100000120558,steel,2025-02-02,1,1.2,1.2
P100000120558,steel,2025-02-03,1,2.56,2.56
P100000120558,steel,2025-02-04,1,0.98,0.98
P100000120558,steel,2025-02-05,1,0.77,0.77
P100000120558,steel,2025-02-06,2,2.7,1.35
P100000120558,steel,2025-02-07,3,5.92,3.48
P100000120558,steel,2025-02-09,2,3.84,2.03
P100000120558,steel,2025-02-10,2,4.279999999999999,2.63
P100000120558,steel,2025-02-11,1,3.28,3.28
P100000120558,steel,2025-02-12,1,1.98,1.98
P100000120558,steel,2025-02-13,2,1.24,0.62
P100000120558,steel,2025-02-15,2,2.91,1.71
P100000120558,steel,2025-02-16,3,3.5999999999999996,1.21
P100000120558,steel,2025-02-17,2,2.26,1.13
P100000120558,steel,2025-02-18,1,1.57,1.57
P100000120558,steel,2025-02-19,1,1.6,1.6
P100000120558,steel,2025-02-20,1,0.78,0.78
P100000120558,steel,2025-02-21,2,2.66,1.52
P100000120558,steel,2025-02-22,1,1.56,1.56
P100000120558,steel,2025-02-23,1,0.88,0.88
P100000120558,steel,2025-02-24,1,1.4,1.4
P100000120558,steel,2025-02-26,1,1.45,1.45
P100000120558,steel,2025-02-27,1,1.33,1.33
P100000120558,steel,2025-02-28,1,1.68,1.68
P100000120558,steel,2025-03-01,1,0.72,0.72
P100000120558,steel,2025-03-02,1,2.5,2.5
P100000120558,steel,2025-03-03,1,1.58,1.58
P100000120558,steel,2025-03-04,1,1.51,1.51
P100000120558,steel,2025-03-05,1,0.91,0.91
P100000120558,steel,2025-03-06,1,2.26,2.26
P100000120558,steel,2025-03-07,1,1.56,1.56
P100000120558,steel,2025-03-08,1,1.02,1.02
P100000120558,steel,2025-03-09,4,13.45,6.75
P100000120558,steel,2025-03-10,1,1.71,1.71
P100000120558,steel,2025-03-11,1,1.54,1.54
P100000120558,steel,2025-03-12,1,2.9,2.9
P100000120558,steel,2025-03-13,1,3.7,3.7
P100000120558,steel,2025-03-14,2,4.93,3.08
P100000120558,steel,2025-03-16,1,1.57,1.57
P100000120558,steel,2025-03-17,1,1.74,1.74
P100000120558,steel,2025-03-18,1,0.98,0.98
P100000120558,steel,2025-03-19,1,1.61,1.61
P100000120558,steel,2025-03-21,2,4.78,3.31
P100000120558,steel,2025-03-23,1,1.57,1.57
P100000120558,steel,2025-03-25,1,1.54,1.54
P100000120558,steel,2025-03-26,1,2.21,2.21
P100000120558,steel,2025-03-27,1,1.56,1.56
P100000120558,steel,2025-03-28,1,1.81,1.81
P100000120558,steel,2025-03-30,2,2.75,1.84
P100000120558,steel,2025-03-31,1,3.34,3.34
P100000120558,steel,2025-04-04,1,1.62,1.62
P100000120558,steel,2025-04-05,1,2.01,2.01
P100000120558,steel,2025-04-06,1,1.42,1.42
P100000120558,steel,2025-04-07,2,2.0999999999999996,1.14
P100000120558,steel,2025-04-08,1,2.77,2.77
P100000120558,steel,2025-04-10,1,1.21,1.21
P100000120558,steel,2025-04-12,2,2.2300000000000004,1.12
P100000120558,steel,2025-04-14,1,0.79,0.79
P100000120558,steel,2025-04-15,2,2.71,1.39
P100000120558,steel,2025-04-16,1,2.47,2.47
P100000120558,steel,2025-04-18,1,1.8,1.8
P100000120558,steel,2025-04-22,1,2.38,2.38
P100000120558,steel,2025-04-23,1,2.11,2.11
P100000120558,steel,2025-04-25,1,1.52,1.52
P100000120558,steel,2025-04-27,3,4.37,2.37
P100000120558,steel,2025-04-28,1,1.14,1.14
P100000120558,steel,2025-04-29,1,1.74,1.74
P100000120558,steel,2025-05-01,3,4.21,1.84
P100000120558,steel,2025-05-02,1,1.41,1.41
P100000120558,steel,2025-05-04,2,3.83,2.28
P100000120558,steel,2025-05-06,2,3.48,2.21
P100000120558,steel,2025-05-07,1,1.89,1.89
P100000120558,steel,2025-05-09,1,3.6,3.6
P100000120558,steel,2025-05-12,2,6.52,3.68
P100000120558,steel,2025-05-13,1,9.55,9.55
P100000120558,steel,2025-05-14,2,4.3100000000000005,2.18
P100000120558,steel,2025-05-25,1,1.72,1.72
P100000120558,steel,2025-05-29,1,0.83,0.83
P100000120558,steel,2025-06-03,1,3.52,3.52
P100000120558,steel,2025-06-05,1,1.03,1.03
P100000120558,steel,2025-06-06,1,2.06,2.06
P100000120558,steel,2025-06-08,1,3.41,3.41
P100000120558,steel,2025-06-10,1,1.41,1.41
P100000120558,steel,2025-06-12,1,2.05,2.05
P100000120558,steel,2025-06-13,2,9.21,6.54
P100000120558,steel,2025-06-14,2,4.41,2.65
P100000120558,steel,2025-07-12,1,2.58,2.58
P100000120558,steel,2025-07-21,1,2.58,2.58
P100000120558,steel,2025-07-22,1,3.16,3.16
P100000120558,steel,2025-08-11,2,4.29,2.32
P100000120558,steel,2025-08-14,1,0.57,0.57
P100000120558,steel,2025-08-16,1,1.12,1.12
P100000120558,steel,2025-08-25,1,1.34,1.34
P100000120558,steel,2025-08-30,1,3.97,3.97
P100000120558,steel,2025-09-05,1,1.31,1.31
P100000120558,steel,2025-09-08,1,1.45,1.45
P100000120558,steel,2025-09-13,1,1.28,1.28
P100000120558,steel,2025-09-25,1,0.38,0.38
P100000120558,steel,2025-09-29,1,2.71,2.71
P100000120558,steel,2025-09-30,1,2.36,2.36
P100000120558,steel,2025-10-01,1,0.77,0.77
P100000120558,steel,2025-10-05,1,0.86,0.86
P100000120558,steel,2025-10-11,1,0.46,0.46
P100000120558,steel,2025-10-12,1,0.73,0.73
P100000120558,steel,2025-10-13,1,0.89,0.89
P100000120558,steel,2025-10-14,1,0.45,0.45
P100000120558,steel,2025-10-19,1,1.4,1.4
P100000120558,steel,2025-10-20,1,2.18,2.18
P100000120558,steel,2025-10-21,1,1.03,1.03
P100000120558,steel,2025-10-22,3,6.17,3.28
P100000120558,steel,2025-10-23,2,7.85,5.87
P100000120558,steel,2025-10-24,1,0.89,0.89
P100000120558,steel,2025-10-26,1,1.37,1.37
P100000120558,steel,2025-10-29,2,3.35,2.14
P100000120558,steel,2025-10-31,1,0.9,0.9
P100000120558,steel,2025-11-02,1,1.13,1.13
P100000120558,steel,2025-11-04,2,4.18,2.09
P100000120558,steel,2025-11-06,2,5.45,4.38
P100000120558,steel,2025-11-08,1,1.4,1.4
P100000120558,steel,2025-11-09,2,4.21,2.33
P100000120558,steel,2025-11-10,1,1.77,1.77
P100000120558,steel,2025-11-12,1,1.17,1.17
P100000120558,steel,2025-11-13,1,0.99,0.99
P100000120558,steel,2025-11-14,3,4.109999999999999,1.49
P100000120558,steel,2025-11-15,1,1.84,1.84
P100000120558,steel,2025-11-16,1,2.08,2.08
P100000120558,steel,2025-11-17,1,1.69,1.69
P100000120558,steel,2025-11-18,1,2.6,2.6
P100000120558,steel,2025-11-19,1,2.19,2.19
P100000120558,steel,2025-11-20,3,6.62,2.81
P100000120558,steel,2025-11-21,2,1.8,0.9
P100000120558,steel,2025-11-22,2,3.14,1.57
P100000120558,steel,2025-11-24,1,1.89,1.89
P100000120558,steel,2025-11-25,1,0.95,0.95
P100000120558,steel,2025-11-27,1,2.41,2.41
P100000120558,steel,2025-11-28,1,1.85,1.85
P100000120558,steel,2025-12-01,2,2.29,1.15
P100000120558,steel,2025-12-03,1,1.91,1.91
P100000120558,steel,2025-12-04,1,0.85,0.85
P100000120558,steel,2025-12-05,2,1.98,1.01
P100000120558,steel,2025-12-06,1,0.93,0.93
P100000120558,steel,2025-12-07,1,1.36,1.36
P100000120558,steel,2025-12-08,1,1.2,1.2
P100000120558,steel,2025-12-09,1,1.58,1.58
P100000120558,steel,2025-12-10,1,1.12,1.12
P100000120558,steel,2025-12-11,2,2.74,1.59
P100000120558,steel,2025-12-12,3,4.140000000000001,2.06
P100000120558,steel,2025-12-13,1,1.19,1.19
P100000120558,steel,2025-12-14,1,1.16,1.16
P100000120558,steel,2025-12-15,1,1.14,1.14
P100000120558,steel,2025-12-16,1,1.33,1.33
P100000120558,steel,2025-12-17,1,2.67,2.67
P100000120558,steel,2025-12-18,1,2.0,2.0
P100000120558,steel,2025-12-19,1,0.81,0.81
P100000120558,steel,2025-12-20,1,1.51,1.51
P100000120558,steel,2025-12-21,1,0.86,0.86
P100000120558,steel,2025-12-22,3,4.0,1.7
P100000120558,steel,2025-12-23,1,1.84,1.84
P100000120558,steel,2025-12-24,1,1.65,1.65
P100000120558,steel,2025-12-25,3,5.82,2.73
P100000120558,steel,2025-12-26,1,1.43,1.43
P100000120558,steel,2025-12-27,1,2.07,2.07
P100000120558,steel,2025-12-28,1,1.78,1.78
P100000120558,steel,2025-12-29,2,2.3899999999999997,1.22
P100000120558,steel,2025-12-30,1,1.61,1.61
P100000120558,steel,2025-12-31,1,1.84,1.84
P100000120560,steel,2025-01-02,2,2.03,1.45
P100000120560,steel,2025-01-08,1,1.32,1.32
P100000120560,steel,2025-01-12,1,1.2,1.2
P100000120560,steel,2025-01-13,1,1.17,1.17
P100000120560,steel,2025-01-14,1,1.87,1.87
P100000120560,steel,2025-01-18,1,1.31,1.31
P100000120560,steel,2025-01-23,1,1.14,1.14
P100000120560,steel,2025-01-28,1,1.4,1.4
P100000120560,steel,2025-02-01,1,0.94,0.94
P100000120560,steel,2025-02-02,1,1.41,1.41
P100000120560,steel,2025-02-03,1,1.5,1.5
P100000120560,steel,2025-02-07,2,1.14,0.57
P100000120560,steel,2025-02-08,2,1.58,0.79
P100000120560,steel,2025-02-14,2,2.93,1.58
P100000120560,steel,2025-02-20,2,2.1100000000000003,1.06
P100000120560,steel,2025-02-21,1,0.88,0.88
P100000120560,steel,2025-03-03,1,1.4,1.4
P100000120560,steel,2025-03-12,1,3.95,3.95
P100000120560,steel,2025-03-13,1,2.52,2.52
P100000120560,steel,2025-03-17,1,1.24,1.24
P100000120560,steel,2025-03-18,1,1.32,1.32
P100000120560,steel,2025-03-19,1,1.27,1.27
P100000120560,steel,2025-03-22,1,3.5,3.5
P100000120560,steel,2025-03-23,1,1.16,1.16
P100000120560,steel,2025-03-24,1,2.18,2.18
P100000120560,steel,2025-03-26,2,2.9299999999999997,1.95
P100000120560,steel,2025-03-29,1,2.27,2.27
P100000120560,steel,2025-04-08,1,1.53,1.53
P100000120560,steel,2025-04-24,1,5.1,5.1
P100000120560,steel,2025-04-26,1,0.9,0.9
P100000120560,steel,2025-04-30,2,2.86,1.71
P100000120560,steel,2025-05-10,1,1.45,1.45
P100000120560,steel,2025-06-05,1,1.95,1.95
P100000120560,steel,2025-06-10,1,4.67,4.67
P100000120560,steel,2025-06-11,1,0.98,0.98
P100000120560,steel,2025-06-25,1,1.28,1.28
P100000120560,steel,2025-08-14,1,2.95,2.95
P100000120560,steel,2025-08-19,1,0.89,0.89
P100000120560,steel,2025-09-05,1,1.79,1.79
P100000120560,steel,2025-09-09,1,1.86,1.86
P100000120560,steel,2025-09-23,1,1.25,1.25
P100000120560,steel,2025-09-26,1,0.47,0.47
P100000120560,steel,2025-09-28,2,3.5700000000000003,1.83
P100000120560,steel,2025-09-29,1,1.42,1.42
P100000120560,steel,2025-10-06,1,1.42,1.42
P100000120560,steel,2025-10-09,1,0.71,0.71
P100000120560,steel,2025-10-11,4,5.03,2.82
P100000120560,steel,2025-10-12,1,2.64,2.64
P100000120560,steel,2025-10-16,1,1.54,1.54
P100000120560,steel,2025-10-17,1,1.49,1.49
P100000120560,steel,2025-10-19,1,1.45,1.45
P100000120560,steel,2025-10-20,1,1.08,1.08
P100000120560,steel,2025-10-24,1,1.39,1.39
P100000120560,steel,2025-10-27,2,4.91,3.4
P100000120560,steel,2025-11-01,1,2.02,2.02
P100000120560,steel,2025-11-02,2,1.22,0.73
P100000120560,steel,2025-11-06,1,2.26,2.26
P100000120560,steel,2025-11-08,1,1.52,1.52
P100000120560,steel,2025-11-09,1,2.02,2.02
P100000120560,steel,2025-11-13,1,0.88,0.88
P100000120560,steel,2025-11-16,1,0.68,0.68
P100000120560,steel,2025-11-17,1,1.49,1.49
P100000120560,steel,2025-11-22,1,1.95,1.95
P100000120560,steel,2025-11-24,2,4.77,3.35
P100000120560,steel,2025-12-03,1,0.87,0.87
P100000120560,steel,2025-12-04,1,0.99,0.99
P100000120560,steel,2025-12-07,1,0.88,0.88
P100000120560,steel,2025-12-08,1,0.82,0.82
P100000120560,steel,2025-12-09,1,1.04,1.04
P100000120560,steel,2025-12-10,1,0.77,0.77
P100000120560,steel,2025-12-15,1,2.2,2.2
P100000120560,steel,2025-12-16,1,1.0,1.0
P100000120560,steel,2025-12-18,1,0.96,0.96
P100000120560,steel,2025-12-21,1,0.82,0.82
P100000120560,steel,2025-12-26,2,1.81,1.02
P100000120560,steel,2025-12-27,1,1.4,1.4
P100000120560,steel,2025-12-30,1,1.12,1.12
P100000120560,steel,2025-12-31,3,2.2800000000000002,0.84
P100000120562,steel,2025-01-01,1,0.55,0.55
P100000120562,steel,2025-01-02,1,0.27,0.27
P100000120562,steel,2025-01-17,1,0.48,0.48
P100000120562,steel,2025-01-18,1,0.58,0.58
P100000120562,steel,2025-01-21,1,0.37,0.37
P100000120562,steel,2025-01-24,1,0.64,0.64
P100000120562,steel,2025-01-28,1,0.56,0.56
P100000120562,steel,2025-02-06,1,0.42,0.42
P100000120562,steel,2025-02-08,1,0.45,0.45
P100000120562,steel,2025-03-23,1,0.36,0.36
P100000120562,steel,2025-04-08,1,1.12,1.12
P100000120562,steel,2025-04-17,1,1.48,1.48
P100000120562,steel,2025-05-01,1,0.42,0.42
P100000120562,steel,2025-11-09,1,0.29,0.29
P100000120562,steel,2025-12-09,1,0.4,0.4
P100000120562,steel,2025-12-13,1,0.56,0.56
P100000120562,steel,2025-12-14,1,0.43,0.43
P100000120562,steel,2025-12-19,1,0.51,0.51
P100000120562,steel,2025-12-20,1,0.47,0.47
P100000120562,steel,2025-12-27,1,0.4,0.4
P100000120562,steel,2025-12-29,1,0.52,0.52
P100000120562,steel,2025-12-30,1,0.52,0.52
P100000120563,steel,2025-03-16,1,0.81,0.81
P100000120563,steel,2025-03-17,1,0.5,0.5
P100000120563,steel,2025-03-26,1,1.03,1.03
P100000120563,steel,2025-03-27,1,1.12,1.12
P100000120563,steel,2025-03-30,1,0.88,0.88
P100000120563,steel,2025-04-04,1,0.59,0.59
P100000120563,steel,2025-04-09,1,0.9,0.9
P100000120563,steel,2025-04-11,1,0.81,0.81
P100000120563,steel,2025-04-16,1,0.82,0.82
P100000120563,steel,2025-05-02,1,0.71,0.71
P100000120563,steel,2025-05-04,1,0.82,0.82
P100000120563,steel,2025-05-15,1,0.24,0.24
P100000120563,steel,2025-06-02,1,0.76,0.76
P100000120563,steel,2025-09-18,1,0.69,0.69
P100000120563,steel,2025-09-20,1,0.52,0.52
P100000120563,steel,2025-09-25,1,0.39,0.39
P100000120563,steel,2025-09-28,1,0.46,0.46
P100000120563,steel,2025-10-08,2,1.1600000000000001,0.66
P100000120563,steel,2025-11-05,1,0.69,0.69
P100000120563,steel,2025-11-18,1,0.54,0.54
P100000120563,steel,2025-11-25,1,0.34,0.34
P100000120563,steel,2025-12-03,1,0.61,0.61
P100000120563,steel,2025-12-10,1,0.73,0.73
P100000120563,steel,2025-12-26,1,0.67,0.67
P100000120563,steel,2025-12-29,1,0.88,0.88
P100000120564,steel,2025-01-03,1,0.5,0.5
P100000120564,steel,2025-01-09,1,0.41,0.41
P100000120564,steel,2025-01-18,1,0.52,0.52
P100000120564,steel,2025-01-19,1,0.6,0.6
P100000120564,steel,2025-01-24,1,0.94,0.94
P100000120564,steel,2025-02-03,2,1.12,0.56
P100000120564,steel,2025-02-09,2,2.01,1.29
P100000120564,steel,2025-02-12,2,1.46,0.85
P100000120564,steel,2025-02-13,1,1.92,1.92
P100000120564,steel,2025-02-14,1,0.62,0.62
P100000120564,steel,2025-02-18,1,1.64,1.64
P100000120564,steel,2025-02-19,1,0.55,0.55
P100000120564,steel,2025-02-23,1,1.03,1.03
P100000120564,steel,2025-02-24,1,0.81,0.81
P100000120564,steel,2025-02-27,1,0.85,0.85
P100000120564,steel,2025-02-28,2,1.92,1.0
P100000120564,steel,2025-03-01,2,1.0899999999999999,0.7
P100000120564,steel,2025-03-07,1,0.42,0.42
P100000120564,steel,2025-03-18,1,0.46,0.46
P100000120564,steel,2025-04-19,1,1.26,1.26
P100000120564,steel,2025-04-23,1,1.24,1.24
P100000120564,steel,2025-04-30,2,2.11,1.27
P100000120564,steel,2025-05-26,1,0.69,0.69
P100000120564,steel,2025-11-07,1,0.43,0.43
P100000120564,steel,2025-11-17,1,0.65,0.65
P100000120564,steel,2025-11-25,1,0.71,0.71
P100000120564,steel,2025-12-11,2,1.1,0.57
P100000120566,steel,2025-01-01,1,0.51,0.51
P100000120566,steel,2025-01-02,1,0.86,0.86
P100000120566,steel,2025-01-06,1,0.99,0.99
P100000120566,steel,2025-01-07,1,1.35,1.35
P100000120566,steel,2025-01-08,1,0.76,0.76
P100000120566,steel,2025-01-10,1,0.99,0.99
P100000120566,steel,2025-01-12,2,1.8399999999999999,1.39
P100000120566,steel,2025-01-13,1,1.29,1.29
P100000120566,steel,2025-01-14,1,0.43,0.43
P100000120566,steel,2025-01-16,1,0.69,0.69
P100000120566,steel,2025-01-17,1,0.89,0.89
P100000120566,steel,2025-01-18,1,1.11,1.11
P100000120566,steel,2025-01-22,1,1.44,1.44
P100000120566,steel,2025-01-23,1,1.05,1.05
P100000120566,steel,2025-01-26,1,0.53,0.53
P100000120566,steel,2025-01-27,1,1.01,1.01
P100000120566,steel,2025-01-28,1,1.43,1.43
P100000120566,steel,2025-01-29,2,2.3,1.26
P100000120566,steel,2025-01-31,1,0.47,0.47
P100000120566,steel,2025-02-01,1,1.88,1.88
P100000120566,steel,2025-02-02,2,3.43,1.86
P100000120566,steel,2025-02-03,1,1.28,1.28
P100000120566,steel,2025-02-07,1,1.71,1.71
P100000120566,steel,2025-02-08,2,8.02,6.66
P100000120566,steel,2025-02-09,1,1.25,1.25
P100000120566,steel,2025-02-12,2,3.0,1.82
P100000120566,steel,2025-02-14,1,1.08,1.08
P100000120566,steel,2025-02-15,1,0.66,0.66
P100000120566,steel,2025-02-17,1,1.45,1.45
P100000120566,steel,2025-02-18,1,0.9,0.9
P100000120566,steel,2025-02-19,1,1.66,1.66
P100000120566,steel,2025-02-24,1,1.61,1.61
P100000120566,steel,2025-02-25,2,2.72,1.36
P100000120566,steel,2025-03-01,1,1.17,1.17
P100000120566,steel,2025-03-06,2,2.0700000000000003,1.35
P100000120566,steel,2025-03-07,2,2.7,1.95
P100000120566,steel,2025-03-11,1,0.48,0.48
P100000120566,steel,2025-03-12,2,6.61,4.79
P100000120566,steel,2025-03-16,1,1.36,1.36
P100000120566,steel,2025-03-17,1,2.3,2.3
P100000120566,steel,2025-03-22,2,1.36,0.68
P100000120566,steel,2025-03-23,1,1.56,1.56
P100000120566,steel,2025-03-27,1,1.51,1.51
P100000120566,steel,2025-03-28,1,1.03,1.03
P100000120566,steel,2025-03-29,1,1.08,1.08
P100000120566,steel,2025-03-31,1,1.42,1.42
P100000120566,steel,2025-04-06,1,1.85,1.85
P100000120566,steel,2025-04-07,1,1.77,1.77
P100000120566,steel,2025-04-12,1,0.74,0.74
P100000120566,steel,2025-04-13,2,12.96,10.34
P100000120566,steel,2025-04-18,1,1.48,1.48
P100000120566,steel,2025-04-23,1,4.23,4.23
P100000120566,steel,2025-04-24,1,1.48,1.48
P100000120566,steel,2025-04-28,1,0.76,0.76
P100000120566,steel,2025-04-30,1,1.11,1.11
P100000120566,steel,2025-05-03,1,1.29,1.29
P100000120566,steel,2025-05-04,1,1.75,1.75
P100000120566,steel,2025-05-08,1,1.42,1.42
P100000120566,steel,2025-05-09,1,1.72,1.72
P100000120566,steel,2025-05-14,1,1.27,1.27
P100000120566,steel,2025-05-31,1,0.91,0.91
P100000120566,steel,2025-06-05,2,4.29,2.17
P100000120566,steel,2025-06-06,1,0.94,0.94
P100000120566,steel,2025-06-10,1,1.48,1.48
P100000120566,steel,2025-08-15,1,2.48,2.48
P100000120566,steel,2025-08-24,1,1.27,1.27
P100000120566,steel,2025-09-09,1,3.93,3.93
P100000120566,steel,2025-09-29,1,0.71,0.71
P100000120566,steel,2025-09-30,1,3.45,3.45
P100000120566,steel,2025-10-10,1,1.09,1.09
P100000120566,steel,2025-10-11,2,3.3200000000000003,1.73
P100000120566,steel,2025-10-12,1,1.66,1.66
P100000120566,steel,2025-10-16,1,1.61,1.61
P100000120566,steel,2025-10-17,4,6.029999999999999,2.61
P100000120566,steel,2025-10-20,2,2.48,1.3
P100000120566,steel,2025-10-21,1,1.97,1.97
P100000120566,steel,2025-10-22,2,4.94,3.24
P100000120566,steel,2025-10-23,1,0.71,0.71
P100000120566,steel,2025-10-30,1,0.74,0.74
P100000120566,steel,2025-11-01,1,1.56,1.56
P100000120566,steel,2025-11-02,1,1.43,1.43
P100000120566,steel,2025-11-07,1,1.01,1.01
P100000120566,steel,2025-11-10,2,1.97,1.02
P100000120566,steel,2025-11-12,1,1.32,1.32
P100000120566,steel,2025-11-13,1,1.35,1.35
P100000120566,steel,2025-11-15,1,0.57,0.57
P100000120566,steel,2025-11-17,1,1.68,1.68
P100000120566,steel,2025-11-18,1,1.44,1.44
P100000120566,steel,2025-11-21,1,1.41,1.41
P100000120566,steel,2025-11-22,1,0.72,0.72
P100000120566,steel,2025-11-23,1,1.54,1.54
P100000120566,steel,2025-11-24,1,0.44,0.44
P100000120566,steel,2025-11-26,1,1.0,1.0
P100000120566,steel,2025-11-27,1,1.13,1.13
P100000120566,steel,2025-11-28,2,2.5700000000000003,1.36
P100000120566,steel,2025-11-29,1,1.53,1.53
P100000120566,steel,2025-12-02,1,0.78,0.78
P100000120566,steel,2025-12-03,1,1.0,1.0
P100000120566,steel,2025-12-04,1,0.84,0.84
P100000120566,steel,2025-12-08,1,1.06,1.06
P100000120566,steel,2025-12-09,2,2.13,1.35
P100000120566,steel,2025-12-12,2,4.05,3.33
P100000120566,steel,2025-12-13,1,0.92,0.92
P100000120566,steel,2025-12-14,1,1.19,1.19
P100000120566,steel,2025-12-15,1,0.97,0.97
P100000120566,steel,2025-12-16,1,0.89,0.89
P100000120566,steel,2025-12-18,1,0.8,0.8
P100000120566,steel,2025-12-19,1,1.41,1.41
P100000120566,steel,2025-12-23,1,1.4,1.4
P100000120566,steel,2025-12-24,1,1.2,1.2
P100000120566,steel,2025-12-25,1,1.0,1.0
P100000120566,steel,2025-12-28,1,0.79,0.79
P100000120566,steel,2025-12-29,1,0.89,0.89
P100000120566,steel,2025-12-30,2,1.88,1.28
P100000120566,steel,2025-12-31,1,1.1,1.1
P100000120567,steel,2025-01-01,2,1.7799999999999998,1.21
P100000120567,steel,2025-01-02,2,2.14,1.34
P100000120567,steel,2025-01-03,1,0.7,0.7
P100000120567,steel,2025-01-04,1,1.1,1.1
P100000120567,steel,2025-01-05,1,1.17,1.17
P100000120567,steel,2025-01-06,1,1.07,1.07
P100000120567,steel,2025-01-07,2,1.2400000000000002,0.68
P100000120567,steel,2025-01-08,1,0.98,0.98
P100000120567,steel,2025-01-09,2,1.46,0.73
P100000120567,steel,2025-01-10,1,1.03,1.03
P100000120567,steel,2025-01-11,1,1.5,1.5
P100000120567,steel,2025-01-12,2,1.75,1.24
P100000120567,steel,2025-01-13,1,1.12,1.12
P100000120567,steel,2025-01-14,1,1.05,1.05
P100000120567,steel,2025-01-16,1,0.68,0.68
P100000120567,steel,2025-01-17,2,1.71,0.94
P100000120567,steel,2025-01-18,2,2.0700000000000003,1.37
P100000120567,steel,2025-01-19,2,2.12,1.51
P100000120567,steel,2025-01-20,1,1.33,1.33
P100000120567,steel,2025-01-21,1,1.54,1.54
P100000120567,steel,2025-01-22,1,1.07,1.07
P100000120567,steel,2025-01-23,1,1.2,1.2
P100000120567,steel,2025-01-24,1,1.13,1.13
P100000120567,steel,2025-01-25,2,2.91,1.82
P100000120567,steel,2025-01-26,1,0.62,0.62
P100000120567,steel,2025-01-27,1,0.55,0.55
P100000120567,steel,2025-01-28,1,0.83,0.83
P100000120567,steel,2025-01-29,1,0.85,0.85
P100000120567,steel,2025-01-30,1,1.12,1.12
P100000120567,steel,2025-01-31,2,3.38,1.77
P100000120567,steel,2025-02-01,1,1.57,1.57
P100000120567,steel,2025-02-02,1,1.27,1.27
P100000120567,steel,2025-02-04,1,1.61,1.61
P100000120567,steel,2025-02-06,1,0.61,0.61
P100000120567,steel,2025-02-07,1,1.49,1.49
P100000120567,steel,2025-02-08,3,1.7,0.64
P100000120567,steel,2025-02-09,1,1.72,1.72
P100000120567,steel,2025-02-10,3,4.109999999999999,1.94
P100000120567,steel,2025-02-11,2,1.98,1.16
P100000120567,steel,2025-02-12,1,1.09,1.09
P100000120567,steel,2025-02-13,1,1.41,1.41
P100000120567,steel,2025-02-14,2,6.98,5.46
P100000120567,steel,2025-02-15,2,2.02,1.09
P100000120567,steel,2025-02-16,1,0.88,0.88
P100000120567,steel,2025-02-17,1,1.55,1.55
P100000120567,steel,2025-02-18,1,1.19,1.19
P100000120567,steel,2025-02-19,1,1.62,1.62
P100000120567,steel,2025-02-20,2,2.88,1.44
P100000120567,steel,2025-02-21,1,0.86,0.86
P100000120567,steel,2025-02-22,1,1.92,1.92
P100000120567,steel,2025-02-23,1,1.53,1.53
P100000120567,steel,2025-02-24,1,0.8,0.8
P100000120567,steel,2025-02-26,3,3.19,1.43
P100000120567,steel,2025-02-27,2,1.33,0.75
P100000120567,steel,2025-02-28,1,0.58,0.58
P100000120567,steel,2025-03-01,2,1.81,1.05
P100000120567,steel,2025-03-02,1,1.14,1.14
P100000120567,steel,2025-03-04,1,0.91,0.91
P100000120567,steel,2025-03-05,1,0.9,0.9
P100000120567,steel,2025-03-06,2,1.75,0.92
P100000120567,steel,2025-03-07,1,0.68,0.68
P100000120567,steel,2025-03-09,2,2.74,1.67
P100000120567,steel,2025-03-10,1,1.52,1.52
P100000120567,steel,2025-03-11,1,1.27,1.27
P100000120567,steel,2025-03-12,2,1.95,1.23
P100000120567,steel,2025-03-13,1,1.46,1.46
P100000120567,steel,2025-03-14,2,3.4400000000000004,2.08
P100000120567,steel,2025-03-15,1,1.17,1.17
P100000120567,steel,2025-03-16,2,2.5300000000000002,1.29
P100000120567,steel,2025-03-17,1,0.82,0.82
P100000120567,steel,2025-03-18,1,1.06,1.06
P100000120567,steel,2025-03-19,1,1.63,1.63
P100000120567,steel,2025-03-20,2,1.4700000000000002,0.79
P100000120567,steel,2025-03-22,1,0.81,0.81
P100000120567,steel,2025-03-24,1,1.29,1.29
P100000120567,steel,2025-03-25,1,1.01,1.01
P100000120567,steel,2025-03-26,1,0.98,0.98
P100000120567,steel,2025-03-27,2,2.21,1.39
P100000120567,steel,2025-03-28,2,2.4699999999999998,1.52
P100000120567,steel,2025-03-29,1,1.27,1.27
P100000120567,steel,2025-03-30,3,6.75,2.9
P100000120567,steel,2025-03-31,2,2.49,1.4
P100000120567,steel,2025-04-04,2,2.29,1.39
P100000120567,steel,2025-04-06,1,1.25,1.25
P100000120567,steel,2025-04-07,2,2.05,1.36
P100000120567,steel,2025-04-09,1,1.52,1.52
P100000120567,steel,2025-04-11,1,1.03,1.03
P100000120567,steel,2025-04-12,2,1.5699999999999998,1.0
P100000120567,steel,2025-04-14,1,2.0,2.0
P100000120567,steel,2025-04-15,1,0.86,0.86
P100000120567,steel,2025-04-16,2,2.24,1.22
P100000120567,steel,2025-04-17,1,1.52,1.52
P100000120567,steel,2025-04-18,1,1.34,1.34
P100000120567,steel,2025-04-19,1,1.5,1.5
P100000120567,steel,2025-04-22,1,1.87,1.87
P100000120567,steel,2025-04-23,2,1.73,1.04
P100000120567,steel,2025-04-24,2,3.8899999999999997,2.23
P100000120567,steel,2025-04-25,1,2.42,2.42
P100000120567,steel,2025-04-26,1,1.12,1.12
P100000120567,steel,2025-04-29,2,1.48,1.03
P100000120567,steel,2025-04-30,1,1.19,1.19
P100000120567,steel,2025-05-01,4,5.34,1.78
P100000120567,steel,2025-05-02,1,0.99,0.99
P100000120567,steel,2025-05-03,1,1.71,1.71
P100000120567,steel,2025-05-04,1,1.19,1.19
P100000120567,steel,2025-05-05,1,3.0,3.0
P100000120567,steel,2025-05-06,2,1.73,0.95
P100000120567,steel,2025-05-08,1,2.41,2.41
P100000120567,steel,2025-05-09,1,1.19,1.19
P100000120567,steel,2025-05-10,1,2.73,2.73
P100000120567,steel,2025-06-02,2,3.13,1.89
P100000120567,steel,2025-06-05,2,4.86,2.68
P100000120567,steel,2025-06-10,1,1.71,1.71
P100000120567,steel,2025-06-21,1,1.32,1.32
P100000120567,steel,2025-07-22,2,2.53,1.68
P100000120567,steel,2025-08-09,2,7.209999999999999,4.18
P100000120567,steel,2025-08-11,1,0.87,0.87
P100000120567,steel,2025-08-13,2,1.53,0.93
P100000120567,steel,2025-08-15,1,2.14,2.14
P100000120567,steel,2025-08-17,1,1.11,1.11
P100000120567,steel,2025-08-18,1,1.71,1.71
P100000120567,steel,2025-08-26,1,1.2,1.2
P100000120567,steel,2025-08-27,1,1.42,1.42
P100000120567,steel,2025-08-28,1,1.03,1.03
P100000120567,steel,2025-08-30,2,5.35,2.79
P100000120567,steel,2025-09-05,1,1.04,1.04
P100000120567,steel,2025-09-08,1,1.41,1.41
P100000120567,steel,2025-09-09,1,0.96,0.96
P100000120567,steel,2025-09-12,1,1.18,1.18
P100000120567,steel,2025-09-13,1,1.03,1.03
P100000120567,steel,2025-09-18,1,2.29,2.29
P100000120567,steel,2025-09-19,1,0.9,0.9
P100000120567,steel,2025-09-24,1,0.93,0.93
P100000120567,steel,2025-09-28,1,0.98,0.98
P100000120567,steel,2025-09-29,1,1.15,1.15
P100000120567,steel,2025-09-30,1,2.63,2.63
P100000120567,steel,2025-10-08,1,1.5,1.5
P100000120567,steel,2025-10-09,1,0.98,0.98
P100000120567,steel,2025-10-10,2,3.1100000000000003,1.56
P100000120567,steel,2025-10-12,2,3.4,1.89
P100000120567,steel,2025-10-13,3,3.0,1.12
P100000120567,steel,2025-10-14,1,1.71,1.71
P100000120567,steel,2025-10-15,1,1.24,1.24
P100000120567,steel,2025-10-16,1,1.55,1.55
P100000120567,steel,2025-10-17,1,1.57,1.57
P100000120567,steel,2025-10-18,1,1.21,1.21
P100000120567,steel,2025-10-19,1,1.49,1.49
P100000120567,steel,2025-10-20,1,1.85,1.85
P100000120567,steel,2025-10-21,2,3.19,1.64
P100000120567,steel,2025-10-22,2,1.98,1.47
P100000120567,steel,2025-10-23,1,1.43,1.43
P100000120567,steel,2025-10-24,1,0.93,0.93
P100000120567,steel,2025-10-26,2,1.9700000000000002,1.05
P100000120567,steel,2025-10-31,1,1.0,1.0
P100000120567,steel,2025-11-01,1,1.08,1.08
P100000120567,steel,2025-11-02,1,1.17,1.17
P100000120567,steel,2025-11-04,1,0.73,0.73
P100000120567,steel,2025-11-06,2,1.8900000000000001,1.24
P100000120567,steel,2025-11-08,1,1.35,1.35
P100000120567,steel,2025-11-09,3,4.21,1.81
P100000120567,steel,2025-11-10,1,0.9,0.9
P100000120567,steel,2025-11-12,1,0.76,0.76
P100000120567,steel,2025-11-15,1,1.08,1.08
P100000120567,steel,2025-11-16,1,0.84,0.84
P100000120567,steel,2025-11-17,1,0.91,0.91
P100000120567,steel,2025-11-18,2,1.22,0.61
P100000120567,steel,2025-11-19,2,2.73,1.67
P100000120567,steel,2025-11-22,2,1.52,0.98
P100000120567,steel,2025-11-24,1,1.32,1.32
P100000120567,steel,2025-11-25,1,0.87,0.87
P100000120567,steel,2025-11-26,1,1.04,1.04
P100000120567,steel,2025-11-27,2,1.63,1.01
P100000120567,steel,2025-11-29,1,1.48,1.48
P100000120567,steel,2025-12-01,1,1.42,1.42
P100000120567,steel,2025-12-02,1,1.68,1.68
P100000120567,steel,2025-12-03,1,0.82,0.82
P100000120567,steel,2025-12-04,3,1.94,0.65
P100000120567,steel,2025-12-07,2,1.44,0.72
P100000120567,steel,2025-12-08,2,1.49,0.89
P100000120567,steel,2025-12-09,2,1.9000000000000001,1.11
P100000120567,steel,2025-12-10,1,0.87,0.87
P100000120567,steel,2025-12-11,3,3.4400000000000004,1.53
P100000120567,steel,2025-12-12,2,1.13,0.78
P100000120567,steel,2025-12-13,1,1.32,1.32
P100000120567,steel,2025-12-14,2,1.62,1.02
P100000120567,steel,2025-12-15,1,0.52,0.52
P100000120567,steel,2025-12-16,1,0.61,0.61
P100000120567,steel,2025-12-17,2,2.04,1.12
P100000120567,steel,2025-12-18,2,2.05,1.35
P100000120567,steel,2025-12-19,1,0.81,0.81
P100000120567,steel,2025-12-20,1,1.6,1.6
P100000120567,steel,2025-12-21,2,3.63,2.23
P100000120567,steel,2025-12-22,5,6.9,1.81
P100000120567,steel,2025-12-23,2,3.08,1.82
P100000120567,steel,2025-12-24,2,2.16,1.14
P100000120567,steel,2025-12-25,2,1.75,1.11
P100000120567,steel,2025-12-26,1,1.56,1.56
P100000120567,steel,2025-12-27,2,2.6100000000000003,2.1
P100000120567,steel,2025-12-28,3,2.88,1.5
P100000120567,steel,2025-12-29,2,2.73,1.98
P100000120567,steel,2025-12-30,1,0.79,0.79
P100000120567,steel,2025-12-31,1,0.99,0.99
P100000120568,steel,2025-01-01,1,2.13,2.13
P100000120568,steel,2025-01-11,1,0.67,0.67
P100000120568,steel,2025-01-15,1,2.01,2.01
P100000120568,steel,2025-01-17,1,2.94,2.94
P100000120568,steel,2025-01-22,2,2.86,1.43
P100000120568,steel,2025-01-27,1,0.75,0.75
P100000120568,steel,2025-02-03,1,2.4,2.4
P100000120568,steel,2025-02-08,1,1.97,1.97
P100000120568,steel,2025-02-09,1,1.45,1.45
P100000120568,steel,2025-02-16,1,2.52,2.52
P100000120568,steel,2025-02-17,1,1.02,1.02
P100000120568,steel,2025-02-20,1,1.02,1.02
P100000120568,steel,2025-02-21,1,1.08,1.08
P100000120568,steel,2025-03-10,1,4.34,4.34
P100000120568,steel,2025-03-30,2,2.72,1.62
P100000120568,steel,2025-04-05,1,4.91,4.91
P100000120568,steel,2025-04-14,2,2.24,1.22
P100000120568,steel,2025-05-05,1,4.32,4.32
P100000120568,steel,2025-05-24,2,2.18,1.09
P100000120568,steel,2025-06-17,1,0.52,0.52
P100000120568,steel,2025-07-12,2,4.34,2.41
P100000120568,steel,2025-08-28,1,1.36,1.36
P100000120568,steel,2025-09-04,1,2.07,2.07
P100000120568,steel,2025-09-09,1,2.45,2.45
P100000120568,steel,2025-10-04,2,3.8100000000000005,2.45
P100000120568,steel,2025-10-14,1,1.91,1.91
P100000120568,steel,2025-10-17,1,0.57,0.57
P100000120568,steel,2025-11-01,2,1.3,0.65
P100000120568,steel,2025-11-14,2,2.21,1.3
P100000120568,steel,2025-11-22,2,2.7600000000000002,2.1
P100000120568,steel,2025-11-27,1,2.25,2.25
P100000120568,steel,2025-12-05,1,1.22,1.22
P100000120568,steel,2025-12-10,1,1.56,1.56
P100000120568,steel,2025-12-13,1,0.84,0.84
P100000120568,steel,2025-12-15,1,1.06,1.06
P100000120568,steel,2025-12-27,1,1.18,1.18
P100000120569,steel,2025-01-02,2,1.76,0.88
P100000120569,steel,2025-01-03,2,2.46,1.23
P100000120569,steel,2025-01-04,5,6.8100000000000005,1.92
P100000120569,steel,2025-01-05,1,1.8,1.8
P100000120569,steel,2025-01-06,3,4.8,2.43
P100000120569,steel,2025-01-07,2,1.92,0.96
P100000120569,steel,2025-01-08,1,1.87,1.87
P100000120569,steel,2025-01-09,2,3.56,1.84
P100000120569,steel,2025-01-10,1,1.31,1.31
P100000120569,steel,2025-01-11,2,2.75,1.53
P100000120569,steel,2025-01-12,2,1.58,0.79
P100000120569,steel,2025-01-13,2,3.05,2.05
P100000120569,steel,2025-01-15,5,7.43,1.86
P100000120569,steel,2025-01-16,2,3.74,1.93
P100000120569,steel,2025-01-17,2,2.0,1.0
P100000120569,steel,2025-01-18,2,2.92,1.61
P100000120569,steel,2025-01-19,2,2.34,1.17
P100000120569,steel,2025-01-20,3,6.779999999999999,2.43
P100000120569,steel,2025-01-21,3,4.0600000000000005,1.37
P100000120569,steel,2025-01-22,1,1.35,1.35
P100000120569,steel,2025-01-23,2,3.08,1.73
P100000120569,steel,2025-01-24,1,2.29,2.29
P100000120569,steel,2025-01-25,2,2.1,1.05
P100000120569,steel,2025-01-26,1,1.83,1.83
P100000120569,steel,2025-01-27,1,1.83,1.83
P100000120569,steel,2025-01-28,2,3.0599999999999996,1.66
P100000120569,steel,2025-01-29,2,2.94,1.56
P100000120569,steel,2025-01-31,3,5.25,2.79
P100000120569,steel,2025-02-02,1,1.53,1.53
P100000120569,steel,2025-02-03,1,1.12,1.12
P100000120569,steel,2025-02-04,2,2.46,1.45
P100000120569,steel,2025-02-05,1,1.12,1.12
P100000120569,steel,2025-02-06,2,2.5,1.31
P100000120569,steel,2025-02-07,1,1.72,1.72
P100000120569,steel,2025-02-08,2,2.8200000000000003,1.72
P100000120569,steel,2025-02-09,2,3.8099999999999996,1.92
P100000120569,steel,2025-02-10,2,2.94,1.47
P100000120569,steel,2025-02-11,2,2.55,1.47
P100000120569,steel,2025-02-13,2,2.52,1.26
P100000120569,steel,2025-02-14,2,3.53,2.13
P100000120569,steel,2025-02-15,2,3.58,2.2
P100000120569,steel,2025-02-16,1,1.57,1.57
P100000120569,steel,2025-02-18,2,2.85,1.98
P100000120569,steel,2025-02-19,2,2.38,1.3
P100000120569,steel,2025-02-20,1,1.18,1.18
P100000120569,steel,2025-02-21,2,1.92,0.96
P100000120569,steel,2025-02-22,2,2.51,1.43
P100000120569,steel,2025-02-23,1,1.69,1.69
P100000120569,steel,2025-02-24,2,2.5999999999999996,1.41
P100000120569,steel,2025-02-25,4,6.92,1.98
P100000120569,steel,2025-02-26,3,4.2299999999999995,1.47
P100000120569,steel,2025-02-27,4,7.9799999999999995,2.84
P100000120569,steel,2025-02-28,2,2.3,1.15
P100000120569,steel,2025-03-01,2,2.96,1.48
P100000120569,steel,2025-03-02,2,3.1,1.55
P100000120569,steel,2025-03-03,2,4.55,2.53
P100000120569,steel,2025-03-04,3,5.24,2.07
P100000120569,steel,2025-03-05,1,2.76,2.76
P100000120569,steel,2025-03-06,2,3.43,1.84
P100000120569,steel,2025-03-07,3,4.109999999999999,1.69
P100000120569,steel,2025-03-08,2,2.98,1.49
P100000120569,steel,2025-03-09,5,8.35,2.69
P100000120569,steel,2025-03-10,2,3.85,1.99
P100000120569,steel,2025-03-11,1,2.35,2.35
P100000120569,steel,2025-03-12,2,4.14,2.42
P100000120569,steel,2025-03-13,2,6.09,3.11
P100000120569,steel,2025-03-14,4,8.32,2.17
P100000120569,steel,2025-03-15,3,4.43,1.67
P100000120569,steel,2025-03-16,1,2.46,2.46
P100000120569,steel,2025-03-17,2,3.36,1.68
P100000120569,steel,2025-03-18,2,3.16,1.58
P100000120569,steel,2025-03-19,2,5.109999999999999,2.8
P100000120569,steel,2025-03-20,2,4.98,2.55
P100000120569,steel,2025-03-22,3,2.37,0.79
P100000120569,steel,2025-03-23,1,1.23,1.23
P100000120569,steel,2025-03-24,2,3.8400000000000003,2.47
P100000120569,steel,2025-03-25,4,12.04,3.75
P100000120569,steel,2025-03-26,2,3.12,2.11
P100000120569,steel,2025-03-27,1,2.4,2.4
P100000120569,steel,2025-03-28,2,3.08,2.06
P100000120569,steel,2025-03-29,4,7.73,2.7
P100000120569,steel,2025-03-30,5,5.62,1.17
P100000120569,steel,2025-03-31,2,3.8600000000000003,2.43
P100000120569,steel,2025-04-01,2,3.04,1.62
P100000120569,steel,2025-04-04,2,4.54,2.66
P100000120569,steel,2025-04-05,4,8.35,2.63
P100000120569,steel,2025-04-06,3,4.61,1.97
P100000120569,steel,2025-04-07,1,2.41,2.41
P100000120569,steel,2025-04-08,2,2.54,1.27
P100000120569,steel,2025-04-09,2,2.2,1.1
P100000120569,steel,2025-04-11,2,1.1,0.55
P100000120569,steel,2025-04-14,1,5.11,5.11
P100000120569,steel,2025-04-16,3,4.34,2.46
P100000120569,steel,2025-04-17,2,6.3100000000000005,4.48
P100000120569,steel,2025-04-18,1,1.08,1.08
P100000120569,steel,2025-04-19,2,5.3100000000000005,2.87
P100000120569,steel,2025-04-21,1,4.49,4.49
P100000120569,steel,2025-04-22,1,2.79,2.79
P100000120569,steel,2025-04-23,3,7.43,3.7
P100000120569,steel,2025-04-24,3,6.54,5.05
P100000120569,steel,2025-04-25,2,3.36,1.68
P100000120569,steel,2025-04-27,3,3.63,1.47
P100000120569,steel,2025-04-28,2,8.39,6.06
P100000120569,steel,2025-04-29,1,4.41,4.41
P100000120569,steel,2025-04-30,2,4.04,2.02
P100000120569,steel,2025-05-02,5,7.55,3.38
P100000120569,steel,2025-05-04,3,8.709999999999999,5.81
P100000120569,steel,2025-05-05,2,2.84,1.53
P100000120569,steel,2025-05-06,1,3.57,3.57
P100000120569,steel,2025-05-07,2,3.16,1.58
P100000120569,steel,2025-05-09,4,18.28,7.13
P100000120569,steel,2025-05-10,3,9.95,5.51
P100000120569,steel,2025-05-11,3,12.469999999999999,6.59
P100000120569,steel,2025-05-14,2,3.18,1.59
P100000120569,steel,2025-05-15,3,13.59,5.4
P100000120569,steel,2025-05-19,2,15.440000000000001,9.64
P100000120569,steel,2025-05-20,1,6.9,6.9
P100000120569,steel,2025-05-25,2,3.5,1.75
P100000120569,steel,2025-05-26,2,5.92,3.65
P100000120569,steel,2025-06-01,4,12.7,4.0
P100000120569,steel,2025-06-02,3,4.46,1.79
P100000120569,steel,2025-06-03,4,10.82,3.98
P100000120569,steel,2025-06-04,1,7.12,7.12
P100000120569,steel,2025-06-05,2,4.21,2.17
P100000120569,steel,2025-06-06,2,4.26,2.13
P100000120569,steel,2025-06-08,3,20.94,9.76
P100000120569,steel,2025-06-10,2,2.76,1.38
P100000120569,steel,2025-06-11,2,2.69,1.75
P100000120569,steel,2025-06-12,2,2.46,1.23
P100000120569,steel,2025-06-13,3,5.699999999999999,3.36
P100000120569,steel,2025-06-14,3,4.7,1.98
P100000120569,steel,2025-07-20,1,1.84,1.84
P100000120569,steel,2025-07-21,3,3.19,1.18
P100000120569,steel,2025-07-22,1,1.63,1.63
P100000120569,steel,2025-07-23,2,1.7,0.85
P100000120569,steel,2025-07-31,1,3.29,3.29
P100000120569,steel,2025-08-01,1,4.36,4.36
P100000120569,steel,2025-08-03,3,2.73,1.17
P100000120569,steel,2025-08-04,2,1.97,1.42
P100000120569,steel,2025-08-10,1,1.12,1.12
P100000120569,steel,2025-08-11,2,3.17,1.86
P100000120569,steel,2025-08-12,2,2.62,1.31
P100000120569,steel,2025-08-15,2,2.42,1.21
P100000120569,steel,2025-08-16,2,3.46,2.18
P100000120569,steel,2025-08-26,3,8.03,3.55
P100000120569,steel,2025-08-27,3,6.09,2.31
P100000120569,steel,2025-08-28,2,2.46,1.23
P100000120569,steel,2025-08-29,1,0.81,0.81
P100000120569,steel,2025-08-30,1,2.73,2.73
P100000120569,steel,2025-08-31,2,3.08,1.54
P100000120569,steel,2025-09-05,1,1.33,1.33
P100000120569,steel,2025-09-06,7,8.49,1.66
P100000120569,steel,2025-09-07,3,6.6,3.75
P100000120569,steel,2025-09-08,2,3.44,1.72
P100000120569,steel,2025-09-09,5,10.309999999999999,7.1
P100000120569,steel,2025-09-10,2,3.16,1.58
P100000120569,steel,2025-09-11,1,1.58,1.58
P100000120569,steel,2025-09-12,1,2.01,2.01
P100000120569,steel,2025-09-13,2,3.13,1.62
P100000120569,steel,2025-09-17,3,7.959999999999999,3.01
P100000120569,steel,2025-09-18,2,3.56,1.78
P100000120569,steel,2025-09-19,3,7.33,3.22
P100000120569,steel,2025-09-24,2,5.21,3.25
P100000120569,steel,2025-09-25,2,4.36,3.35
P100000120569,steel,2025-09-28,2,5.4399999999999995,3.39
P100000120569,steel,2025-09-29,2,3.46,1.73
P100000120569,steel,2025-09-30,2,4.18,2.55
P100000120569,steel,2025-10-01,1,7.0,7.0
P100000120569,steel,2025-10-04,2,1.72,0.86
P100000120569,steel,2025-10-11,3,8.9,5.24
P100000120569,steel,2025-10-12,2,3.56,1.78
P100000120569,steel,2025-10-13,3,7.539999999999999,3.32
P100000120569,steel,2025-10-14,7,22.89,6.32
P100000120569,steel,2025-10-15,2,4.2,2.89
P100000120569,steel,2025-10-16,4,10.7,5.52
P100000120569,steel,2025-10-17,3,11.629999999999999,7.39
P100000120569,steel,2025-10-18,2,3.3600000000000003,1.81
P100000120569,steel,2025-10-19,3,3.64,1.58
P100000120569,steel,2025-10-21,1,1.91,1.91
P100000120569,steel,2025-10-22,4,14.370000000000001,5.49
P100000120569,steel,2025-10-23,2,4.08,2.04
P100000120569,steel,2025-10-24,3,10.33,5.91
P100000120569,steel,2025-10-25,4,9.66,3.4
P100000120569,steel,2025-10-26,1,4.49,4.49
P100000120569,steel,2025-10-27,2,4.81,4.14
P100000120569,steel,2025-10-30,5,11.95,3.69
P100000120569,steel,2025-11-01,3,4.1,1.44
P100000120569,steel,2025-11-02,3,4.52,1.7
P100000120569,steel,2025-11-04,8,15.22,3.18
P100000120569,steel,2025-11-05,3,3.0300000000000002,1.01
P100000120569,steel,2025-11-06,2,4.12,2.06
P100000120569,steel,2025-11-07,3,3.9899999999999998,1.64
P100000120569,steel,2025-11-08,3,7.37,2.87
P100000120569,steel,2025-11-09,7,14.690000000000001,4.66
P100000120569,steel,2025-11-10,7,17.06,5.24
P100000120569,steel,2025-11-12,4,4.36,1.37
P100000120569,steel,2025-11-13,2,5.050000000000001,2.91
P100000120569,steel,2025-11-14,2,4.58,2.29
P100000120569,steel,2025-11-15,6,17.34,5.59
P100000120569,steel,2025-11-16,2,4.06,2.03
P100000120569,steel,2025-11-17,4,10.49,5.9
P100000120569,steel,2025-11-18,3,7.97,4.6
P100000120569,steel,2025-11-19,2,3.36,1.68
P100000120569,steel,2025-11-20,3,6.92,2.85
P100000120569,steel,2025-11-21,2,5.15,2.68
P100000120569,steel,2025-11-22,2,4.04,2.02
P100000120569,steel,2025-11-23,3,4.5600000000000005,2.08
P100000120569,steel,2025-11-24,1,2.33,2.33
P100000120569,steel,2025-11-25,4,4.84,1.37
P100000120569,steel,2025-11-26,6,16.4,3.95
P100000120569,steel,2025-11-27,2,4.45,2.87
P100000120569,steel,2025-11-28,3,9.06,5.0
P100000120569,steel,2025-11-29,1,0.85,0.85
P100000120569,steel,2025-11-30,4,8.01,2.8
P100000120569,steel,2025-12-03,2,3.8200000000000003,3.08
P100000120569,steel,2025-12-04,2,3.18,1.59
P100000120569,steel,2025-12-05,2,3.8200000000000003,2.46
P100000120569,steel,2025-12-06,4,7.96,2.61
P100000120569,steel,2025-12-07,2,2.92,1.91
P100000120569,steel,2025-12-09,4,7.76,3.35
P100000120569,steel,2025-12-10,2,4.58,2.62
P100000120569,steel,2025-12-11,5,8.91,2.25
P100000120569,steel,2025-12-12,5,12.89,4.63
P100000120569,steel,2025-12-13,4,9.1,3.24
P100000120569,steel,2025-12-14,3,8.01,4.81
P100000120569,steel,2025-12-15,2,4.02,2.01
P100000120569,steel,2025-12-16,3,10.0,4.1
P100000120569,steel,2025-12-17,6,18.3,4.88
P100000120569,steel,2025-12-18,1,3.61,3.61
P100000120569,steel,2025-12-19,3,9.33,4.54
P100000120569,steel,2025-12-20,4,7.93,2.94
P100000120569,steel,2025-12-21,3,5.73,2.2
P100000120569,steel,2025-12-22,9,21.78,6.14
P100000120569,steel,2025-12-23,7,13.23,3.74
P100000120569,steel,2025-12-24,2,5.03,2.74
P100000120569,steel,2025-12-25,3,5.26,1.84
P100000120569,steel,2025-12-26,4,8.14,2.21
P100000120569,steel,2025-12-27,4,8.5,3.5
P100000120569,steel,2025-12-28,7,15.23,4.85
P100000120569,steel,2025-12-29,2,5.4399999999999995,3.26
P100000120569,steel,2025-12-30,1,4.65,4.65
P100000120569,steel,2025-12-31,6,15.01,5.04
P100000120575,steel,2025-01-01,1,1.27,1.27
P100000120575,steel,2025-01-02,1,1.8,1.8
P100000120575,steel,2025-01-05,1,1.94,1.94
P100000120575,steel,2025-01-06,2,6.08,4.02
P100000120575,steel,2025-01-07,1,0.98,0.98
P100000120575,steel,2025-01-08,1,1.36,1.36
P100000120575,steel,2025-01-09,2,2.67,1.36
P100000120575,steel,2025-01-10,2,2.5,1.25
P100000120575,steel,2025-01-11,1,0.33,0.33
P100000120575,steel,2025-01-12,1,1.67,1.67
P100000120575,steel,2025-01-14,1,1.19,1.19
P100000120575,steel,2025-01-17,1,1.07,1.07
P100000120575,steel,2025-01-21,1,1.62,1.62
P100000120575,steel,2025-01-22,1,1.77,1.77
P100000120575,steel,2025-01-25,1,1.61,1.61
P100000120575,steel,2025-01-27,2,2.08,1.04
P100000120575,steel,2025-01-28,1,0.97,0.97
P100000120575,steel,2025-01-31,1,1.05,1.05
P100000120575,steel,2025-02-01,1,1.28,1.28
P100000120575,steel,2025-02-02,1,1.71,1.71
P100000120575,steel,2025-02-05,1,1.78,1.78
P100000120575,steel,2025-02-06,4,12.809999999999999,4.79
P100000120575,steel,2025-02-07,1,1.09,1.09
P100000120575,steel,2025-02-08,2,1.02,0.51
P100000120575,steel,2025-02-10,1,1.96,1.96
P100000120575,steel,2025-02-11,1,2.13,2.13
P100000120575,steel,2025-02-12,1,1.63,1.63
P100000120575,steel,2025-02-13,1,1.5,1.5
P100000120575,steel,2025-02-14,2,2.06,1.05
P100000120575,steel,2025-02-17,1,1.91,1.91
P100000120575,steel,2025-02-18,1,1.35,1.35
P100000120575,steel,2025-02-21,1,2.16,2.16
P100000120575,steel,2025-02-22,1,1.78,1.78
P100000120575,steel,2025-02-23,1,1.34,1.34
P100000120575,steel,2025-02-26,1,1.45,1.45
P100000120575,steel,2025-02-28,2,1.86,0.93
P100000120575,steel,2025-03-04,1,1.43,1.43
P100000120575,steel,2025-03-05,2,2.8200000000000003,1.85
P100000120575,steel,2025-03-06,1,2.44,2.44
P100000120575,steel,2025-03-07,2,3.3,1.88
P100000120575,steel,2025-03-10,2,3.32,1.66
P100000120575,steel,2025-03-11,3,3.63,1.21
P100000120575,steel,2025-03-12,2,4.04,2.28
P100000120575,steel,2025-03-16,2,2.2,1.1
P100000120575,steel,2025-03-17,1,3.01,3.01
P100000120575,steel,2025-03-18,1,3.84,3.84
P100000120575,steel,2025-03-19,1,1.59,1.59
P100000120575,steel,2025-03-21,1,1.48,1.48
P100000120575,steel,2025-03-22,1,2.34,2.34
P100000120575,steel,2025-03-26,1,2.17,2.17
P100000120575,steel,2025-03-27,1,1.85,1.85
P100000120575,steel,2025-03-28,1,1.79,1.79
P100000120575,steel,2025-03-30,1,1.35,1.35
P100000120575,steel,2025-04-05,1,1.97,1.97
P100000120575,steel,2025-04-06,1,1.94,1.94
P100000120575,steel,2025-04-07,1,1.97,1.97
P100000120575,steel,2025-04-08,1,2.15,2.15
P100000120575,steel,2025-04-12,1,1.62,1.62
P100000120575,steel,2025-04-17,1,1.1,1.1
P100000120575,steel,2025-04-18,1,3.91,3.91
P100000120575,steel,2025-04-19,1,1.48,1.48
P100000120575,steel,2025-04-23,2,3.59,1.95
P100000120575,steel,2025-04-28,1,0.96,0.96
P100000120575,steel,2025-04-29,1,1.18,1.18
P100000120575,steel,2025-05-07,1,2.62,2.62
P100000120575,steel,2025-05-08,1,1.96,1.96
P100000120575,steel,2025-05-09,1,2.87,2.87
P100000120575,steel,2025-05-13,1,3.23,3.23
P100000120575,steel,2025-05-18,1,1.7,1.7
P100000120575,steel,2025-05-19,1,1.9,1.9
P100000120575,steel,2025-06-02,1,1.16,1.16
P100000120575,steel,2025-06-18,1,0.76,0.76
P100000120575,steel,2025-07-11,1,1.82,1.82
P100000120575,steel,2025-07-22,1,0.84,0.84
P100000120575,steel,2025-08-01,1,5.06,5.06
P100000120575,steel,2025-09-19,1,0.5,0.5
P100000120575,steel,2025-09-30,1,1.77,1.77
P100000120575,steel,2025-10-11,1,1.15,1.15
P100000120575,steel,2025-10-12,1,0.82,0.82
P100000120575,steel,2025-10-15,2,1.9,1.02
P100000120575,steel,2025-10-16,1,1.3,1.3
P100000120575,steel,2025-10-20,1,1.2,1.2
P100000120575,steel,2025-10-21,1,1.34,1.34
P100000120575,steel,2025-10-22,1,0.86,0.86
P100000120575,steel,2025-10-31,1,2.1,2.1
P100000120575,steel,2025-11-06,1,0.91,0.91
P100000120575,steel,2025-11-07,3,4.74,2.48
P100000120575,steel,2025-11-10,1,1.17,1.17
P100000120575,steel,2025-11-12,1,1.83,1.83
P100000120575,steel,2025-11-14,1,1.34,1.34
P100000120575,steel,2025-11-15,1,1.66,1.66
P100000120575,steel,2025-11-16,1,0.83,0.83
P100000120575,steel,2025-11-17,1,1.1,1.1
P100000120575,steel,2025-11-19,1,1.26,1.26
P100000120575,steel,2025-11-20,1,1.5,1.5
P100000120575,steel,2025-11-21,1,1.35,1.35
P100000120575,steel,2025-11-22,1,1.56,1.56
P100000120575,steel,2025-11-23,1,1.58,1.58
P100000120575,steel,2025-11-27,1,1.02,1.02
P100000120575,steel,2025-11-28,1,1.88,1.88
P100000120575,steel,2025-12-01,1,1.55,1.55
P100000120575,steel,2025-12-02,1,0.9,0.9
P100000120575,steel,2025-12-03,1,1.2,1.2
P100000120575,steel,2025-12-04,1,1.39,1.39
P100000120575,steel,2025-12-07,1,1.84,1.84
P100000120575,steel,2025-12-08,1,1.79,1.79
P100000120575,steel,2025-12-09,2,2.78,1.64
P100000120575,steel,2025-12-11,1,1.52,1.52
P100000120575,steel,2025-12-12,1,1.47,1.47
P100000120575,steel,2025-12-13,2,1.86,0.93
P100000120575,steel,2025-12-14,1,1.77,1.77
P100000120575,steel,2025-12-17,1,1.0,1.0
P100000120575,steel,2025-12-18,1,1.31,1.31
P100000120575,steel,2025-12-19,1,1.57,1.57
P100000120575,steel,2025-12-20,1,1.99,1.99
P100000120575,steel,2025-12-21,1,1.04,1.04
P100000120575,steel,2025-12-23,1,2.18,2.18
P100000120575,steel,2025-12-24,2,1.66,0.83
P100000120575,steel,2025-12-25,1,1.25,1.25
P100000120575,steel,2025-12-27,1,1.19,1.19
P100000120575,steel,2025-12-28,1,1.35,1.35
P100000120575,steel,2025-12-29,1,1.51,1.51
P100000120575,steel,2025-12-30,1,1.14,1.14
P100000120575,steel,2025-12-31,2,2.0,1.21
P100000120576,steel,2025-05-11,2,4.4399999999999995,2.28
P100000120576,steel,2025-05-14,1,9.14,9.14
P100000121032,steel,2025-01-02,1,0.66,0.66
P100000121032,steel,2025-03-17,1,0.74,0.74
P100000121032,steel,2025-03-18,1,0.56,0.56
P100000121032,steel,2025-10-22,1,0.77,0.77
P100000121032,steel,2025-12-23,1,0.94,0.94
P100000121165,steel,2025-01-01,1,1.55,1.55
P100000121165,steel,2025-01-02,2,1.02,0.63
P100000121165,steel,2025-01-03,1,0.85,0.85
P100000121165,steel,2025-01-04,1,1.09,1.09
P100000121165,steel,2025-01-05,1,1.04,1.04
P100000121165,steel,2025-01-07,1,1.23,1.23
P100000121165,steel,2025-01-08,1,1.27,1.27
P100000121165,steel,2025-01-09,2,0.98,0.49
P100000121165,steel,2025-01-10,3,4.0,1.56
P100000121165,steel,2025-01-11,1,1.74,1.74
P100000121165,steel,2025-01-12,2,1.66,0.83
P100000121165,steel,2025-01-13,1,1.81,1.81
P100000121165,steel,2025-01-14,2,1.44,0.76
P100000121165,steel,2025-01-15,2,2.8,1.76
P100000121165,steel,2025-01-16,1,1.18,1.18
P100000121165,steel,2025-01-17,2,2.02,1.01
P100000121165,steel,2025-01-18,2,1.94,0.97
P100000121165,steel,2025-01-19,1,2.57,2.57
P100000121165,steel,2025-01-20,2,3.0,1.71
P100000121165,steel,2025-01-21,2,3.11,1.94
P100000121165,steel,2025-01-22,1,2.68,2.68
P100000121165,steel,2025-01-23,2,1.7799999999999998,0.95
P100000121165,steel,2025-01-24,2,2.19,1.16
P100000121165,steel,2025-01-25,4,3.52,1.0
P100000121165,steel,2025-01-26,3,3.3,1.69
P100000121165,steel,2025-01-27,2,2.62,1.31
P100000121165,steel,2025-01-28,1,2.17,2.17
P100000121165,steel,2025-01-29,1,1.46,1.46
P100000121165,steel,2025-01-30,2,3.5599999999999996,1.88
P100000121165,steel,2025-02-01,1,2.07,2.07
P100000121165,steel,2025-02-02,1,1.48,1.48
P100000121165,steel,2025-02-03,1,1.97,1.97
P100000121165,steel,2025-02-04,2,2.52,1.26
P100000121165,steel,2025-02-05,4,3.73,1.36
P100000121165,steel,2025-02-06,4,3.42,1.09
P100000121165,steel,2025-02-07,1,1.6,1.6
P100000121165,steel,2025-02-08,2,2.08,1.04
P100000121165,steel,2025-02-09,1,1.69,1.69
P100000121165,steel,2025-02-10,1,1.04,1.04
P100000121165,steel,2025-02-11,3,4.8100000000000005,1.83
P100000121165,steel,2025-02-12,1,1.39,1.39
P100000121165,steel,2025-02-13,1,2.13,2.13
P100000121165,steel,2025-02-14,2,1.82,0.91
P100000121165,steel,2025-02-15,1,0.73,0.73
P100000121165,steel,2025-02-16,2,2.35,1.32
P100000121165,steel,2025-02-17,2,2.43,1.31
P100000121165,steel,2025-02-18,2,4.74,3.33
P100000121165,steel,2025-02-19,1,0.44,0.44
P100000121165,steel,2025-02-20,1,1.17,1.17
P100000121165,steel,2025-02-21,2,2.0,1.2
P100000121165,steel,2025-02-22,1,1.02,1.02
P100000121165,steel,2025-02-23,1,1.45,1.45
P100000121165,steel,2025-02-24,1,1.31,1.31
P100000121165,steel,2025-02-25,1,1.51,1.51
P100000121165,steel,2025-02-26,1,0.53,0.53
P100000121165,steel,2025-02-27,2,1.37,0.78
P100000121165,steel,2025-02-28,1,1.26,1.26
P100000121165,steel,2025-03-01,1,1.22,1.22
P100000121165,steel,2025-03-03,1,1.37,1.37
P100000121165,steel,2025-03-04,2,2.0,1.07
P100000121165,steel,2025-03-05,1,2.25,2.25
P100000121165,steel,2025-03-06,1,2.42,2.42
P100000121165,steel,2025-03-07,1,1.64,1.64
P100000121165,steel,2025-03-08,2,1.52,0.76
P100000121165,steel,2025-03-09,3,3.29,1.29
P100000121165,steel,2025-03-10,2,1.48,0.74
P100000121165,steel,2025-03-11,2,4.01,2.51
P100000121165,steel,2025-03-12,1,1.37,1.37
P100000121165,steel,2025-03-13,1,2.18,2.18
P100000121165,steel,2025-03-14,1,1.81,1.81
P100000121165,steel,2025-03-15,1,1.58,1.58
P100000121165,steel,2025-03-16,1,1.85,1.85
P100000121165,steel,2025-03-17,2,1.7,0.85
P100000121165,steel,2025-03-18,1,1.93,1.93
P100000121165,steel,2025-03-19,1,1.75,1.75
P100000121165,steel,2025-03-23,1,1.36,1.36
P100000121165,steel,2025-03-24,2,2.7,1.63
P100000121165,steel,2025-03-25,4,4.55,1.35
P100000121165,steel,2025-03-26,1,1.93,1.93
P100000121165,steel,2025-03-27,2,4.17,2.15
P100000121165,steel,2025-03-28,1,1.88,1.88
P100000121165,steel,2025-03-29,1,1.71,1.71
P100000121165,steel,2025-03-30,1,1.19,1.19
P100000121165,steel,2025-03-31,1,0.99,0.99
P100000121165,steel,2025-04-01,1,1.97,1.97
P100000121165,steel,2025-04-04,1,2.2,2.2
P100000121165,steel,2025-04-05,2,2.41,1.6
P100000121165,steel,2025-04-06,1,1.09,1.09
P100000121165,steel,2025-04-07,1,2.07,2.07
P100000121165,steel,2025-04-08,1,0.87,0.87
P100000121165,steel,2025-04-09,1,1.52,1.52
P100000121165,steel,2025-04-14,1,1.14,1.14
P100000121165,steel,2025-04-16,2,1.84,1.12
P100000121165,steel,2025-04-17,1,3.5,3.5
P100000121165,steel,2025-04-18,2,1.76,0.88
P100000121165,steel,2025-04-19,1,1.7,1.7
P100000121165,steel,2025-04-22,1,1.31,1.31
P100000121165,steel,2025-04-24,1,1.34,1.34
P100000121165,steel,2025-04-25,2,1.46,0.76
P100000121165,steel,2025-04-30,1,1.17,1.17
P100000121165,steel,2025-05-02,2,2.8899999999999997,1.49
P100000121165,steel,2025-05-03,1,0.9,0.9
P100000121165,steel,2025-05-04,3,4.8100000000000005,1.79
P100000121165,steel,2025-05-05,1,1.79,1.79
P100000121165,steel,2025-05-06,1,0.88,0.88
P100000121165,steel,2025-05-09,1,1.27,1.27
P100000121165,steel,2025-05-12,1,1.74,1.74
P100000121165,steel,2025-05-13,1,1.21,1.21
P100000121165,steel,2025-05-23,1,0.68,0.68
P100000121165,steel,2025-05-26,1,0.62,0.62
P100000121165,steel,2025-05-28,1,0.79,0.79
P100000121165,steel,2025-06-02,1,0.42,0.42
P100000121165,steel,2025-06-03,2,2.34,1.23
P100000121165,steel,2025-06-04,2,4.43,2.82
P100000121165,steel,2025-06-05,1,1.09,1.09
P100000121165,steel,2025-06-06,2,1.86,0.93
P100000121165,steel,2025-06-08,2,3.4299999999999997,1.78
P100000121165,steel,2025-06-09,1,1.81,1.81
P100000121165,steel,2025-06-10,1,1.94,1.94
P100000121165,steel,2025-06-11,2,1.74,0.87
P100000121165,steel,2025-06-12,2,6.609999999999999,3.6
P100000121165,steel,2025-06-13,3,4.51,1.55
P100000121165,steel,2025-06-14,1,0.55,0.55
P100000121165,steel,2025-06-20,2,4.859999999999999,3.03
P100000121165,steel,2025-07-23,1,0.33,0.33
P100000121165,steel,2025-08-16,2,2.75,1.62
P100000121165,steel,2025-08-25,1,1.14,1.14
P100000121165,steel,2025-08-27,1,1.96,1.96
P100000121165,steel,2025-08-30,1,1.52,1.52
P100000121165,steel,2025-08-31,1,1.4,1.4
P100000121165,steel,2025-09-02,1,1.06,1.06
P100000121165,steel,2025-09-04,1,1.75,1.75
P100000121165,steel,2025-09-05,1,1.76,1.76
P100000121165,steel,2025-09-06,1,1.36,1.36
P100000121165,steel,2025-09-07,2,3.0999999999999996,1.68
P100000121165,steel,2025-09-08,1,1.93,1.93
P100000121165,steel,2025-09-09,2,2.06,1.24
P100000121165,steel,2025-09-10,1,1.17,1.17
P100000121165,steel,2025-09-13,1,0.99,0.99
P100000121165,steel,2025-09-17,2,3.53,2.8
P100000121165,steel,2025-09-24,1,1.89,1.89
P100000121165,steel,2025-09-27,1,2.45,2.45
P100000121165,steel,2025-09-28,2,2.4000000000000004,1.3
P100000121165,steel,2025-09-30,1,2.02,2.02
P100000121165,steel,2025-10-04,1,0.65,0.65
P100000121165,steel,2025-10-09,1,0.85,0.85
P100000121165,steel,2025-10-11,1,0.82,0.82
P100000121165,steel,2025-10-13,1,1.33,1.33
P100000121165,steel,2025-10-14,2,2.95,1.77
P100000121165,steel,2025-10-15,1,1.54,1.54
P100000121165,steel,2025-10-16,1,1.28,1.28
P100000121165,steel,2025-10-17,1,1.64,1.64
P100000121165,steel,2025-10-18,1,1.62,1.62
P100000121165,steel,2025-10-19,3,3.52,1.44
P100000121165,steel,2025-10-20,1,1.13,1.13
P100000121165,steel,2025-10-22,2,1.26,0.63
P100000121165,steel,2025-10-23,1,1.15,1.15
P100000121165,steel,2025-10-26,1,2.11,2.11
P100000121165,steel,2025-11-02,1,2.46,2.46
P100000121165,steel,2025-11-03,2,1.58,0.79
P100000121165,steel,2025-11-04,3,3.7199999999999998,1.68
P100000121165,steel,2025-11-05,1,2.41,2.41
P100000121165,steel,2025-11-06,6,15.02,4.23
P100000121165,steel,2025-11-07,1,1.39,1.39
P100000121165,steel,2025-11-08,1,2.54,2.54
P100000121165,steel,2025-11-09,1,1.91,1.91
P100000121165,steel,2025-11-10,3,5.1,2.44
P100000121165,steel,2025-11-12,2,2.66,1.33
P100000121165,steel,2025-11-13,1,2.36,2.36
P100000121165,steel,2025-11-14,2,2.15,1.23
P100000121165,steel,2025-11-15,5,7.99,2.15
P100000121165,steel,2025-11-16,2,1.62,0.81
P100000121165,steel,2025-11-17,1,2.52,2.52
P100000121165,steel,2025-11-18,1,2.46,2.46
P100000121165,steel,2025-11-19,1,2.13,2.13
P100000121165,steel,2025-11-20,3,3.54,2.28
P100000121165,steel,2025-11-21,1,1.97,1.97
P100000121165,steel,2025-11-22,1,0.86,0.86
P100000121165,steel,2025-11-23,2,2.77,1.96
P100000121165,steel,2025-11-24,1,2.02,2.02
P100000121165,steel,2025-11-25,2,1.92,0.96
P100000121165,steel,2025-11-26,4,3.27,1.45
P100000121165,steel,2025-11-27,1,1.9,1.9
P100000121165,steel,2025-11-28,1,2.0,2.0
P100000121165,steel,2025-11-29,1,0.99,0.99
P100000121165,steel,2025-12-01,1,1.61,1.61
P100000121165,steel,2025-12-02,1,1.35,1.35
P100000121165,steel,2025-12-03,1,2.38,2.38
P100000121165,steel,2025-12-04,2,1.39,0.97
P100000121165,steel,2025-12-05,1,2.27,2.27
P100000121165,steel,2025-12-06,3,4.66,2.12
P100000121165,steel,2025-12-07,3,3.9800000000000004,2.24
P100000121165,steel,2025-12-08,1,1.13,1.13
P100000121165,steel,2025-12-09,1,1.15,1.15
P100000121165,steel,2025-12-10,1,1.12,1.12
P100000121165,steel,2025-12-11,3,2.3200000000000003,1.01
P100000121165,steel,2025-12-12,1,2.02,2.02
P100000121165,steel,2025-12-13,1,1.39,1.39
P100000121165,steel,2025-12-14,2,1.28,0.64
P100000121165,steel,2025-12-15,1,1.99,1.99
P100000121165,steel,2025-12-16,1,1.82,1.82
P100000121165,steel,2025-12-17,3,3.92,1.67
P100000121165,steel,2025-12-18,1,2.54,2.54
P100000121165,steel,2025-12-19,1,2.2,2.2
P100000121165,steel,2025-12-20,1,1.98,1.98
P100000121165,steel,2025-12-21,1,2.37,2.37
P100000121165,steel,2025-12-22,4,5.91,2.02
P100000121165,steel,2025-12-23,4,3.7,1.04
P100000121165,steel,2025-12-24,1,2.19,2.19
P100000121165,steel,2025-12-25,2,2.16,1.46
P100000121165,steel,2025-12-26,1,1.92,1.92
P100000121165,steel,2025-12-27,2,3.42,1.81
P100000121165,steel,2025-12-28,2,2.16,1.28
P100000121165,steel,2025-12-29,1,1.27,1.27
P100000121165,steel,2025-12-30,1,1.38,1.38
P100000121165,steel,2025-12-31,2,1.9100000000000001,0.99
P100000121178,steel,2025-05-11,1,5.86,5.86
P100000121178,steel,2025-06-10,1,7.96,7.96
P100000121178,steel,2025-06-11,1,6.89,6.89
P100000121181,steel,2025-01-01,1,0.69,0.69
P100000121181,steel,2025-01-04,1,0.43,0.43
P100000121181,steel,2025-01-12,1,0.32,0.32
P100000121181,steel,2025-01-13,1,0.51,0.51
P100000121181,steel,2025-01-18,1,0.87,0.87
P100000121181,steel,2025-01-23,1,0.64,0.64
P100000121181,steel,2025-01-24,1,0.77,0.77
P100000121181,steel,2025-01-28,1,0.79,0.79
P100000121181,steel,2025-02-03,1,0.91,0.91
P100000121181,steel,2025-02-04,1,0.66,0.66
P100000121181,steel,2025-02-07,1,0.82,0.82
P100000121181,steel,2025-02-08,1,0.93,0.93
P100000121181,steel,2025-10-22,1,0.73,0.73
P100000121181,steel,2025-11-12,1,1.19,1.19
P100000121181,steel,2025-11-18,1,0.88,0.88
P100000121181,steel,2025-11-29,1,0.41,0.41
P100000121181,steel,2025-12-20,1,0.56,0.56
P100000121181,steel,2025-12-25,1,1.17,1.17
P100000121181,steel,2025-12-27,1,0.87,0.87
P100000121182,steel,2025-01-01,1,1.45,1.45
P100000121182,steel,2025-01-02,3,1.96,0.72
P100000121182,steel,2025-01-03,2,3.0,2.05
P100000121182,steel,2025-01-04,1,1.59,1.59
P100000121182,steel,2025-01-06,1,1.89,1.89
P100000121182,steel,2025-01-07,1,1.51,1.51
P100000121182,steel,2025-01-08,2,1.46,0.73
P100000121182,steel,2025-01-09,1,1.99,1.99
P100000121182,steel,2025-01-10,3,4.43,1.94
P100000121182,steel,2025-01-11,2,2.48,1.86
P100000121182,steel,2025-01-12,2,1.7400000000000002,1.11
P100000121182,steel,2025-01-13,2,1.48,0.74
P100000121182,steel,2025-01-14,1,0.86,0.86
P100000121182,steel,2025-01-15,2,1.22,0.71
P100000121182,steel,2025-01-16,2,1.5,0.75
P100000121182,steel,2025-01-17,1,1.54,1.54
P100000121182,steel,2025-01-18,2,1.74,1.22
P100000121182,steel,2025-01-19,2,2.59,1.99
P100000121182,steel,2025-01-20,2,3.66,1.89
P100000121182,steel,2025-01-21,4,3.47,1.57
P100000121182,steel,2025-01-22,2,1.92,0.96
P100000121182,steel,2025-01-23,1,0.99,0.99
P100000121182,steel,2025-01-24,1,1.2,1.2
P100000121182,steel,2025-01-25,1,1.13,1.13
P100000121182,steel,2025-01-26,4,3.53,1.15
P100000121182,steel,2025-01-27,1,1.54,1.54
P100000121182,steel,2025-01-29,1,1.86,1.86
P100000121182,steel,2025-01-30,1,2.13,2.13
P100000121182,steel,2025-01-31,2,3.1100000000000003,1.99
P100000121182,steel,2025-02-01,2,3.32,1.66
P100000121182,steel,2025-02-02,1,1.51,1.51
P100000121182,steel,2025-02-03,3,2.5300000000000002,1.31
P100000121182,steel,2025-02-04,2,2.9000000000000004,1.56
P100000121182,steel,2025-02-05,5,6.35,1.96
P100000121182,steel,2025-02-06,4,5.869999999999999,2.07
P100000121182,steel,2025-02-07,2,1.6099999999999999,1.22
P100000121182,steel,2025-02-08,2,1.66,0.83
P100000121182,steel,2025-02-09,2,2.54,1.47
P100000121182,steel,2025-02-10,2,3.77,1.96
P100000121182,steel,2025-02-11,2,3.6799999999999997,1.95
P100000121182,steel,2025-02-12,1,2.42,2.42
P100000121182,steel,2025-02-13,2,1.88,0.94
P100000121182,steel,2025-02-14,3,2.72,1.06
P100000121182,steel,2025-02-15,2,2.91,1.96
P100000121182,steel,2025-02-16,3,5.81,2.38
P100000121182,steel,2025-02-17,1,1.74,1.74
P100000121182,steel,2025-02-18,1,1.68,1.68
P100000121182,steel,2025-02-19,2,2.1799999999999997,1.24
P100000121182,steel,2025-02-20,1,1.56,1.56
P100000121182,steel,2025-02-21,4,4.74,1.7
P100000121182,steel,2025-02-22,4,6.02,1.91
P100000121182,steel,2025-02-23,1,1.19,1.19
P100000121182,steel,2025-02-24,2,1.96,0.98
P100000121182,steel,2025-02-26,2,3.2800000000000002,1.74
P100000121182,steel,2025-02-27,1,1.62,1.62
P100000121182,steel,2025-02-28,2,4.67,2.56
P100000121182,steel,2025-03-01,1,1.67,1.67
P100000121182,steel,2025-03-03,1,2.03,2.03
P100000121182,steel,2025-03-04,4,5.59,1.84
P100000121182,steel,2025-03-05,2,1.99,1.0
P100000121182,steel,2025-03-06,1,0.92,0.92
P100000121182,steel,2025-03-07,1,1.41,1.41
P100000121182,steel,2025-03-09,1,1.75,1.75
P100000121182,steel,2025-03-10,2,2.64,1.52
P100000121182,steel,2025-03-11,1,2.38,2.38
P100000121182,steel,2025-03-12,1,1.79,1.79
P100000121182,steel,2025-03-13,1,1.32,1.32
P100000121182,steel,2025-03-14,1,1.68,1.68
P100000121182,steel,2025-03-15,1,2.49,2.49
P100000121182,steel,2025-03-16,1,2.15,2.15
P100000121182,steel,2025-03-18,2,2.85,1.8
P100000121182,steel,2025-03-19,2,3.08,1.7
P100000121182,steel,2025-03-22,2,2.87,1.45
P100000121182,steel,2025-03-23,1,1.62,1.62
P100000121182,steel,2025-03-24,1,1.53,1.53
P100000121182,steel,2025-03-25,1,1.47,1.47
P100000121182,steel,2025-03-26,2,4.1,2.12
P100000121182,steel,2025-03-27,1,1.59,1.59
P100000121182,steel,2025-03-28,1,1.88,1.88
P100000121182,steel,2025-03-29,1,2.58,2.58
P100000121182,steel,2025-03-30,1,1.56,1.56
P100000121182,steel,2025-04-01,1,1.09,1.09
P100000121182,steel,2025-04-02,1,1.25,1.25
P100000121182,steel,2025-04-05,4,5.74,1.92
P100000121182,steel,2025-04-07,1,1.48,1.48
P100000121182,steel,2025-04-08,1,1.62,1.62
P100000121182,steel,2025-04-09,1,1.21,1.21
P100000121182,steel,2025-04-15,1,1.72,1.72
P100000121182,steel,2025-04-16,1,1.05,1.05
P100000121182,steel,2025-04-17,1,1.75,1.75
P100000121182,steel,2025-04-18,1,0.96,0.96
P100000121182,steel,2025-04-19,1,1.71,1.71
P100000121182,steel,2025-04-26,1,1.03,1.03
P100000121182,steel,2025-04-28,1,1.68,1.68
P100000121182,steel,2025-04-30,1,0.95,0.95
P100000121182,steel,2025-05-01,2,2.87,1.84
P100000121182,steel,2025-05-02,2,2.38,1.25
P100000121182,steel,2025-05-04,3,6.48,4.37
P100000121182,steel,2025-05-06,2,2.7,1.49
P100000121182,steel,2025-05-07,1,1.44,1.44
P100000121182,steel,2025-05-09,1,2.88,2.88
P100000121182,steel,2025-05-10,1,4.59,4.59
P100000121182,steel,2025-05-11,1,2.6,2.6
P100000121182,steel,2025-05-13,2,1.94,1.01
P100000121182,steel,2025-05-18,1,1.81,1.81
P100000121182,steel,2025-05-19,1,0.47,0.47
P100000121182,steel,2025-05-20,1,1.5,1.5
P100000121182,steel,2025-05-28,3,2.54,1.07
P100000121182,steel,2025-06-01,1,0.79,0.79
P100000121182,steel,2025-06-05,1,1.9,1.9
P100000121182,steel,2025-06-06,2,7.82,5.55
P100000121182,steel,2025-06-07,1,1.87,1.87
P100000121182,steel,2025-06-08,2,3.38,1.8
P100000121182,steel,2025-06-09,1,2.28,2.28
P100000121182,steel,2025-06-10,2,11.36,8.85
P100000121182,steel,2025-06-11,3,2.4699999999999998,0.95
P100000121182,steel,2025-06-12,1,5.01,5.01
P100000121182,steel,2025-06-13,2,6.42,4.58
P100000121182,steel,2025-06-14,1,1.16,1.16
P100000121182,steel,2025-06-22,1,4.55,4.55
P100000121182,steel,2025-06-23,1,2.3,2.3
P100000121182,steel,2025-06-25,3,7.26,3.13
P100000121182,steel,2025-06-30,1,0.56,0.56
P100000121182,steel,2025-07-10,2,4.970000000000001,2.75
P100000121182,steel,2025-07-12,1,0.94,0.94
P100000121182,steel,2025-07-19,1,1.36,1.36
P100000121182,steel,2025-07-21,1,1.44,1.44
P100000121182,steel,2025-07-26,2,3.2,1.71
P100000121182,steel,2025-08-09,1,1.12,1.12
P100000121182,steel,2025-08-10,1,1.5,1.5
P100000121182,steel,2025-08-14,1,2.18,2.18
P100000121182,steel,2025-08-27,2,3.11,1.9
P100000121182,steel,2025-08-31,1,1.06,1.06
P100000121182,steel,2025-09-13,2,1.13,0.57
P100000121182,steel,2025-09-20,1,0.54,0.54
P100000121182,steel,2025-09-21,1,0.55,0.55
P100000121182,steel,2025-09-23,1,0.76,0.76
P100000121182,steel,2025-09-27,1,2.41,2.41
P100000121182,steel,2025-09-28,1,1.29,1.29
P100000121182,steel,2025-09-29,2,4.33,2.2
P100000121182,steel,2025-10-05,1,0.67,0.67
P100000121182,steel,2025-10-06,1,1.24,1.24
P100000121182,steel,2025-10-11,1,2.27,2.27
P100000121182,steel,2025-10-12,2,2.9400000000000004,2.2
P100000121182,steel,2025-10-13,3,6.27,4.35
P100000121182,steel,2025-10-14,3,5.16,2.1
P100000121182,steel,2025-10-15,3,3.28,1.68
P100000121182,steel,2025-10-16,2,3.18,1.59
P100000121182,steel,2025-10-17,2,2.8099999999999996,2.01
P100000121182,steel,2025-10-18,1,1.4,1.4
P100000121182,steel,2025-10-19,5,7.02,2.3
P100000121182,steel,2025-10-20,3,4.52,2.28
P100000121182,steel,2025-10-21,2,2.84,2.23
P100000121182,steel,2025-10-22,1,1.79,1.79
P100000121182,steel,2025-10-23,2,4.2,2.46
P100000121182,steel,2025-10-24,1,2.14,2.14
P100000121182,steel,2025-10-27,1,1.54,1.54
P100000121182,steel,2025-11-02,2,2.42,1.69
P100000121182,steel,2025-11-04,2,2.45,1.47
P100000121182,steel,2025-11-05,1,1.42,1.42
P100000121182,steel,2025-11-06,2,2.79,1.81
P100000121182,steel,2025-11-07,2,2.41,1.64
P100000121182,steel,2025-11-08,1,1.75,1.75
P100000121182,steel,2025-11-09,2,4.89,2.9
P100000121182,steel,2025-11-10,4,7.71,2.72
P100000121182,steel,2025-11-12,2,2.9499999999999997,2.32
P100000121182,steel,2025-11-13,1,1.4,1.4
P100000121182,steel,2025-11-14,1,1.69,1.69
P100000121182,steel,2025-11-15,1,1.38,1.38
P100000121182,steel,2025-11-16,1,1.48,1.48
P100000121182,steel,2025-11-17,2,2.7,1.61
P100000121182,steel,2025-11-18,2,2.12,1.62
P100000121182,steel,2025-11-20,5,6.2,1.86
P100000121182,steel,2025-11-21,1,2.55,2.55
P100000121182,steel,2025-11-22,1,1.98,1.98
P100000121182,steel,2025-11-23,2,2.7,1.87
P100000121182,steel,2025-11-24,1,1.77,1.77
P100000121182,steel,2025-11-25,1,1.31,1.31
P100000121182,steel,2025-11-26,4,8.06,2.68
P100000121182,steel,2025-11-27,1,1.98,1.98
P100000121182,steel,2025-11-28,2,3.16,2.54
P100000121182,steel,2025-11-29,1,2.69,2.69
P100000121182,steel,2025-11-30,3,6.12,2.57
P100000121182,steel,2025-12-01,2,5.08,2.86
P100000121182,steel,2025-12-02,2,2.95,1.5
P100000121182,steel,2025-12-03,2,2.3,1.15
P100000121182,steel,2025-12-04,2,2.6,2.18
P100000121182,steel,2025-12-05,1,1.91,1.91
P100000121182,steel,2025-12-06,4,3.89,1.41
P100000121182,steel,2025-12-07,2,1.3,0.65
P100000121182,steel,2025-12-08,1,1.43,1.43
P100000121182,steel,2025-12-09,1,1.07,1.07
P100000121182,steel,2025-12-10,2,3.32,2.05
P100000121182,steel,2025-12-11,1,3.25,3.25
P100000121182,steel,2025-12-12,3,4.51,2.31
P100000121182,steel,2025-12-13,2,6.49,3.28
P100000121182,steel,2025-12-14,2,4.74,2.41
P100000121182,steel,2025-12-15,3,2.8699999999999997,1.14
P100000121182,steel,2025-12-16,1,3.07,3.07
P100000121182,steel,2025-12-17,5,7.77,1.79
P100000121182,steel,2025-12-18,2,1.86,0.93
P100000121182,steel,2025-12-21,2,2.86,1.43
P100000121182,steel,2025-12-22,5,8.74,2.7
P100000121182,steel,2025-12-23,1,2.39,2.39
P100000121182,steel,2025-12-24,2,2.9299999999999997,1.52
P100000121182,steel,2025-12-25,1,1.38,1.38
P100000121182,steel,2025-12-26,1,1.61,1.61
P100000121182,steel,2025-12-27,1,1.67,1.67
P100000121182,steel,2025-12-28,3,2.83,1.11
P100000121182,steel,2025-12-30,1,1.28,1.28
P100000121182,steel,2025-12-31,1,2.2,2.2
P100000121183,steel,2025-01-01,5,8.39,1.95
P100000121183,steel,2025-01-02,8,6.0600000000000005,1.04
P100000121183,steel,2025-01-03,3,4.97,1.71
P100000121183,steel,2025-01-04,4,13.540000000000001,4.48
P100000121183,steel,2025-01-05,3,9.11,5.19
P100000121183,steel,2025-01-06,7,13.57,3.25
P100000121183,steel,2025-01-07,2,1.62,0.81
P100000121183,steel,2025-01-08,3,4.56,1.66
P100000121183,steel,2025-01-09,4,7.38,3.19
P100000121183,steel,2025-01-10,6,13.17,3.97
P100000121183,steel,2025-01-11,4,5.9399999999999995,2.03
P100000121183,steel,2025-01-12,4,6.57,1.75
P100000121183,steel,2025-01-13,5,10.32,3.66
P100000121183,steel,2025-01-14,5,13.69,3.81
P100000121183,steel,2025-01-15,6,11.440000000000001,2.91
P100000121183,steel,2025-01-18,6,9.120000000000001,2.48
P100000121183,steel,2025-01-19,9,17.5,3.27
P100000121183,steel,2025-01-20,3,6.02,2.11
P100000121183,steel,2025-01-21,8,18.15,4.96
P100000121183,steel,2025-01-22,4,8.120000000000001,2.21
P100000121183,steel,2025-01-23,6,7.37,1.36
P100000121183,steel,2025-01-24,6,7.819999999999999,1.71
P100000121183,steel,2025-01-25,3,6.029999999999999,2.01
P100000121183,steel,2025-01-26,8,16.19,2.53
P100000121183,steel,2025-01-27,2,5.890000000000001,3.85
P100000121183,steel,2025-01-28,5,5.52,1.17
P100000121183,steel,2025-01-29,7,8.01,1.64
P100000121183,steel,2025-01-30,3,7.47,2.84
P100000121183,steel,2025-01-31,5,11.23,3.96
P100000121183,steel,2025-02-01,5,5.17,1.29
P100000121183,steel,2025-02-02,7,14.1,3.37
P100000121183,steel,2025-02-03,5,9.35,2.34
P100000121183,steel,2025-02-04,3,7.74,2.75
P100000121183,steel,2025-02-05,8,14.33,2.66
P100000121183,steel,2025-02-06,7,13.89,3.73
P100000121183,steel,2025-02-07,10,16.47,3.41
P100000121183,steel,2025-02-08,5,6.41,1.82
P100000121183,steel,2025-02-09,4,5.58,1.64
P100000121183,steel,2025-02-10,4,8.43,2.19
P100000121183,steel,2025-02-11,7,16.73,2.95
P100000121183,steel,2025-02-12,3,7.03,3.71
P100000121183,steel,2025-02-13,4,7.95,3.09
P100000121183,steel,2025-02-14,5,10.1,2.74
P100000121183,steel,2025-02-15,3,5.88,2.17
P100000121183,steel,2025-02-16,8,14.32,2.94
P100000121183,steel,2025-02-17,3,4.18,1.56
P100000121183,steel,2025-02-18,2,3.54,2.33
P100000121183,steel,2025-02-19,4,6.140000000000001,2.06
P100000121183,steel,2025-02-20,5,6.4399999999999995,1.55
P100000121183,steel,2025-02-21,6,9.9,2.42
P100000121183,steel,2025-02-22,7,9.48,2.14
P100000121183,steel,2025-02-23,3,6.300000000000001,2.39
P100000121183,steel,2025-02-24,4,6.45,2.29
P100000121183,steel,2025-02-25,2,3.75,2.98
P100000121183,steel,2025-02-26,3,6.109999999999999,2.23
P100000121183,steel,2025-02-27,9,15.73,2.74
P100000121183,steel,2025-02-28,4,8.82,2.85
P100000121183,steel,2025-03-02,4,8.8,2.35
P100000121183,steel,2025-03-03,3,6.5200000000000005,2.49
P100000121183,steel,2025-03-04,4,9.84,3.19
P100000121183,steel,2025-03-05,6,7.2,1.29
P100000121183,steel,2025-03-06,4,5.79,1.54
P100000121183,steel,2025-03-07,5,7.03,1.53
P100000121183,steel,2025-03-08,5,10.93,2.83
P100000121183,steel,2025-03-09,7,13.879999999999999,2.92
P100000121183,steel,2025-03-10,5,12.61,4.42
P100000121183,steel,2025-03-11,4,7.4399999999999995,2.34
P100000121183,steel,2025-03-12,4,7.01,3.09
P100000121183,steel,2025-03-13,4,9.15,3.14
P100000121183,steel,2025-03-14,3,9.56,3.9
P100000121183,steel,2025-03-15,6,15.64,3.51
P100000121183,steel,2025-03-17,5,6.050000000000001,2.24
P100000121183,steel,2025-03-18,4,9.2,3.19
P100000121183,steel,2025-03-19,4,8.07,2.22
P100000121183,steel,2025-03-22,2,3.11,1.68
P100000121183,steel,2025-03-23,5,9.56,3.26
P100000121183,steel,2025-03-24,4,7.370000000000001,2.49
P100000121183,steel,2025-03-25,5,11.55,4.49
P100000121183,steel,2025-03-26,4,10.72,5.48
P100000121183,steel,2025-03-27,3,6.91,2.83
P100000121183,steel,2025-03-28,3,6.76,2.76
P100000121183,steel,2025-03-29,4,10.59,3.62
P100000121183,steel,2025-03-30,1,2.18,2.18
P100000121183,steel,2025-03-31,1,4.5,4.5
P100000121183,steel,2025-04-01,2,4.75,3.18
P100000121183,steel,2025-04-02,3,4.26,1.84
P100000121183,steel,2025-04-04,3,7.57,3.37
P100000121183,steel,2025-04-05,3,8.4,3.94
P100000121183,steel,2025-04-06,1,3.78,3.78
P100000121183,steel,2025-04-07,4,7.54,2.0
P100000121183,steel,2025-04-08,5,12.23,4.03
P100000121183,steel,2025-04-09,4,5.82,1.89
P100000121183,steel,2025-04-12,4,5.92,1.69
P100000121183,steel,2025-04-16,5,10.120000000000001,2.31
P100000121183,steel,2025-04-17,6,11.08,2.88
P100000121183,steel,2025-04-18,4,5.890000000000001,1.62
P100000121183,steel,2025-04-19,4,6.279999999999999,2.03
P100000121183,steel,2025-04-22,1,3.65,3.65
P100000121183,steel,2025-04-23,3,10.33,4.59
P100000121183,steel,2025-04-24,2,4.92,3.17
P100000121183,steel,2025-04-25,3,7.75,3.65
P100000121183,steel,2025-04-26,6,17.88,3.98
P100000121183,steel,2025-04-27,6,15.93,4.21
P100000121183,steel,2025-04-28,5,10.690000000000001,5.82
P100000121183,steel,2025-04-29,1,1.03,1.03
P100000121183,steel,2025-04-30,6,12.4,6.37
P100000121183,steel,2025-05-01,4,5.93,2.25
P100000121183,steel,2025-05-02,7,9.96,1.79
P100000121183,steel,2025-05-05,1,6.88,6.88
P100000121183,steel,2025-05-06,3,5.66,2.6
P100000121183,steel,2025-05-07,2,3.77,2.15
P100000121183,steel,2025-05-09,2,8.29,4.79
P100000121183,steel,2025-05-10,7,23.85,5.15
P100000121183,steel,2025-05-11,3,5.66,1.91
P100000121183,steel,2025-05-13,2,3.63,2.11
P100000121183,steel,2025-05-14,6,16.91,8.13
P100000121183,steel,2025-05-15,3,13.29,5.91
P100000121183,steel,2025-05-18,1,2.31,2.31
P100000121183,steel,2025-05-19,2,2.23,1.46
P100000121183,steel,2025-05-20,4,4.36,1.42
P100000121183,steel,2025-05-21,1,6.41,6.41
P100000121183,steel,2025-05-26,4,5.2299999999999995,1.63
P100000121183,steel,2025-05-27,4,23.549999999999997,8.04
P100000121183,steel,2025-05-28,1,0.96,0.96
P100000121183,steel,2025-06-01,3,3.3200000000000003,1.46
P100000121183,steel,2025-06-05,3,4.58,1.53
P100000121183,steel,2025-06-06,6,10.95,6.46
P100000121183,steel,2025-06-07,7,9.3,1.39
P100000121183,steel,2025-06-08,3,7.96,3.74
P100000121183,steel,2025-06-09,3,3.2800000000000002,1.18
P100000121183,steel,2025-06-10,8,13.52,2.56
P100000121183,steel,2025-06-11,5,6.27,1.44
P100000121183,steel,2025-06-12,5,14.93,7.17
P100000121183,steel,2025-06-13,3,5.05,1.95
P100000121183,steel,2025-06-14,2,2.98,1.52
P100000121183,steel,2025-06-21,1,8.91,8.91
P100000121183,steel,2025-06-22,4,8.02,2.6
P100000121183,steel,2025-07-10,2,2.15,1.26
P100000121183,steel,2025-07-12,4,6.0600000000000005,2.04
P100000121183,steel,2025-07-19,2,2.87,1.52
P100000121183,steel,2025-07-21,1,2.0,2.0
P100000121183,steel,2025-07-23,2,2.9800000000000004,1.61
P100000121183,steel,2025-08-10,3,3.66,1.61
P100000121183,steel,2025-08-13,2,2.52,1.67
P100000121183,steel,2025-08-14,4,7.54,2.4
P100000121183,steel,2025-08-16,1,3.43,3.43
P100000121183,steel,2025-08-25,2,1.0,0.5
P100000121183,steel,2025-08-27,2,3.15,2.03
P100000121183,steel,2025-08-31,1,2.86,2.86
P100000121183,steel,2025-09-02,1,1.01,1.01
P100000121183,steel,2025-09-04,6,13.27,4.4
P100000121183,steel,2025-09-05,3,4.68,1.82
P100000121183,steel,2025-09-06,1,4.67,4.67
P100000121183,steel,2025-09-08,4,7.359999999999999,1.88
P100000121183,steel,2025-09-09,3,2.46,0.84
P100000121183,steel,2025-09-10,1,0.83,0.83
P100000121183,steel,2025-09-13,1,1.93,1.93
P100000121183,steel,2025-09-19,2,1.5,0.78
P100000121183,steel,2025-09-20,1,1.75,1.75
P100000121183,steel,2025-09-23,3,6.199999999999999,3.03
P100000121183,steel,2025-09-24,5,5.5600000000000005,1.44
P100000121183,steel,2025-09-25,1,5.6,5.6
P100000121183,steel,2025-09-27,3,5.68,2.31
P100000121183,steel,2025-09-28,5,8.82,2.64
P100000121183,steel,2025-09-29,3,4.71,1.68
P100000121183,steel,2025-09-30,5,4.91,1.41
P100000121183,steel,2025-10-07,3,2.75,1.43
P100000121183,steel,2025-10-09,4,8.399999999999999,2.28
P100000121183,steel,2025-10-10,1,1.32,1.32
P100000121183,steel,2025-10-11,4,6.98,2.76
P100000121183,steel,2025-10-12,6,10.26,2.48
P100000121183,steel,2025-10-13,4,12.18,4.23
P100000121183,steel,2025-10-14,9,22.63,5.2
P100000121183,steel,2025-10-15,3,5.13,1.75
P100000121183,steel,2025-10-16,3,6.22,2.34
P100000121183,steel,2025-10-17,6,7.5600000000000005,1.6
P100000121183,steel,2025-10-18,5,9.17,2.17
P100000121183,steel,2025-10-19,5,12.86,4.56
P100000121183,steel,2025-10-20,7,17.41,4.27
P100000121183,steel,2025-10-21,5,11.65,5.89
P100000121183,steel,2025-10-22,8,12.35,2.32
P100000121183,steel,2025-10-23,3,6.09,2.58
P100000121183,steel,2025-10-24,6,11.56,2.29
P100000121183,steel,2025-10-27,3,6.26,3.38
P100000121183,steel,2025-11-02,4,6.42,2.15
P100000121183,steel,2025-11-03,3,9.52,3.61
P100000121183,steel,2025-11-04,5,9.93,3.28
P100000121183,steel,2025-11-05,7,13.83,2.45
P100000121183,steel,2025-11-06,3,3.69,1.23
P100000121183,steel,2025-11-07,5,7.15,1.75
P100000121183,steel,2025-11-08,2,4.34,2.17
P100000121183,steel,2025-11-09,2,3.9,1.95
P100000121183,steel,2025-11-10,3,7.13,2.49
P100000121183,steel,2025-11-12,4,7.210000000000001,2.62
P100000121183,steel,2025-11-13,5,10.69,3.38
P100000121183,steel,2025-11-14,3,6.75,3.35
P100000121183,steel,2025-11-15,6,13.5,3.37
P100000121183,steel,2025-11-16,7,9.38,2.13
P100000121183,steel,2025-11-17,5,6.470000000000001,1.33
P100000121183,steel,2025-11-18,5,6.59,1.67
P100000121183,steel,2025-11-19,5,12.21,2.55
P100000121183,steel,2025-11-20,5,9.46,2.86
P100000121183,steel,2025-11-21,11,21.29,3.42
P100000121183,steel,2025-11-22,4,6.87,1.87
P100000121183,steel,2025-11-23,5,7.2299999999999995,1.99
P100000121183,steel,2025-11-24,5,6.630000000000001,1.35
P100000121183,steel,2025-11-25,3,7.77,3.91
P100000121183,steel,2025-11-26,7,13.59,2.54
P100000121183,steel,2025-11-27,3,4.17,1.39
P100000121183,steel,2025-11-29,5,5.510000000000001,1.11
P100000121183,steel,2025-11-30,4,6.2299999999999995,1.69
P100000121183,steel,2025-12-01,5,8.700000000000001,2.74
P100000121183,steel,2025-12-02,2,2.34,1.17
P100000121183,steel,2025-12-03,3,5.859999999999999,2.21
P100000121183,steel,2025-12-04,3,6.46,2.83
P100000121183,steel,2025-12-05,2,4.74,2.37
P100000121183,steel,2025-12-06,7,10.29,2.02
P100000121183,steel,2025-12-07,5,8.84,2.48
P100000121183,steel,2025-12-08,2,1.6,0.83
P100000121183,steel,2025-12-09,6,4.76,1.21
P100000121183,steel,2025-12-10,7,14.67,4.5
P100000121183,steel,2025-12-11,4,7.9,2.2
P100000121183,steel,2025-12-12,6,18.71,4.93
P100000121183,steel,2025-12-13,3,6.84,2.71
P100000121183,steel,2025-12-14,4,6.1,1.7
P100000121183,steel,2025-12-15,4,6.76,2.14
P100000121183,steel,2025-12-16,4,7.02,1.93
P100000121183,steel,2025-12-17,5,9.0,2.05
P100000121183,steel,2025-12-20,2,4.06,2.03
P100000121183,steel,2025-12-21,3,6.38,2.42
P100000121183,steel,2025-12-22,10,19.92,3.4
P100000121183,steel,2025-12-23,7,11.35,2.52
P100000121183,steel,2025-12-24,6,7.199999999999999,1.82
P100000121183,steel,2025-12-25,5,11.1,4.39
P100000121183,steel,2025-12-26,5,8.01,2.9
P100000121183,steel,2025-12-27,4,7.32,2.02
P100000121183,steel,2025-12-28,10,20.67,4.16
P100000121183,steel,2025-12-30,6,8.879999999999999,2.65
P100000121183,steel,2025-12-31,4,7.21,2.07
P100000121184,steel,2025-01-01,1,3.98,3.98
P100000121184,steel,2025-01-02,2,1.84,0.93
P100000121184,steel,2025-01-07,2,2.9699999999999998,1.73
P100000121184,steel,2025-01-08,1,1.59,1.59
P100000121184,steel,2025-01-10,1,1.32,1.32
P100000121184,steel,2025-01-11,3,4.26,1.69
P100000121184,steel,2025-01-12,2,1.98,0.99
P100000121184,steel,2025-01-13,1,0.57,0.57
P100000121184,steel,2025-01-16,2,2.52,1.26
P100000121184,steel,2025-01-17,2,2.69,1.8
P100000121184,steel,2025-01-20,2,2.92,1.46
P100000121184,steel,2025-01-21,1,2.59,2.59
P100000121184,steel,2025-01-22,1,1.61,1.61
P100000121184,steel,2025-01-23,1,1.14,1.14
P100000121184,steel,2025-01-25,1,2.26,2.26
P100000121184,steel,2025-01-26,2,2.73,1.69
P100000121184,steel,2025-01-28,1,0.98,0.98
P100000121184,steel,2025-01-29,1,1.47,1.47
P100000121184,steel,2025-02-01,2,3.6399999999999997,2.13
P100000121184,steel,2025-02-02,2,5.04,4.22
P100000121184,steel,2025-02-06,2,4.19,2.66
P100000121184,steel,2025-02-09,1,0.78,0.78
P100000121184,steel,2025-02-10,1,1.79,1.79
P100000121184,steel,2025-02-11,1,1.26,1.26
P100000121184,steel,2025-02-12,1,1.91,1.91
P100000121184,steel,2025-02-14,2,3.5599999999999996,2.36
P100000121184,steel,2025-02-15,1,1.8,1.8
P100000121184,steel,2025-02-16,2,4.58,2.7
P100000121184,steel,2025-02-17,2,5.29,3.69
P100000121184,steel,2025-02-18,1,1.61,1.61
P100000121184,steel,2025-02-20,1,1.49,1.49
P100000121184,steel,2025-02-21,2,5.41,3.32
P100000121184,steel,2025-02-25,1,1.36,1.36
P100000121184,steel,2025-03-04,1,2.53,2.53
P100000121184,steel,2025-03-06,1,1.23,1.23
P100000121184,steel,2025-03-07,1,2.1,2.1
P100000121184,steel,2025-03-08,2,7.0200000000000005,4.03
P100000121184,steel,2025-03-09,1,1.57,1.57
P100000121184,steel,2025-03-10,1,2.44,2.44
P100000121184,steel,2025-03-11,1,3.52,3.52
P100000121184,steel,2025-03-12,1,1.71,1.71
P100000121184,steel,2025-03-15,1,1.49,1.49
P100000121184,steel,2025-03-17,1,2.03,2.03
P100000121184,steel,2025-03-18,1,1.65,1.65
P100000121184,steel,2025-03-20,2,2.06,1.03
P100000121184,steel,2025-03-22,1,1.05,1.05
P100000121184,steel,2025-03-23,1,1.55,1.55
P100000121184,steel,2025-03-26,1,1.72,1.72
P100000121184,steel,2025-03-27,1,2.07,2.07
P100000121184,steel,2025-03-28,2,2.8099999999999996,1.41
P100000121184,steel,2025-03-31,2,3.55,2.41
P100000121184,steel,2025-04-01,1,1.92,1.92
P100000121184,steel,2025-04-04,1,1.14,1.14
P100000121184,steel,2025-04-05,1,2.12,2.12
P100000121184,steel,2025-04-07,3,4.49,1.75
P100000121184,steel,2025-04-08,1,2.88,2.88
P100000121184,steel,2025-04-14,1,1.77,1.77
P100000121184,steel,2025-04-17,3,9.11,4.1
P100000121184,steel,2025-04-19,1,1.1,1.1
P100000121184,steel,2025-04-21,1,2.46,2.46
P100000121184,steel,2025-04-23,1,4.0,4.0
P100000121184,steel,2025-04-24,1,1.6,1.6
P100000121184,steel,2025-04-29,2,2.79,1.97
P100000121184,steel,2025-04-30,2,2.74,1.85
P100000121184,steel,2025-05-01,1,2.87,2.87
P100000121184,steel,2025-05-02,3,4.73,2.45
P100000121184,steel,2025-05-04,1,1.83,1.83
P100000121184,steel,2025-05-05,1,3.66,3.66
P100000121184,steel,2025-05-07,1,3.79,3.79
P100000121184,steel,2025-05-10,1,1.74,1.74
P100000121184,steel,2025-05-11,1,4.03,4.03
P100000121184,steel,2025-05-14,2,3.0599999999999996,2.01
P100000121184,steel,2025-05-16,1,1.06,1.06
P100000121184,steel,2025-05-25,2,2.65,1.4
P100000121184,steel,2025-06-01,1,1.58,1.58
P100000121184,steel,2025-06-10,2,2.02,1.05
P100000121184,steel,2025-06-11,1,1.14,1.14
P100000121184,steel,2025-06-13,1,2.52,2.52
P100000121184,steel,2025-07-17,2,2.4,1.49
P100000121184,steel,2025-07-21,1,1.16,1.16
P100000121184,steel,2025-08-11,1,1.52,1.52
P100000121184,steel,2025-08-14,1,1.49,1.49
P100000121184,steel,2025-08-17,1,1.84,1.84
P100000121184,steel,2025-09-07,1,0.95,0.95
P100000121184,steel,2025-09-08,2,5.94,2.97
P100000121184,steel,2025-09-24,2,2.74,1.52
P100000121184,steel,2025-09-25,1,1.67,1.67
P100000121184,steel,2025-10-07,1,1.88,1.88
P100000121184,steel,2025-10-10,1,1.69,1.69
P100000121184,steel,2025-10-11,1,5.5,5.5
P100000121184,steel,2025-10-13,1,1.13,1.13
P100000121184,steel,2025-10-14,1,4.96,4.96
P100000121184,steel,2025-10-15,1,1.39,1.39
P100000121184,steel,2025-10-16,1,1.16,1.16
P100000121184,steel,2025-10-18,1,1.5,1.5
P100000121184,steel,2025-10-19,2,3.6900000000000004,1.85
P100000121184,steel,2025-10-21,2,2.8099999999999996,1.43
P100000121184,steel,2025-10-22,2,7.74,6.88
P100000121184,steel,2025-10-23,1,2.19,2.19
P100000121184,steel,2025-10-26,1,2.78,2.78
P100000121184,steel,2025-10-30,1,1.67,1.67
P100000121184,steel,2025-11-01,2,3.55,1.93
P100000121184,steel,2025-11-02,2,3.12,1.59
P100000121184,steel,2025-11-04,2,4.5,2.25
P100000121184,steel,2025-11-06,1,2.66,2.66
P100000121184,steel,2025-11-07,1,1.05,1.05
P100000121184,steel,2025-11-08,2,3.3,2.0
P100000121184,steel,2025-11-09,1,1.41,1.41
P100000121184,steel,2025-11-10,2,5.76,4.0
P100000121184,steel,2025-11-12,1,1.23,1.23
P100000121184,steel,2025-11-16,1,1.28,1.28
P100000121184,steel,2025-11-17,2,1.66,0.94
P100000121184,steel,2025-11-19,1,1.21,1.21
P100000121184,steel,2025-11-20,1,3.85,3.85
P100000121184,steel,2025-11-22,2,3.02,1.78
P100000121184,steel,2025-11-23,2,1.8,0.9
P100000121184,steel,2025-11-25,1,0.81,0.81
P100000121184,steel,2025-11-26,1,1.41,1.41
P100000121184,steel,2025-11-28,2,8.1,5.79
P100000121184,steel,2025-12-03,2,4.640000000000001,4.08
P100000121184,steel,2025-12-04,2,1.9900000000000002,1.09
P100000121184,steel,2025-12-05,2,3.45,2.34
P100000121184,steel,2025-12-07,2,3.58,1.79
P100000121184,steel,2025-12-09,2,2.2,1.42
P100000121184,steel,2025-12-10,1,0.61,0.61
P100000121184,steel,2025-12-11,1,2.42,2.42
P100000121184,steel,2025-12-12,2,2.5,1.87
P100000121184,steel,2025-12-13,2,3.26,2.44
P100000121184,steel,2025-12-14,3,3.0300000000000002,1.01
P100000121184,steel,2025-12-15,2,2.68,1.34
P100000121184,steel,2025-12-18,2,6.66,4.75
P100000121184,steel,2025-12-19,1,0.89,0.89
P100000121184,steel,2025-12-22,1,2.02,2.02
P100000121184,steel,2025-12-23,2,4.92,2.61
P100000121184,steel,2025-12-25,1,0.97,0.97
P100000121184,steel,2025-12-26,2,2.21,1.63
P100000121184,steel,2025-12-27,1,1.97,1.97
P100000121184,steel,2025-12-28,2,3.33,1.74
P100000121184,steel,2025-12-29,3,3.5700000000000003,1.26
P100000121184,steel,2025-12-30,2,2.7,1.45
P100000121184,steel,2025-12-31,4,5.96,1.57
P100000121185,steel,2025-02-14,1,0.56,0.56
P100000121185,steel,2025-02-20,1,1.01,1.01
P100000121185,steel,2025-02-22,1,0.85,0.85
P100000121185,steel,2025-02-23,1,0.27,0.27
P100000121185,steel,2025-02-24,1,0.65,0.65
P100000121185,steel,2025-02-28,1,0.44,0.44
P100000121185,steel,2025-03-01,1,0.44,0.44
P100000121185,steel,2025-03-12,1,0.41,0.41
P100000121185,steel,2025-04-07,1,0.69,0.69
P100000121185,steel,2025-04-08,1,0.57,0.57
P100000121185,steel,2025-05-10,1,1.08,1.08
P100000121185,steel,2025-06-05,1,0.94,0.94
P100000121185,steel,2025-09-08,1,0.73,0.73
P100000121185,steel,2025-09-09,1,1.06,1.06
P100000121185,steel,2025-09-24,1,1.38,1.38
P100000121185,steel,2025-09-30,1,0.75,0.75
P100000121185,steel,2025-10-06,1,0.94,0.94
P100000121185,steel,2025-10-11,1,0.92,0.92
P100000121185,steel,2025-10-17,1,0.43,0.43
P100000121185,steel,2025-10-18,1,0.46,0.46
P100000121185,steel,2025-10-22,1,0.93,0.93
P100000121185,steel,2025-10-24,1,0.43,0.43
P100000121185,steel,2025-11-01,1,0.93,0.93
P100000121185,steel,2025-11-06,1,0.42,0.42
P100000121185,steel,2025-11-07,1,0.91,0.91
P100000121185,steel,2025-11-12,1,0.53,0.53
P100000121185,steel,2025-11-13,1,0.8,0.8
P100000121185,steel,2025-11-19,1,1.13,1.13
P100000121185,steel,2025-11-22,1,1.11,1.11
P100000121185,steel,2025-11-23,1,0.66,0.66
P100000121185,steel,2025-12-03,1,0.77,0.77
P100000121185,steel,2025-12-04,1,0.92,0.92
P100000121185,steel,2025-12-05,1,0.6,0.6
P100000121185,steel,2025-12-13,1,0.79,0.79
P100000121185,steel,2025-12-14,1,0.88,0.88
P100000121185,steel,2025-12-25,1,0.35,0.35
P100000121185,steel,2025-12-30,1,0.38,0.38
P100000121185,steel,2025-12-31,2,1.43,0.74
P100000121186,steel,2025-01-01,2,2.3,1.5
P100000121186,steel,2025-01-02,1,1.66,1.66
P100000121186,steel,2025-01-03,2,2.1500000000000004,1.09
P100000121186,steel,2025-01-04,3,4.4,1.71
P100000121186,steel,2025-01-05,2,1.72,0.86
P100000121186,steel,2025-01-06,1,1.66,1.66
P100000121186,steel,2025-01-07,1,1.86,1.86
P100000121186,steel,2025-01-08,2,3.24,1.86
P100000121186,steel,2025-01-09,3,3.38,1.39
P100000121186,steel,2025-01-10,4,5.22,1.76
P100000121186,steel,2025-01-11,2,1.81,1.04
P100000121186,steel,2025-01-12,2,2.06,1.03
P100000121186,steel,2025-01-13,2,1.49,0.9
P100000121186,steel,2025-01-14,1,1.83,1.83
P100000121186,steel,2025-01-15,2,2.77,1.51
P100000121186,steel,2025-01-16,4,4.54,1.23
P100000121186,steel,2025-01-17,2,2.04,1.45
P100000121186,steel,2025-01-18,2,2.4,1.2
P100000121186,steel,2025-01-19,2,2.52,1.26
P100000121186,steel,2025-01-20,1,2.07,2.07
P100000121186,steel,2025-01-21,2,1.94,1.37
P100000121186,steel,2025-01-22,3,4.3,1.94
P100000121186,steel,2025-01-23,2,1.42,0.89
P100000121186,steel,2025-01-24,3,4.2,1.82
P100000121186,steel,2025-01-25,2,2.04,1.02
P100000121186,steel,2025-01-26,2,3.7,2.08
P100000121186,steel,2025-01-27,2,2.48,2.04
P100000121186,steel,2025-01-28,2,2.46,1.85
P100000121186,steel,2025-01-29,1,1.9,1.9
P100000121186,steel,2025-01-30,1,2.34,2.34
P100000121186,steel,2025-01-31,2,3.45,1.73
P100000121186,steel,2025-02-01,1,2.19,2.19
P100000121186,steel,2025-02-02,2,2.46,1.23
P100000121186,steel,2025-02-03,2,2.38,1.62
P100000121186,steel,2025-02-04,1,1.9,1.9
P100000121186,steel,2025-02-05,5,4.91,1.42
P100000121186,steel,2025-02-06,2,1.84,0.92
P100000121186,steel,2025-02-07,2,1.8199999999999998,1.14
P100000121186,steel,2025-02-08,1,1.94,1.94
P100000121186,steel,2025-02-09,3,4.93,2.45
P100000121186,steel,2025-02-10,1,1.27,1.27
P100000121186,steel,2025-02-11,1,1.67,1.67
P100000121186,steel,2025-02-12,2,1.5899999999999999,0.89
P100000121186,steel,2025-02-13,2,2.29,1.43
P100000121186,steel,2025-02-14,2,2.22,1.11
P100000121186,steel,2025-02-15,3,4.51,2.22
P100000121186,steel,2025-02-16,2,2.69,1.41
P100000121186,steel,2025-02-17,1,0.64,0.64
P100000121186,steel,2025-02-18,2,2.2,1.1
P100000121186,steel,2025-02-19,2,2.26,1.28
P100000121186,steel,2025-02-20,2,1.92,0.96
P100000121186,steel,2025-02-21,2,2.23,1.59
P100000121186,steel,2025-02-22,2,2.6799999999999997,1.47
P100000121186,steel,2025-02-23,1,2.09,2.09
P100000121186,steel,2025-02-24,2,2.11,1.15
P100000121186,steel,2025-02-25,2,2.0,1.0
P100000121186,steel,2025-02-26,2,1.51,0.81
P100000121186,steel,2025-02-27,3,4.1,1.58
P100000121186,steel,2025-02-28,2,1.92,0.96
P100000121186,steel,2025-03-01,1,1.57,1.57
P100000121186,steel,2025-03-02,1,0.79,0.79
P100000121186,steel,2025-03-03,1,1.15,1.15
P100000121186,steel,2025-03-04,2,1.8599999999999999,1.16
P100000121186,steel,2025-03-05,1,0.97,0.97
P100000121186,steel,2025-03-06,1,0.9,0.9
P100000121186,steel,2025-03-07,2,1.3399999999999999,0.74
P100000121186,steel,2025-03-08,1,1.37,1.37
P100000121186,steel,2025-03-09,2,2.09,1.11
P100000121186,steel,2025-03-10,1,1.13,1.13
P100000121186,steel,2025-03-11,1,1.96,1.96
P100000121186,steel,2025-03-12,1,1.48,1.48
P100000121186,steel,2025-03-13,1,1.46,1.46
P100000121186,steel,2025-03-14,2,2.74,1.53
P100000121186,steel,2025-03-15,2,1.92,1.2
P100000121186,steel,2025-03-16,1,1.3,1.3
P100000121186,steel,2025-03-17,2,1.6,1.02
P100000121186,steel,2025-03-18,1,1.93,1.93
P100000121186,steel,2025-03-20,4,4.68,1.71
P100000121186,steel,2025-03-21,1,1.32,1.32
P100000121186,steel,2025-03-23,1,1.84,1.84
P100000121186,steel,2025-03-24,1,1.92,1.92
P100000121186,steel,2025-03-25,2,2.8600000000000003,1.59
P100000121186,steel,2025-03-26,2,1.72,0.86
P100000121186,steel,2025-03-27,3,4.05,2.08
P100000121186,steel,2025-03-28,2,1.7599999999999998,1.14
P100000121186,steel,2025-03-29,2,2.4699999999999998,1.53
P100000121186,steel,2025-03-30,3,3.27,1.59
P100000121186,steel,2025-03-31,3,4.7700000000000005,1.84
P100000121186,steel,2025-04-01,4,7.97,3.61
P100000121186,steel,2025-04-02,1,2.3,2.3
P100000121186,steel,2025-04-04,2,4.46,2.73
P100000121186,steel,2025-04-05,1,1.5,1.5
P100000121186,steel,2025-04-06,1,3.07,3.07
P100000121186,steel,2025-04-07,2,2.38,1.69
P100000121186,steel,2025-04-08,1,1.49,1.49
P100000121186,steel,2025-04-09,2,2.87,1.62
P100000121186,steel,2025-04-11,3,2.62,1.38
P100000121186,steel,2025-04-13,1,3.14,3.14
P100000121186,steel,2025-04-14,3,5.13,2.72
P100000121186,steel,2025-04-16,4,8.07,2.45
P100000121186,steel,2025-04-17,4,5.6,2.77
P100000121186,steel,2025-04-18,2,5.99,4.04
P100000121186,steel,2025-04-19,3,4.03,1.41
P100000121186,steel,2025-04-21,2,3.37,1.69
P100000121186,steel,2025-04-22,2,3.09,1.91
P100000121186,steel,2025-04-23,2,2.16,1.12
P100000121186,steel,2025-04-24,2,2.5700000000000003,1.55
P100000121186,steel,2025-04-25,2,2.96,1.48
P100000121186,steel,2025-04-26,2,2.5599999999999996,1.43
P100000121186,steel,2025-04-28,2,2.22,1.11
P100000121186,steel,2025-04-29,1,0.69,0.69
P100000121186,steel,2025-04-30,4,10.219999999999999,5.93
P100000121186,steel,2025-05-01,2,1.78,0.89
P100000121186,steel,2025-05-02,2,3.5300000000000002,1.91
P100000121186,steel,2025-05-03,3,3.09,1.45
P100000121186,steel,2025-05-04,2,2.0,1.14
P100000121186,steel,2025-05-05,2,1.86,0.93
P100000121186,steel,2025-05-06,1,0.82,0.82
P100000121186,steel,2025-05-07,1,1.65,1.65
P100000121186,steel,2025-05-09,2,2.42,1.21
P100000121186,steel,2025-05-10,3,10.67,8.04
P100000121186,steel,2025-05-11,3,5.32,2.48
P100000121186,steel,2025-05-13,1,0.91,0.91
P100000121186,steel,2025-05-14,1,1.42,1.42
P100000121186,steel,2025-05-20,3,7.699999999999999,3.04
P100000121186,steel,2025-05-21,1,7.26,7.26
P100000121186,steel,2025-05-28,3,5.11,2.12
P100000121186,steel,2025-06-03,2,3.73,2.08
P100000121186,steel,2025-06-05,3,6.29,4.12
P100000121186,steel,2025-06-06,2,1.1,0.55
P100000121186,steel,2025-06-08,1,0.92,0.92
P100000121186,steel,2025-06-10,1,1.5,1.5
P100000121186,steel,2025-06-12,2,2.5,1.25
P100000121186,steel,2025-06-13,3,6.9399999999999995,2.59
P100000121186,steel,2025-06-14,3,2.98,1.29
P100000121186,steel,2025-07-15,1,2.87,2.87
P100000121186,steel,2025-07-16,4,2.38,0.72
P100000121186,steel,2025-07-21,2,1.48,0.77
P100000121186,steel,2025-07-22,4,3.85,1.54
P100000121186,steel,2025-08-08,2,4.58,3.14
P100000121186,steel,2025-08-11,3,5.1,2.25
P100000121186,steel,2025-08-15,3,2.4699999999999998,1.13
P100000121186,steel,2025-08-16,5,6.5200000000000005,1.66
P100000121186,steel,2025-08-27,1,1.05,1.05
P100000121186,steel,2025-08-31,4,4.199999999999999,1.16
P100000121186,steel,2025-09-05,2,2.88,1.44
P100000121186,steel,2025-09-07,4,7.45,3.43
P100000121186,steel,2025-09-08,3,3.5300000000000002,1.32
P100000121186,steel,2025-09-09,3,2.29,1.05
P100000121186,steel,2025-09-13,2,1.37,0.75
P100000121186,steel,2025-09-17,1,0.9,0.9
P100000121186,steel,2025-09-18,4,3.34,1.27
P100000121186,steel,2025-09-19,3,2.26,0.76
P100000121186,steel,2025-09-20,2,1.74,0.87
P100000121186,steel,2025-09-25,1,1.14,1.14
P100000121186,steel,2025-09-26,2,1.48,0.83
P100000121186,steel,2025-09-27,2,3.16,1.61
P100000121186,steel,2025-09-28,2,3.41,2.66
P100000121186,steel,2025-09-29,2,4.36,2.2
P100000121186,steel,2025-09-30,2,5.18,2.62
P100000121186,steel,2025-10-01,1,5.66,5.66
P100000121186,steel,2025-10-06,3,1.9300000000000002,1.09
P100000121186,steel,2025-10-08,6,4.47,0.75
P100000121186,steel,2025-10-10,3,1.7999999999999998,0.61
P100000121186,steel,2025-10-11,2,3.56,2.31
P100000121186,steel,2025-10-12,3,8.469999999999999,5.56
P100000121186,steel,2025-10-13,3,5.91,3.19
P100000121186,steel,2025-10-14,2,5.369999999999999,3.01
P100000121186,steel,2025-10-15,4,6.43,2.33
P100000121186,steel,2025-10-16,4,9.18,5.54
P100000121186,steel,2025-10-17,4,11.350000000000001,6.98
P100000121186,steel,2025-10-18,2,3.66,2.13
P100000121186,steel,2025-10-19,3,5.21,1.99
P100000121186,steel,2025-10-20,6,8.21,2.46
P100000121186,steel,2025-10-21,2,3.91,1.97
P100000121186,steel,2025-10-22,3,3.62,1.32
P100000121186,steel,2025-10-23,1,1.96,1.96
P100000121186,steel,2025-10-24,1,1.79,1.79
P100000121186,steel,2025-10-26,2,3.5700000000000003,2.0
P100000121186,steel,2025-10-27,3,3.54,1.39
P100000121186,steel,2025-10-29,3,4.86,1.78
P100000121186,steel,2025-10-30,2,3.86,3.01
P100000121186,steel,2025-11-01,3,4.22,2.17
P100000121186,steel,2025-11-02,1,1.27,1.27
P100000121186,steel,2025-11-04,4,7.9399999999999995,2.86
P100000121186,steel,2025-11-05,3,3.09,1.04
P100000121186,steel,2025-11-06,3,3.84,1.28
P100000121186,steel,2025-11-07,5,4.37,1.12
P100000121186,steel,2025-11-08,3,3.3600000000000003,1.12
P100000121186,steel,2025-11-09,6,8.98,2.35
P100000121186,steel,2025-11-10,4,7.18,2.9
P100000121186,steel,2025-11-12,4,4.07,1.21
P100000121186,steel,2025-11-13,3,2.94,0.98
P100000121186,steel,2025-11-14,2,2.34,1.17
P100000121186,steel,2025-11-15,4,6.58,1.71
P100000121186,steel,2025-11-16,2,2.7,1.35
P100000121186,steel,2025-11-17,4,4.01,1.04
P100000121186,steel,2025-11-18,3,3.83,2.41
P100000121186,steel,2025-11-19,2,2.82,1.41
P100000121186,steel,2025-11-20,5,10.2,2.92
P100000121186,steel,2025-11-21,5,6.68,1.77
P100000121186,steel,2025-11-22,3,3.61,1.23
P100000121186,steel,2025-11-23,3,3.34,2.04
P100000121186,steel,2025-11-24,3,4.1899999999999995,1.81
P100000121186,steel,2025-11-25,5,6.72,2.02
P100000121186,steel,2025-11-26,5,6.3,1.39
P100000121186,steel,2025-11-27,4,4.63,1.81
P100000121186,steel,2025-11-28,5,5.94,2.22
P100000121186,steel,2025-11-29,4,4.57,1.76
P100000121186,steel,2025-12-01,2,1.96,1.0
P100000121186,steel,2025-12-02,2,4.07,3.09
P100000121186,steel,2025-12-03,2,2.9400000000000004,1.59
P100000121186,steel,2025-12-04,2,3.36,1.68
P100000121186,steel,2025-12-05,2,4.45,2.23
P100000121186,steel,2025-12-07,9,11.06,2.67
P100000121186,steel,2025-12-08,3,4.2700000000000005,1.55
P100000121186,steel,2025-12-09,2,2.8899999999999997,1.65
P100000121186,steel,2025-12-10,1,2.31,2.31
P100000121186,steel,2025-12-11,3,4.9399999999999995,2.59
P100000121186,steel,2025-12-12,4,6.25,2.51
P100000121186,steel,2025-12-13,3,3.7199999999999998,1.64
P100000121186,steel,2025-12-14,4,4.01,1.4
P100000121186,steel,2025-12-15,3,3.38,1.34
P100000121186,steel,2025-12-16,2,3.08,1.67
P100000121186,steel,2025-12-17,8,11.65,2.57
P100000121186,steel,2025-12-18,5,7.11,1.8
P100000121186,steel,2025-12-19,6,10.040000000000001,4.07
P100000121186,steel,2025-12-20,4,3.17,0.85
P100000121186,steel,2025-12-22,5,8.64,2.79
P100000121186,steel,2025-12-23,2,3.38,1.69
P100000121186,steel,2025-12-24,2,3.7199999999999998,2.51
P100000121186,steel,2025-12-25,2,4.04,2.65
P100000121186,steel,2025-12-26,3,3.79,1.51
P100000121186,steel,2025-12-27,2,2.8,1.8
P100000121186,steel,2025-12-28,4,7.18,3.07
P100000121186,steel,2025-12-29,3,3.7199999999999998,1.24
P100000121186,steel,2025-12-30,3,4.23,2.14
P100000121186,steel,2025-12-31,3,3.52,1.38
P100000121187,steel,2025-01-01,3,8.29,3.61
P100000121187,steel,2025-01-02,5,8.69,4.79
P100000121187,steel,2025-01-03,4,14.36,5.69
P100000121187,steel,2025-01-04,5,4.01,0.85
P100000121187,steel,2025-01-05,4,7.98,2.66
P100000121187,steel,2025-01-06,3,8.86,4.26
P100000121187,steel,2025-01-07,4,11.49,3.99
P100000121187,steel,2025-01-08,6,15.6,4.89
P100000121187,steel,2025-01-09,4,12.52,4.41
P100000121187,steel,2025-01-10,6,16.65,3.7
P100000121187,steel,2025-01-11,2,5.75,2.92
P100000121187,steel,2025-01-12,4,11.620000000000001,6.23
P100000121187,steel,2025-01-13,4,9.05,3.6
P100000121187,steel,2025-01-14,2,5.63,4.46
P100000121187,steel,2025-01-15,6,11.07,3.59
P100000121187,steel,2025-01-16,8,14.2,2.35
P100000121187,steel,2025-01-17,4,5.24,1.37
P100000121187,steel,2025-01-18,3,10.28,4.68
P100000121187,steel,2025-01-19,5,15.42,6.3
P100000121187,steel,2025-01-20,2,6.960000000000001,3.99
P100000121187,steel,2025-01-21,8,15.53,3.77
P100000121187,steel,2025-01-22,2,9.77,5.46
P100000121187,steel,2025-01-23,1,5.49,5.49
P100000121187,steel,2025-01-24,1,3.66,3.66
P100000121187,steel,2025-01-25,3,5.109999999999999,2.55
P100000121187,steel,2025-01-26,7,17.939999999999998,5.3
P100000121187,steel,2025-01-27,4,8.51,2.29
P100000121187,steel,2025-01-28,4,11.09,5.65
P100000121187,steel,2025-01-29,2,2.8499999999999996,1.9
P100000121187,steel,2025-01-30,4,7.52,3.85
P100000121187,steel,2025-02-01,2,6.1899999999999995,4.51
P100000121187,steel,2025-02-02,1,2.1,2.1
P100000121187,steel,2025-02-03,3,7.79,3.02
P100000121187,steel,2025-02-04,3,11.73,6.05
P100000121187,steel,2025-02-05,3,3.45,1.3
P100000121187,steel,2025-02-06,4,10.26,3.75
P100000121187,steel,2025-02-07,1,3.34,3.34
P100000121187,steel,2025-02-08,3,11.25,5.77
P100000121187,steel,2025-02-09,4,8.02,3.4
P100000121187,steel,2025-02-10,2,2.9800000000000004,1.62
P100000121187,steel,2025-02-11,2,5.15,3.22
P100000121187,steel,2025-02-12,2,4.36,2.18
P100000121187,steel,2025-02-13,3,11.510000000000002,7.07
P100000121187,steel,2025-02-14,3,12.420000000000002,6.48
P100000121187,steel,2025-02-15,4,11.93,6.36
P100000121187,steel,2025-02-16,4,14.670000000000002,4.65
P100000121187,steel,2025-02-17,8,18.47,3.8
P100000121187,steel,2025-02-18,4,12.049999999999999,5.35
P100000121187,steel,2025-02-20,1,1.81,1.81
P100000121187,steel,2025-02-21,4,8.69,3.67
P100000121187,steel,2025-02-22,1,5.38,5.38
P100000121187,steel,2025-02-24,3,8.25,3.95
P100000121187,steel,2025-02-25,1,1.28,1.28
P100000121187,steel,2025-02-26,4,16.43,5.57
P100000121187,steel,2025-02-27,6,9.93,3.09
P100000121187,steel,2025-02-28,3,18.93,7.51
P100000121187,steel,2025-03-01,2,12.71,7.84
P100000121187,steel,2025-03-02,5,16.28,5.97
P100000121187,steel,2025-03-03,2,4.2,2.1
P100000121187,steel,2025-03-04,4,15.350000000000001,6.74
P100000121187,steel,2025-03-05,2,6.5600000000000005,3.72
P100000121187,steel,2025-03-06,5,14.78,8.26
P100000121187,steel,2025-03-07,3,12.5,6.98
P100000121187,steel,2025-03-08,4,12.16,5.98
P100000121187,steel,2025-03-09,4,4.1,1.07
P100000121187,steel,2025-03-10,4,12.969999999999999,6.06
P100000121187,steel,2025-03-11,4,6.6,2.04
P100000121187,steel,2025-03-12,5,11.56,3.29
P100000121187,steel,2025-03-13,1,2.42,2.42
P100000121187,steel,2025-03-14,2,5.46,2.73
P100000121187,steel,2025-03-15,5,12.299999999999999,4.6
P100000121187,steel,2025-03-16,3,14.12,8.03
P100000121187,steel,2025-03-17,2,5.76,2.88
P100000121187,steel,2025-03-18,5,12.4,4.0
P100000121187,steel,2025-03-19,3,11.01,7.24
P100000121187,steel,2025-03-21,1,4.44,4.44
P100000121187,steel,2025-03-22,2,3.88,2.14
P100000121187,steel,2025-03-23,3,5.880000000000001,2.43
P100000121187,steel,2025-03-24,4,12.94,6.88
P100000121187,steel,2025-03-25,3,9.65,5.65
P100000121187,steel,2025-03-26,4,17.09,7.1
P100000121187,steel,2025-03-27,2,13.59,8.59
P100000121187,steel,2025-03-28,3,16.11,10.87
P100000121187,steel,2025-03-29,3,16.07,10.17
P100000121187,steel,2025-03-30,4,20.9,8.74
P100000121187,steel,2025-03-31,4,11.02,3.45
P100000121187,steel,2025-04-01,3,19.14,8.03
P100000121187,steel,2025-04-02,2,9.530000000000001,5.15
P100000121187,steel,2025-04-03,1,2.75,2.75
P100000121187,steel,2025-04-04,3,5.5200000000000005,1.84
P100000121187,steel,2025-04-05,7,18.64,5.01
P100000121187,steel,2025-04-06,3,6.529999999999999,3.77
P100000121187,steel,2025-04-07,2,13.620000000000001,8.83
P100000121187,steel,2025-04-08,5,13.92,4.17
P100000121187,steel,2025-04-09,2,6.35,3.3
P100000121187,steel,2025-04-11,4,12.34,3.96
P100000121187,steel,2025-04-12,1,5.47,5.47
P100000121187,steel,2025-04-13,1,8.23,8.23
P100000121187,steel,2025-04-14,1,8.95,8.95
P100000121187,steel,2025-04-16,3,10.59,3.91
P100000121187,steel,2025-04-17,1,4.19,4.19
P100000121187,steel,2025-04-18,2,8.64,5.23
P100000121187,steel,2025-04-19,3,11.77,5.67
P100000121187,steel,2025-04-22,3,8.24,5.24
P100000121187,steel,2025-04-23,1,4.68,4.68
P100000121187,steel,2025-04-24,3,12.26,8.44
P100000121187,steel,2025-04-25,3,11.26,5.36
P100000121187,steel,2025-04-27,3,2.8499999999999996,0.95
P100000121187,steel,2025-04-28,2,7.37,4.83
P100000121187,steel,2025-04-29,4,10.040000000000001,5.99
P100000121187,steel,2025-04-30,2,6.0600000000000005,3.33
P100000121187,steel,2025-05-01,3,9.149999999999999,4.01
P100000121187,steel,2025-05-02,9,32.23,6.94
P100000121187,steel,2025-05-03,1,8.33,8.33
P100000121187,steel,2025-05-04,4,14.44,4.3
P100000121187,steel,2025-05-05,1,7.86,7.86
P100000121187,steel,2025-05-06,5,16.62,7.24
P100000121187,steel,2025-05-07,2,3.56,1.78
P100000121187,steel,2025-05-08,2,3.95,2.19
P100000121187,steel,2025-05-09,3,14.13,8.13
P100000121187,steel,2025-05-10,3,12.18,7.32
P100000121187,steel,2025-05-11,1,6.75,6.75
P100000121187,steel,2025-05-13,3,5.68,2.48
P100000121187,steel,2025-05-14,2,8.68,5.41
P100000121187,steel,2025-05-15,3,1.57,0.55
P100000121187,steel,2025-05-16,1,5.54,5.54
P100000121187,steel,2025-05-20,2,8.73,5.8
P100000121187,steel,2025-05-21,2,10.05,6.71
P100000121187,steel,2025-05-26,2,3.74,1.87
P100000121187,steel,2025-05-31,2,9.04,4.52
P100000121187,steel,2025-06-01,3,10.18,4.72
P100000121187,steel,2025-06-03,1,1.66,1.66
P100000121187,steel,2025-06-05,2,6.88,3.44
P100000121187,steel,2025-06-07,2,5.18,2.59
P100000121187,steel,2025-06-08,5,14.34,4.82
P100000121187,steel,2025-06-09,3,6.859999999999999,2.75
P100000121187,steel,2025-06-10,1,5.69,5.69
P100000121187,steel,2025-06-11,3,3.5300000000000002,1.33
P100000121187,steel,2025-06-12,1,3.5,3.5
P100000121187,steel,2025-06-13,2,5.29,2.99
P100000121187,steel,2025-06-14,4,10.27,2.85
P100000121187,steel,2025-06-15,1,2.63,2.63
P100000121187,steel,2025-06-20,1,1.14,1.14
P100000121187,steel,2025-06-21,1,7.03,7.03
P100000121187,steel,2025-06-27,2,6.48,4.0
P100000121187,steel,2025-06-30,1,1.07,1.07
P100000121187,steel,2025-07-02,2,5.71,3.61
P100000121187,steel,2025-07-03,1,1.09,1.09
P100000121187,steel,2025-07-09,2,3.42,1.71
P100000121187,steel,2025-07-16,2,3.24,1.62
P100000121187,steel,2025-07-19,2,3.21,2.74
P100000121187,steel,2025-07-20,1,1.39,1.39
P100000121187,steel,2025-07-21,2,1.0,0.5
P100000121187,steel,2025-07-22,4,11.9,3.5
P100000121187,steel,2025-07-23,4,14.34,9.0
P100000121187,steel,2025-08-02,1,5.18,5.18
P100000121187,steel,2025-08-04,2,8.67,4.95
P100000121187,steel,2025-08-08,2,5.74,2.87
P100000121187,steel,2025-08-10,1,5.87,5.87
P100000121187,steel,2025-08-11,2,5.7,4.98
P100000121187,steel,2025-08-14,2,3.84,1.92
P100000121187,steel,2025-08-15,1,1.86,1.86
P100000121187,steel,2025-08-17,1,2.35,2.35
P100000121187,steel,2025-08-18,3,5.92,3.16
P100000121187,steel,2025-08-19,1,4.56,4.56
P100000121187,steel,2025-08-25,2,8.16,6.36
P100000121187,steel,2025-08-26,2,1.84,0.92
P100000121187,steel,2025-08-28,4,6.35,1.79
P100000121187,steel,2025-08-30,2,5.22,2.61
P100000121187,steel,2025-08-31,2,3.8,2.34
P100000121187,steel,2025-09-03,1,1.61,1.61
P100000121187,steel,2025-09-05,2,4.56,2.28
P100000121187,steel,2025-09-06,2,4.68,2.34
P100000121187,steel,2025-09-07,3,5.35,2.27
P100000121187,steel,2025-09-08,2,4.37,2.39
P100000121187,steel,2025-09-09,5,19.96,8.83
P100000121187,steel,2025-09-10,2,7.0200000000000005,4.19
P100000121187,steel,2025-09-12,3,5.12,3.27
P100000121187,steel,2025-09-15,1,0.76,0.76
P100000121187,steel,2025-09-17,1,4.79,4.79
P100000121187,steel,2025-09-18,1,2.13,2.13
P100000121187,steel,2025-09-19,2,1.78,0.89
P100000121187,steel,2025-09-20,1,3.66,3.66
P100000121187,steel,2025-09-23,3,9.04,4.32
P100000121187,steel,2025-09-24,2,6.17,3.2
P100000121187,steel,2025-09-25,1,0.92,0.92
P100000121187,steel,2025-09-26,1,0.95,0.95
P100000121187,steel,2025-09-27,2,4.45,3.02
P100000121187,steel,2025-09-28,4,9.92,3.71
P100000121187,steel,2025-09-30,2,4.24,2.12
P100000121187,steel,2025-10-08,1,3.58,3.58
P100000121187,steel,2025-10-09,1,2.28,2.28
P100000121187,steel,2025-10-10,3,9.32,4.74
P100000121187,steel,2025-10-11,3,10.56,6.2
P100000121187,steel,2025-10-12,5,13.9,5.22
P100000121187,steel,2025-10-13,3,5.24,1.98
P100000121187,steel,2025-10-14,4,8.98,3.06
P100000121187,steel,2025-10-15,7,21.53,6.09
P100000121187,steel,2025-10-16,5,15.82,5.78
P100000121187,steel,2025-10-17,3,10.2,6.0
P100000121187,steel,2025-10-18,3,8.580000000000002,4.12
P100000121187,steel,2025-10-19,1,1.37,1.37
P100000121187,steel,2025-10-20,7,23.490000000000002,5.08
P100000121187,steel,2025-10-21,6,20.59,6.54
P100000121187,steel,2025-10-22,7,22.78,4.61
P100000121187,steel,2025-10-23,3,11.66,5.67
P100000121187,steel,2025-10-24,3,5.1899999999999995,1.73
P100000121187,steel,2025-10-25,5,7.38,2.86
P100000121187,steel,2025-10-26,2,4.4,2.2
P100000121187,steel,2025-10-27,4,3.95,1.15
P100000121187,steel,2025-10-30,3,5.23,2.27
P100000121187,steel,2025-10-31,1,2.44,2.44
P100000121187,steel,2025-11-01,1,5.45,5.45
P100000121187,steel,2025-11-02,3,5.25,1.75
P100000121187,steel,2025-11-03,4,14.9,6.2
P100000121187,steel,2025-11-04,2,2.38,1.19
P100000121187,steel,2025-11-05,4,9.91,3.16
P100000121187,steel,2025-11-06,4,16.68,6.18
P100000121187,steel,2025-11-07,4,10.27,3.5
P100000121187,steel,2025-11-08,3,12.399999999999999,7.3
P100000121187,steel,2025-11-09,1,5.21,5.21
P100000121187,steel,2025-11-10,6,20.549999999999997,5.46
P100000121187,steel,2025-11-12,3,6.48,3.39
P100000121187,steel,2025-11-13,3,9.45,4.17
P100000121187,steel,2025-11-14,2,5.62,2.81
P100000121187,steel,2025-11-15,4,12.32,4.22
P100000121187,steel,2025-11-16,3,4.49,1.68
P100000121187,steel,2025-11-17,3,14.16,7.38
P100000121187,steel,2025-11-18,5,14.84,4.38
P100000121187,steel,2025-11-19,1,5.43,5.43
P100000121187,steel,2025-11-20,3,10.11,4.45
P100000121187,steel,2025-11-21,6,21.43,5.88
P100000121187,steel,2025-11-22,5,16.68,5.37
P100000121187,steel,2025-11-23,3,9.09,4.21
P100000121187,steel,2025-11-24,3,8.49,3.21
P100000121187,steel,2025-11-25,2,4.82,2.41
P100000121187,steel,2025-11-26,6,14.15,3.74
P100000121187,steel,2025-11-27,3,7.9399999999999995,4.46
P100000121187,steel,2025-11-28,2,5.47,4.01
P100000121187,steel,2025-11-29,4,7.13,4.01
P100000121187,steel,2025-11-30,3,10.120000000000001,5.07
P100000121187,steel,2025-12-02,3,10.18,3.74
P100000121187,steel,2025-12-03,2,5.85,4.56
P100000121187,steel,2025-12-04,4,9.6,3.78
P100000121187,steel,2025-12-05,1,3.51,3.51
P100000121187,steel,2025-12-06,4,6.87,2.4
P100000121187,steel,2025-12-07,4,9.49,3.57
P100000121187,steel,2025-12-08,2,5.609999999999999,4.14
P100000121187,steel,2025-12-09,3,8.7,5.52
P100000121187,steel,2025-12-10,2,5.77,3.14
P100000121187,steel,2025-12-11,2,4.02,2.01
P100000121187,steel,2025-12-12,7,19.95,4.34
P100000121187,steel,2025-12-13,3,10.44,4.29
P100000121187,steel,2025-12-14,4,11.9,5.6
P100000121187,steel,2025-12-15,3,12.190000000000001,6.11
P100000121187,steel,2025-12-16,4,9.09,4.45
P100000121187,steel,2025-12-17,7,19.6,3.56
P100000121187,steel,2025-12-18,7,16.88,3.91
P100000121187,steel,2025-12-19,2,5.94,2.97
P100000121187,steel,2025-12-20,4,11.69,4.72
P100000121187,steel,2025-12-21,2,5.28,2.64
P100000121187,steel,2025-12-22,8,14.02,2.62
P100000121187,steel,2025-12-23,8,14.31,2.44
P100000121187,steel,2025-12-24,1,5.41,5.41
P100000121187,steel,2025-12-25,3,8.76,4.68
P100000121187,steel,2025-12-26,4,10.940000000000001,5.07
P100000121187,steel,2025-12-27,3,10.07,4.97
P100000121187,steel,2025-12-28,3,6.5600000000000005,2.4
P100000121187,steel,2025-12-29,2,8.9,4.49
P100000121187,steel,2025-12-30,6,13.059999999999999,3.57
P100000121187,steel,2025-12-31,4,11.030000000000001,5.11
P100000121188,steel,2025-01-01,1,2.06,2.06
P100000121188,steel,2025-01-02,2,2.06,1.03
P100000121188,steel,2025-01-03,1,2.43,2.43
P100000121188,steel,2025-01-04,1,2.0,2.0
P100000121188,steel,2025-01-05,1,2.22,2.22
P100000121188,steel,2025-01-06,1,2.5,2.5
P100000121188,steel,2025-01-07,1,2.0,2.0
P100000121188,steel,2025-01-08,3,10.24,5.56
P100000121188,steel,2025-01-09,1,1.91,1.91
P100000121188,steel,2025-01-10,2,2.7,1.35
P100000121188,steel,2025-01-12,2,8.07,6.19
P100000121188,steel,2025-01-13,2,2.63,1.92
P100000121188,steel,2025-01-14,1,2.21,2.21
P100000121188,steel,2025-01-15,1,1.58,1.58
P100000121188,steel,2025-01-16,1,1.7,1.7
P100000121188,steel,2025-01-17,1,1.97,1.97
P100000121188,steel,2025-01-18,2,2.83,2.09
P100000121188,steel,2025-01-21,1,1.61,1.61
P100000121188,steel,2025-01-22,1,3.26,3.26
P100000121188,steel,2025-01-24,1,5.43,5.43
P100000121188,steel,2025-01-25,1,2.37,2.37
P100000121188,steel,2025-01-26,1,1.31,1.31
P100000121188,steel,2025-01-27,1,4.44,4.44
P100000121188,steel,2025-01-28,2,6.279999999999999,3.57
P100000121188,steel,2025-01-30,1,3.04,3.04
P100000121188,steel,2025-02-01,1,1.81,1.81
P100000121188,steel,2025-02-03,2,7.890000000000001,5.19
P100000121188,steel,2025-02-04,3,13.24,7.09
P100000121188,steel,2025-02-06,2,3.92,2.45
P100000121188,steel,2025-02-07,1,1.53,1.53
P100000121188,steel,2025-02-08,1,2.37,2.37
P100000121188,steel,2025-02-09,3,13.94,6.64
P100000121188,steel,2025-02-12,1,3.41,3.41
P100000121188,steel,2025-02-13,1,1.9,1.9
P100000121188,steel,2025-02-14,2,3.96,2.97
P100000121188,steel,2025-02-15,1,2.4,2.4
P100000121188,steel,2025-02-16,1,3.18,3.18
P100000121188,steel,2025-02-17,2,3.29,1.77
P100000121188,steel,2025-02-18,2,9.77,6.76
P100000121188,steel,2025-02-21,1,0.9,0.9
P100000121188,steel,2025-02-24,2,3.62,2.57
P100000121188,steel,2025-02-26,1,1.74,1.74
P100000121188,steel,2025-02-27,1,1.16,1.16
P100000121188,steel,2025-03-02,3,4.83,1.7
P100000121188,steel,2025-03-03,1,4.3,4.3
P100000121188,steel,2025-03-04,1,1.94,1.94
P100000121188,steel,2025-03-05,1,1.2,1.2
P100000121188,steel,2025-03-06,1,2.28,2.28
P100000121188,steel,2025-03-07,1,0.99,0.99
P100000121188,steel,2025-03-10,1,1.63,1.63
P100000121188,steel,2025-03-11,2,8.06,6.44
P100000121188,steel,2025-03-12,2,2.4,1.72
P100000121188,steel,2025-03-13,2,9.52,7.6
P100000121188,steel,2025-03-14,1,4.39,4.39
P100000121188,steel,2025-03-16,1,1.8,1.8
P100000121188,steel,2025-03-18,3,9.719999999999999,4.04
P100000121188,steel,2025-03-19,2,6.44,5.07
P100000121188,steel,2025-03-23,1,1.46,1.46
P100000121188,steel,2025-03-27,1,3.49,3.49
P100000121188,steel,2025-03-28,1,2.29,2.29
P100000121188,steel,2025-03-29,1,3.58,3.58
P100000121188,steel,2025-03-30,2,6.4799999999999995,4.35
P100000121188,steel,2025-03-31,1,1.36,1.36
P100000121188,steel,2025-04-02,2,10.2,5.31
P100000121188,steel,2025-04-04,1,2.44,2.44
P100000121188,steel,2025-04-06,2,3.7699999999999996,1.89
P100000121188,steel,2025-04-07,2,11.52,9.77
P100000121188,steel,2025-04-08,3,11.71,7.94
P100000121188,steel,2025-04-09,3,14.24,5.87
P100000121188,steel,2025-04-11,1,1.74,1.74
P100000121188,steel,2025-04-14,1,9.07,9.07
P100000121188,steel,2025-04-16,1,1.32,1.32
P100000121188,steel,2025-04-17,1,4.15,4.15
P100000121188,steel,2025-04-18,1,1.68,1.68
P100000121188,steel,2025-04-19,2,6.94,3.47
P100000121188,steel,2025-04-20,2,8.16,4.08
P100000121188,steel,2025-04-22,1,3.45,3.45
P100000121188,steel,2025-04-23,1,2.52,2.52
P100000121188,steel,2025-04-25,1,4.35,4.35
P100000121188,steel,2025-04-28,1,1.74,1.74
P100000121188,steel,2025-04-29,4,10.299999999999999,4.95
P100000121188,steel,2025-04-30,2,6.74,4.63
P100000121188,steel,2025-05-02,1,1.21,1.21
P100000121188,steel,2025-05-04,3,12.13,4.83
P100000121188,steel,2025-05-05,1,6.34,6.34
P100000121188,steel,2025-05-06,1,2.61,2.61
P100000121188,steel,2025-05-07,1,0.9,0.9
P100000121188,steel,2025-05-10,2,3.21,2.07
P100000121188,steel,2025-05-14,2,7.92,5.43
P100000121188,steel,2025-05-15,2,2.22,1.11
P100000121188,steel,2025-05-16,1,4.51,4.51
P100000121188,steel,2025-05-21,2,10.059999999999999,6.02
P100000121188,steel,2025-05-26,2,4.0,2.0
P100000121188,steel,2025-06-05,1,1.66,1.66
P100000121188,steel,2025-06-08,2,4.04,2.19
P100000121188,steel,2025-06-22,1,0.53,0.53
P100000121188,steel,2025-07-02,1,2.47,2.47
P100000121188,steel,2025-07-22,2,6.7,3.46
P100000121188,steel,2025-07-23,1,6.91,6.91
P100000121188,steel,2025-08-14,2,2.16,1.33
P100000121188,steel,2025-08-15,1,3.48,3.48
P100000121188,steel,2025-08-17,1,0.77,0.77
P100000121188,steel,2025-08-18,1,1.85,1.85
P100000121188,steel,2025-08-19,2,4.12,2.06
P100000121188,steel,2025-08-25,2,4.58,2.29
P100000121188,steel,2025-08-28,1,1.09,1.09
P100000121188,steel,2025-08-30,1,1.54,1.54
P100000121188,steel,2025-09-05,1,2.75,2.75
P100000121188,steel,2025-09-06,2,6.0600000000000005,3.1
P100000121188,steel,2025-09-08,1,1.68,1.68
P100000121188,steel,2025-09-09,2,10.55,6.13
P100000121188,steel,2025-09-10,1,2.79,2.79
P100000121188,steel,2025-09-14,1,1.83,1.83
P100000121188,steel,2025-09-18,2,12.4,6.62
P100000121188,steel,2025-09-19,1,1.23,1.23
P100000121188,steel,2025-09-24,1,2.72,2.72
P100000121188,steel,2025-09-28,1,1.18,1.18
P100000121188,steel,2025-10-09,2,3.44,1.98
P100000121188,steel,2025-10-11,2,5.7299999999999995,5.22
P100000121188,steel,2025-10-12,1,1.92,1.92
P100000121188,steel,2025-10-13,2,5.909999999999999,4.02
P100000121188,steel,2025-10-15,2,2.2800000000000002,1.18
P100000121188,steel,2025-10-16,3,12.579999999999998,9.2
P100000121188,steel,2025-10-17,2,5.63,4.47
P100000121188,steel,2025-10-18,2,3.44,1.72
P100000121188,steel,2025-10-20,4,17.89,7.54
P100000121188,steel,2025-10-21,3,8.66,5.49
P100000121188,steel,2025-10-22,1,2.13,2.13
P100000121188,steel,2025-10-23,1,2.02,2.02
P100000121188,steel,2025-10-26,1,1.31,1.31
P100000121188,steel,2025-10-27,3,7.47,3.84
P100000121188,steel,2025-11-01,1,2.12,2.12
P100000121188,steel,2025-11-02,2,4.2,2.1
P100000121188,steel,2025-11-03,3,5.63,2.58
P100000121188,steel,2025-11-04,1,0.7,0.7
P100000121188,steel,2025-11-05,2,3.35,2.06
P100000121188,steel,2025-11-06,1,3.26,3.26
P100000121188,steel,2025-11-07,2,5.619999999999999,4.64
P100000121188,steel,2025-11-08,1,6.12,6.12
P100000121188,steel,2025-11-09,1,3.99,3.99
P100000121188,steel,2025-11-12,2,5.59,4.43
P100000121188,steel,2025-11-13,2,9.58,4.79
P100000121188,steel,2025-11-14,2,6.17,3.94
P100000121188,steel,2025-11-15,2,3.1799999999999997,1.95
P100000121188,steel,2025-11-16,2,4.76,3.34
P100000121188,steel,2025-11-17,3,9.79,5.67
P100000121188,steel,2025-11-18,3,6.3100000000000005,2.33
P100000121188,steel,2025-11-19,1,2.61,2.61
P100000121188,steel,2025-11-21,1,2.42,2.42
P100000121188,steel,2025-11-22,1,1.8,1.8
P100000121188,steel,2025-11-23,1,6.12,6.12
P100000121188,steel,2025-11-25,1,4.91,4.91
P100000121188,steel,2025-11-26,1,2.4,2.4
P100000121188,steel,2025-11-27,1,1.67,1.67
P100000121188,steel,2025-11-28,1,5.22,5.22
P100000121188,steel,2025-11-30,1,2.54,2.54
P100000121188,steel,2025-12-02,1,1.7,1.7
P100000121188,steel,2025-12-03,2,4.96,2.48
P100000121188,steel,2025-12-04,1,5.46,5.46
P100000121188,steel,2025-12-06,1,1.35,1.35
P100000121188,steel,2025-12-08,1,1.56,1.56
P100000121188,steel,2025-12-09,2,2.9299999999999997,2.13
P100000121188,steel,2025-12-10,1,2.48,2.48
P100000121188,steel,2025-12-11,1,2.1,2.1
P100000121188,steel,2025-12-12,3,4.72,2.15
P100000121188,steel,2025-12-13,1,2.69,2.69
P100000121188,steel,2025-12-15,1,2.94,2.94
P100000121188,steel,2025-12-16,1,1.13,1.13
P100000121188,steel,2025-12-17,2,4.16,2.68
P100000121188,steel,2025-12-18,3,2.31,1.31
P100000121188,steel,2025-12-19,2,5.94,4.32
P100000121188,steel,2025-12-20,2,5.99,4.9
P100000121188,steel,2025-12-21,1,1.57,1.57
P100000121188,steel,2025-12-22,1,1.52,1.52
P100000121188,steel,2025-12-23,1,1.2,1.2
P100000121188,steel,2025-12-24,1,2.16,2.16
P100000121188,steel,2025-12-26,3,6.949999999999999,4.09
P100000121188,steel,2025-12-28,2,2.8,1.4
P100000121188,steel,2025-12-30,2,4.64,3.77
P100000121188,steel,2025-12-31,3,7.779999999999999,5.18
P100000121189,steel,2025-01-01,2,4.3100000000000005,2.89
P100000121189,steel,2025-01-02,4,3.19,0.88
P100000121189,steel,2025-01-03,2,3.98,1.99
P100000121189,steel,2025-01-04,2,5.1,2.69
P100000121189,steel,2025-01-05,5,11.14,3.15
P100000121189,steel,2025-01-06,4,7.45,2.86
P100000121189,steel,2025-01-07,4,7.2,2.97
P100000121189,steel,2025-01-08,3,3.3100000000000005,1.34
P100000121189,steel,2025-01-09,2,3.78,1.89
P100000121189,steel,2025-01-10,4,10.14,3.19
P100000121189,steel,2025-01-11,1,3.14,3.14
P100000121189,steel,2025-01-12,4,7.18,2.48
P100000121189,steel,2025-01-13,1,4.73,4.73
P100000121189,steel,2025-01-14,3,4.58,2.06
P100000121189,steel,2025-01-15,4,7.78,2.89
P100000121189,steel,2025-01-16,2,5.14,3.82
P100000121189,steel,2025-01-17,2,2.58,1.64
P100000121189,steel,2025-01-18,4,8.86,5.45
P100000121189,steel,2025-01-19,2,4.4,2.2
P100000121189,steel,2025-01-20,1,3.45,3.45
P100000121189,steel,2025-01-21,4,8.74,3.47
P100000121189,steel,2025-01-22,3,4.7299999999999995,1.89
P100000121189,steel,2025-01-24,2,2.39,2.23
P100000121189,steel,2025-01-25,2,3.7300000000000004,2.18
P100000121189,steel,2025-01-26,3,5.99,2.07
P100000121189,steel,2025-01-27,2,4.3,2.92
P100000121189,steel,2025-01-28,2,3.01,1.98
P100000121189,steel,2025-01-29,3,4.02,1.53
P100000121189,steel,2025-01-30,2,4.2,2.27
P100000121189,steel,2025-02-01,4,4.359999999999999,1.38
P100000121189,steel,2025-02-03,2,3.76,1.88
P100000121189,steel,2025-02-04,4,8.11,2.41
P100000121189,steel,2025-02-06,4,8.7,3.25
P100000121189,steel,2025-02-07,2,3.64,1.82
P100000121189,steel,2025-02-08,3,5.03,1.8
P100000121189,steel,2025-02-09,3,3.8,1.51
P100000121189,steel,2025-02-10,2,4.24,2.12
P100000121189,steel,2025-02-12,1,3.96,3.96
P100000121189,steel,2025-02-13,4,6.09,2.81
P100000121189,steel,2025-02-14,2,4.8100000000000005,2.44
P100000121189,steel,2025-02-15,3,6.4399999999999995,2.61
P100000121189,steel,2025-02-16,3,7.32,2.78
P100000121189,steel,2025-02-17,2,4.85,3.57
P100000121189,steel,2025-02-18,3,4.33,2.43
P100000121189,steel,2025-02-20,2,3.86,1.93
P100000121189,steel,2025-02-21,3,5.21,2.55
P100000121189,steel,2025-02-23,2,2.31,1.56
P100000121189,steel,2025-02-24,3,3.8200000000000003,1.29
P100000121189,steel,2025-02-25,3,5.2,1.74
P100000121189,steel,2025-02-26,1,2.07,2.07
P100000121189,steel,2025-02-27,3,4.17,1.53
P100000121189,steel,2025-02-28,4,7.470000000000001,2.25
P100000121189,steel,2025-03-01,2,3.86,1.93
P100000121189,steel,2025-03-03,2,4.34,3.24
P100000121189,steel,2025-03-04,3,7.35,3.12
P100000121189,steel,2025-03-05,2,2.71,1.55
P100000121189,steel,2025-03-06,4,7.699999999999999,2.38
P100000121189,steel,2025-03-07,3,5.39,2.55
P100000121189,steel,2025-03-08,2,3.04,1.52
P100000121189,steel,2025-03-09,3,4.58,2.11
P100000121189,steel,2025-03-10,6,12.17,3.48
P100000121189,steel,2025-03-11,5,10.02,3.14
P100000121189,steel,2025-03-12,6,17.65,6.66
P100000121189,steel,2025-03-13,5,8.129999999999999,1.89
P100000121189,steel,2025-03-15,1,4.61,4.61
P100000121189,steel,2025-03-16,3,5.16,2.38
P100000121189,steel,2025-03-17,2,6.4799999999999995,5.34
P100000121189,steel,2025-03-18,3,5.25,1.81
P100000121189,steel,2025-03-20,1,3.8,3.8
P100000121189,steel,2025-03-22,2,4.42,2.43
P100000121189,steel,2025-03-23,3,4.720000000000001,2.06
P100000121189,steel,2025-03-24,2,3.34,1.67
P100000121189,steel,2025-03-25,5,15.53,4.67
P100000121189,steel,2025-03-26,4,11.24,3.57
P100000121189,steel,2025-03-27,2,3.42,1.71
P100000121189,steel,2025-03-28,3,4.62,1.54
P100000121189,steel,2025-03-29,4,9.809999999999999,2.65
P100000121189,steel,2025-03-30,2,4.66,2.33
P100000121189,steel,2025-03-31,5,11.69,3.55
P100000121189,steel,2025-04-01,2,8.05,5.78
P100000121189,steel,2025-04-04,5,10.04,2.38
P100000121189,steel,2025-04-05,4,8.26,3.01
P100000121189,steel,2025-04-06,5,8.31,1.84
P100000121189,steel,2025-04-07,2,4.12,2.06
P100000121189,steel,2025-04-08,3,7.02,2.69
P100000121189,steel,2025-04-09,2,3.84,2.48
P100000121189,steel,2025-04-13,2,6.800000000000001,3.91
P100000121189,steel,2025-04-14,3,4.72,2.02
P100000121189,steel,2025-04-16,4,9.7,2.91
P100000121189,steel,2025-04-17,1,7.28,7.28
P100000121189,steel,2025-04-18,3,3.12,1.2
P100000121189,steel,2025-04-19,2,2.42,1.56
P100000121189,steel,2025-04-21,4,6.87,3.21
P100000121189,steel,2025-04-22,4,6.680000000000001,3.41
P100000121189,steel,2025-04-23,2,5.01,3.33
P100000121189,steel,2025-04-24,4,9.93,4.77
P100000121189,steel,2025-04-25,2,3.04,1.52
P100000121189,steel,2025-04-27,2,5.3100000000000005,3.24
P100000121189,steel,2025-04-28,3,8.97,4.87
P100000121189,steel,2025-04-29,5,8.56,2.59
P100000121189,steel,2025-04-30,2,5.65,3.09
P100000121189,steel,2025-05-01,2,2.71,1.55
P100000121189,steel,2025-05-02,4,10.07,3.16
P100000121189,steel,2025-05-04,5,12.9,3.84
P100000121189,steel,2025-05-05,4,6.47,2.03
P100000121189,steel,2025-05-06,2,2.54,1.27
P100000121189,steel,2025-05-07,4,7.3,3.3
P100000121189,steel,2025-05-08,3,6.65,2.58
P100000121189,steel,2025-05-09,5,19.18,7.8
P100000121189,steel,2025-05-10,5,10.719999999999999,6.26
P100000121189,steel,2025-05-13,3,5.42,2.82
P100000121189,steel,2025-05-14,1,4.07,4.07
P100000121189,steel,2025-05-15,2,8.65,4.7
P100000121189,steel,2025-05-20,1,5.34,5.34
P100000121189,steel,2025-05-26,3,2.51,0.88
P100000121189,steel,2025-05-31,2,9.649999999999999,5.64
P100000121189,steel,2025-06-01,4,6.68,5.13
P100000121189,steel,2025-06-02,1,3.94,3.94
P100000121189,steel,2025-06-03,2,3.43,2.06
P100000121189,steel,2025-06-06,4,15.75,4.39
P100000121189,steel,2025-06-07,1,3.81,3.81
P100000121189,steel,2025-06-08,4,7.0600000000000005,2.67
P100000121189,steel,2025-06-09,3,2.57,1.03
P100000121189,steel,2025-06-10,2,3.6,1.8
P100000121189,steel,2025-06-11,2,4.15,2.32
P100000121189,steel,2025-06-12,2,5.86,2.93
P100000121189,steel,2025-06-13,2,2.51,1.35
P100000121189,steel,2025-06-14,3,3.99,1.68
P100000121189,steel,2025-06-15,1,1.5,1.5
P100000121189,steel,2025-06-27,3,6.17,2.63
P100000121189,steel,2025-07-10,1,2.83,2.83
P100000121189,steel,2025-07-18,3,3.73,1.25
P100000121189,steel,2025-07-21,1,1.21,1.21
P100000121189,steel,2025-07-22,2,5.1,2.79
P100000121189,steel,2025-07-23,2,2.66,1.33
P100000121189,steel,2025-08-11,1,1.06,1.06
P100000121189,steel,2025-08-13,3,3.94,2.05
P100000121189,steel,2025-08-14,3,3.51,1.24
P100000121189,steel,2025-08-15,2,3.76,1.88
P100000121189,steel,2025-08-17,3,3.82,1.88
P100000121189,steel,2025-08-25,3,5.21,2.81
P100000121189,steel,2025-08-26,3,3.6799999999999997,2.0
P100000121189,steel,2025-08-28,3,2.0999999999999996,0.7
P100000121189,steel,2025-08-31,5,7.01,1.75
P100000121189,steel,2025-09-05,3,4.29,1.59
P100000121189,steel,2025-09-06,2,6.11,3.97
P100000121189,steel,2025-09-07,8,8.53,1.46
P100000121189,steel,2025-09-08,2,2.98,1.59
P100000121189,steel,2025-09-09,2,4.67,2.36
P100000121189,steel,2025-09-10,4,2.94,0.97
P100000121189,steel,2025-09-13,1,1.34,1.34
P100000121189,steel,2025-09-18,2,5.640000000000001,3.66
P100000121189,steel,2025-09-19,2,2.32,1.16
P100000121189,steel,2025-09-20,2,1.53,0.98
P100000121189,steel,2025-09-24,1,2.76,2.76
P100000121189,steel,2025-09-27,3,4.03,1.51
P100000121189,steel,2025-09-28,3,5.390000000000001,2.85
P100000121189,steel,2025-09-29,1,1.04,1.04
P100000121189,steel,2025-09-30,2,4.28,2.45
P100000121189,steel,2025-10-08,2,3.4499999999999997,2.55
P100000121189,steel,2025-10-11,4,11.309999999999999,6.81
P100000121189,steel,2025-10-12,3,7.52,3.1
P100000121189,steel,2025-10-13,5,9.56,2.29
P100000121189,steel,2025-10-14,3,7.51,3.59
P100000121189,steel,2025-10-15,4,7.84,4.42
P100000121189,steel,2025-10-16,3,4.87,2.41
P100000121189,steel,2025-10-17,4,8.4,3.8
P100000121189,steel,2025-10-18,2,4.58,2.29
P100000121189,steel,2025-10-19,1,2.43,2.43
P100000121189,steel,2025-10-20,5,8.69,1.83
P100000121189,steel,2025-10-21,2,2.88,1.44
P100000121189,steel,2025-10-22,3,5.43,2.15
P100000121189,steel,2025-10-23,3,6.959999999999999,2.9
P100000121189,steel,2025-10-24,2,5.31,3.61
P100000121189,steel,2025-10-25,2,2.46,1.23
P100000121189,steel,2025-10-26,2,3.7800000000000002,2.0
P100000121189,steel,2025-10-27,3,3.54,1.39
P100000121189,steel,2025-10-30,1,2.5,2.5
P100000121189,steel,2025-11-02,4,4.720000000000001,1.37
P100000121189,steel,2025-11-03,2,4.68,3.21
P100000121189,steel,2025-11-04,4,4.63,1.7
P100000121189,steel,2025-11-05,6,10.870000000000001,2.29
P100000121189,steel,2025-11-06,5,9.56,3.0
P100000121189,steel,2025-11-07,4,3.95,1.13
P100000121189,steel,2025-11-08,4,7.04,2.36
P100000121189,steel,2025-11-09,1,1.6,1.6
P100000121189,steel,2025-11-10,5,11.22,4.03
P100000121189,steel,2025-11-12,3,4.58,2.08
P100000121189,steel,2025-11-13,3,4.26,1.8
P100000121189,steel,2025-11-14,2,4.3,2.15
P100000121189,steel,2025-11-15,4,9.86,3.32
P100000121189,steel,2025-11-16,4,6.03,3.0
P100000121189,steel,2025-11-17,2,3.98,1.99
P100000121189,steel,2025-11-18,2,3.94,1.97
P100000121189,steel,2025-11-19,2,2.5700000000000003,1.61
P100000121189,steel,2025-11-20,2,3.63,2.16
P100000121189,steel,2025-11-21,5,7.1,1.96
P100000121189,steel,2025-11-22,3,3.87,1.49
P100000121189,steel,2025-11-23,3,4.63,1.62
P100000121189,steel,2025-11-24,3,4.77,2.02
P100000121189,steel,2025-11-25,5,8.44,1.78
P100000121189,steel,2025-11-26,7,13.9,2.38
P100000121189,steel,2025-11-27,1,3.47,3.47
P100000121189,steel,2025-11-28,2,4.6,2.43
P100000121189,steel,2025-11-29,2,3.5,2.04
P100000121189,steel,2025-11-30,2,4.75,2.69
P100000121189,steel,2025-12-02,2,2.88,1.54
P100000121189,steel,2025-12-03,2,3.26,1.63
P100000121189,steel,2025-12-04,3,5.15,2.39
P100000121189,steel,2025-12-05,4,10.64,3.08
P100000121189,steel,2025-12-06,3,5.529999999999999,3.55
P100000121189,steel,2025-12-07,2,4.54,3.42
P100000121189,steel,2025-12-08,2,3.0,1.5
P100000121189,steel,2025-12-09,3,5.16,2.5
P100000121189,steel,2025-12-10,3,5.64,1.91
P100000121189,steel,2025-12-11,2,5.24,2.62
P100000121189,steel,2025-12-12,6,15.25,4.11
P100000121189,steel,2025-12-13,2,4.27,2.56
P100000121189,steel,2025-12-14,4,8.780000000000001,4.11
P100000121189,steel,2025-12-15,3,4.41,2.53
P100000121189,steel,2025-12-16,3,3.88,1.8
P100000121189,steel,2025-12-17,4,7.72,3.09
P100000121189,steel,2025-12-18,3,3.5300000000000002,1.37
P100000121189,steel,2025-12-19,4,6.7,2.01
P100000121189,steel,2025-12-20,4,6.23,2.05
P100000121189,steel,2025-12-21,3,4.66,1.7
P100000121189,steel,2025-12-22,3,6.8100000000000005,3.39
P100000121189,steel,2025-12-23,2,3.9299999999999997,2.65
P100000121189,steel,2025-12-24,3,3.84,1.28
P100000121189,steel,2025-12-25,3,4.43,2.11
P100000121189,steel,2025-12-26,5,7.09,2.01
P100000121189,steel,2025-12-27,3,5.71,2.6
P100000121189,steel,2025-12-28,3,7.430000000000001,2.99
P100000121189,steel,2025-12-29,2,3.06,1.53
P100000121189,steel,2025-12-30,2,3.8,1.9
P100000121189,steel,2025-12-31,3,4.97,2.57
P100000121190,steel,2025-02-12,1,0.7,0.7
P100000121191,steel,2025-01-01,1,1.16,1.16
P100000121191,steel,2025-01-02,2,2.06,1.6
P100000121191,steel,2025-01-03,1,1.94,1.94
P100000121191,steel,2025-01-04,4,4.5,1.58
P100000121191,steel,2025-01-05,2,2.8499999999999996,1.71
P100000121191,steel,2025-01-06,1,1.74,1.74
P100000121191,steel,2025-01-07,3,2.2,1.2
P100000121191,steel,2025-01-08,2,1.52,0.81
P100000121191,steel,2025-01-10,3,4.470000000000001,2.25
P100000121191,steel,2025-01-11,1,1.45,1.45
P100000121191,steel,2025-01-12,2,1.73,0.93
P100000121191,steel,2025-01-13,1,1.41,1.41
P100000121191,steel,2025-01-14,1,1.63,1.63
P100000121191,steel,2025-01-15,1,1.64,1.64
P100000121191,steel,2025-01-18,1,1.75,1.75
P100000121191,steel,2025-01-19,1,1.11,1.11
P100000121191,steel,2025-01-21,2,3.41,2.16
P100000121191,steel,2025-01-22,1,1.68,1.68
P100000121191,steel,2025-01-23,1,1.32,1.32
P100000121191,steel,2025-01-24,1,1.7,1.7
P100000121191,steel,2025-01-25,1,1.16,1.16
P100000121191,steel,2025-01-26,3,4.58,1.92
P100000121191,steel,2025-01-27,2,2.08,1.04
P100000121191,steel,2025-01-28,2,2.7,1.6
P100000121191,steel,2025-01-29,1,1.8,1.8
P100000121191,steel,2025-01-30,1,2.03,2.03
P100000121191,steel,2025-01-31,3,5.6899999999999995,2.1
P100000121191,steel,2025-02-01,2,4.109999999999999,2.88
P100000121191,steel,2025-02-02,1,1.59,1.59
P100000121191,steel,2025-02-03,1,0.92,0.92
P100000121191,steel,2025-02-04,2,1.98,1.22
P100000121191,steel,2025-02-05,1,2.6,2.6
P100000121191,steel,2025-02-06,5,8.209999999999999,3.39
P100000121191,steel,2025-02-07,2,2.46,1.23
P100000121191,steel,2025-02-08,2,1.86,0.93
P100000121191,steel,2025-02-09,2,1.5899999999999999,0.97
P100000121191,steel,2025-02-10,3,7.01,3.05
P100000121191,steel,2025-02-11,4,5.41,1.61
P100000121191,steel,2025-02-12,2,2.3899999999999997,1.45
P100000121191,steel,2025-02-13,1,2.13,2.13
P100000121191,steel,2025-02-14,2,2.52,2.06
P100000121191,steel,2025-02-15,2,3.06,1.96
P100000121191,steel,2025-02-16,3,4.38,1.82
P100000121191,steel,2025-02-17,1,2.2,2.2
P100000121191,steel,2025-02-20,2,2.65,1.38
P100000121191,steel,2025-02-21,4,5.04,1.68
P100000121191,steel,2025-02-22,5,8.68,2.05
P100000121191,steel,2025-02-23,2,2.4299999999999997,1.7
P100000121191,steel,2025-02-24,3,2.72,1.1
P100000121191,steel,2025-02-25,1,1.28,1.28
P100000121191,steel,2025-02-26,1,1.73,1.73
P100000121191,steel,2025-02-27,3,5.8999999999999995,2.51
P100000121191,steel,2025-02-28,2,5.01,2.6
P100000121191,steel,2025-03-01,2,2.8,1.4
P100000121191,steel,2025-03-02,2,2.7,1.35
P100000121191,steel,2025-03-03,2,2.98,1.49
P100000121191,steel,2025-03-04,4,7.3100000000000005,2.37
P100000121191,steel,2025-03-05,1,1.76,1.76
P100000121191,steel,2025-03-06,2,2.52,1.26
P100000121191,steel,2025-03-07,1,2.87,2.87
P100000121191,steel,2025-03-08,5,6.779999999999999,1.9
P100000121191,steel,2025-03-09,2,3.33,2.29
P100000121191,steel,2025-03-10,6,7.63,1.82
P100000121191,steel,2025-03-11,1,1.57,1.57
P100000121191,steel,2025-03-12,1,2.55,2.55
P100000121191,steel,2025-03-13,1,3.34,3.34
P100000121191,steel,2025-03-15,4,9.81,2.75
P100000121191,steel,2025-03-17,1,2.64,2.64
P100000121191,steel,2025-03-18,1,2.32,2.32
P100000121191,steel,2025-03-19,1,1.6,1.6
P100000121191,steel,2025-03-23,2,2.46,1.42
P100000121191,steel,2025-03-24,1,1.77,1.77
P100000121191,steel,2025-03-25,2,2.87,1.49
P100000121191,steel,2025-03-26,3,5.44,2.18
P100000121191,steel,2025-03-27,1,3.67,3.67
P100000121191,steel,2025-03-28,1,3.16,3.16
P100000121191,steel,2025-03-29,2,3.02,1.51
P100000121191,steel,2025-03-30,1,3.83,3.83
P100000121191,steel,2025-03-31,2,4.36,2.22
P100000121191,steel,2025-04-01,2,2.86,1.43
P100000121191,steel,2025-04-02,1,0.63,0.63
P100000121191,steel,2025-04-04,1,3.65,3.65
P100000121191,steel,2025-04-07,2,3.71,1.91
P100000121191,steel,2025-04-08,2,3.12,1.84
P100000121191,steel,2025-04-09,1,2.02,2.02
P100000121191,steel,2025-04-12,1,0.78,0.78
P100000121191,steel,2025-04-15,3,4.390000000000001,1.65
P100000121191,steel,2025-04-16,2,3.7,2.24
P100000121191,steel,2025-04-17,1,1.43,1.43
P100000121191,steel,2025-04-19,1,2.09,2.09
P100000121191,steel,2025-04-20,1,0.81,0.81
P100000121191,steel,2025-04-22,2,7.25,3.78
P100000121191,steel,2025-04-23,1,2.47,2.47
P100000121191,steel,2025-04-24,1,2.06,2.06
P100000121191,steel,2025-04-25,1,2.68,2.68
P100000121191,steel,2025-04-26,2,2.79,1.59
P100000121191,steel,2025-04-27,2,1.82,0.91
P100000121191,steel,2025-04-28,1,1.31,1.31
P100000121191,steel,2025-04-30,1,1.7,1.7
P100000121191,steel,2025-05-02,3,5.31,1.97
P100000121191,steel,2025-05-04,1,1.85,1.85
P100000121191,steel,2025-05-06,3,5.24,2.03
P100000121191,steel,2025-05-09,1,1.37,1.37
P100000121191,steel,2025-05-10,1,6.26,6.26
P100000121191,steel,2025-05-11,2,3.22,1.61
P100000121191,steel,2025-05-13,2,1.7,1.2
P100000121191,steel,2025-05-16,1,3.43,3.43
P100000121191,steel,2025-05-18,1,1.39,1.39
P100000121191,steel,2025-05-19,1,0.79,0.79
P100000121191,steel,2025-06-05,2,5.45,2.77
P100000121191,steel,2025-06-06,1,1.73,1.73
P100000121191,steel,2025-06-08,2,3.07,1.67
P100000121191,steel,2025-06-11,1,1.36,1.36
P100000121191,steel,2025-06-12,1,1.87,1.87
P100000121191,steel,2025-06-13,2,2.5,1.42
P100000121191,steel,2025-06-22,1,2.79,2.79
P100000121191,steel,2025-06-27,1,0.84,0.84
P100000121191,steel,2025-07-21,1,0.54,0.54
P100000121191,steel,2025-07-23,1,1.59,1.59
P100000121191,steel,2025-08-10,1,0.6,0.6
P100000121191,steel,2025-08-19,1,0.92,0.92
P100000121191,steel,2025-08-27,1,0.76,0.76
P100000121191,steel,2025-08-31,1,1.2,1.2
P100000121191,steel,2025-09-04,1,0.94,0.94
P100000121191,steel,2025-09-05,1,2.91,2.91
P100000121191,steel,2025-09-08,1,1.0,1.0
P100000121191,steel,2025-09-21,1,0.64,0.64
P100000121191,steel,2025-09-23,1,1.09,1.09
P100000121191,steel,2025-09-28,3,4.3,1.63
P100000121191,steel,2025-09-29,2,5.25,3.6
P100000121191,steel,2025-09-30,1,1.77,1.77
P100000121191,steel,2025-10-06,1,1.12,1.12
P100000121191,steel,2025-10-09,2,2.12,1.06
P100000121191,steel,2025-10-10,1,0.9,0.9
P100000121191,steel,2025-10-11,1,1.61,1.61
P100000121191,steel,2025-10-13,2,2.54,1.27
P100000121191,steel,2025-10-14,3,6.359999999999999,2.36
P100000121191,steel,2025-10-15,1,2.59,2.59
P100000121191,steel,2025-10-16,1,1.97,1.97
P100000121191,steel,2025-10-17,1,1.89,1.89
P100000121191,steel,2025-10-18,3,4.93,2.35
P100000121191,steel,2025-10-19,2,2.49,1.37
P100000121191,steel,2025-10-20,2,2.14,1.07
P100000121191,steel,2025-10-21,2,2.83,1.44
P100000121191,steel,2025-10-22,1,1.01,1.01
P100000121191,steel,2025-10-23,1,1.6,1.6
P100000121191,steel,2025-10-24,3,4.58,1.96
P100000121191,steel,2025-10-27,2,1.86,0.93
P100000121191,steel,2025-11-02,2,1.66,0.83
P100000121191,steel,2025-11-03,2,2.2,1.17
P100000121191,steel,2025-11-04,1,1.14,1.14
P100000121191,steel,2025-11-05,5,6.89,2.29
P100000121191,steel,2025-11-06,2,1.8,0.9
P100000121191,steel,2025-11-07,1,1.49,1.49
P100000121191,steel,2025-11-08,1,2.74,2.74
P100000121191,steel,2025-11-09,1,2.56,2.56
P100000121191,steel,2025-11-10,4,7.720000000000001,3.35
P100000121191,steel,2025-11-12,1,1.96,1.96
P100000121191,steel,2025-11-13,2,1.72,0.86
P100000121191,steel,2025-11-14,2,2.9,2.13
P100000121191,steel,2025-11-15,2,3.81,1.96
P100000121191,steel,2025-11-16,1,2.18,2.18
P100000121191,steel,2025-11-18,1,1.03,1.03
P100000121191,steel,2025-11-19,1,1.59,1.59
P100000121191,steel,2025-11-20,3,2.46,0.96
P100000121191,steel,2025-11-21,1,1.05,1.05
P100000121191,steel,2025-11-22,2,1.5899999999999999,0.94
P100000121191,steel,2025-11-23,1,1.58,1.58
P100000121191,steel,2025-11-24,1,1.64,1.64
P100000121191,steel,2025-11-25,1,1.7,1.7
P100000121191,steel,2025-11-26,4,5.68,1.68
P100000121191,steel,2025-11-27,1,0.9,0.9
P100000121191,steel,2025-11-28,1,1.14,1.14
P100000121191,steel,2025-11-29,1,0.35,0.35
P100000121191,steel,2025-11-30,1,2.14,2.14
P100000121191,steel,2025-12-01,1,0.97,0.97
P100000121191,steel,2025-12-02,1,0.97,0.97
P100000121191,steel,2025-12-03,1,1.37,1.37
P100000121191,steel,2025-12-04,1,0.72,0.72
P100000121191,steel,2025-12-05,1,1.63,1.63
P100000121191,steel,2025-12-06,3,3.54,1.28
P100000121191,steel,2025-12-09,1,1.18,1.18
P100000121191,steel,2025-12-10,1,1.95,1.95
P100000121191,steel,2025-12-11,1,2.36,2.36
P100000121191,steel,2025-12-12,4,6.4399999999999995,2.28
P100000121191,steel,2025-12-13,2,2.88,1.44
P100000121191,steel,2025-12-14,2,2.18,1.31
P100000121191,steel,2025-12-15,1,1.48,1.48
P100000121191,steel,2025-12-16,2,2.62,1.31
P100000121191,steel,2025-12-17,3,5.09,1.93
P100000121191,steel,2025-12-18,1,1.66,1.66
P100000121191,steel,2025-12-20,1,1.48,1.48
P100000121191,steel,2025-12-21,3,2.36,1.38
P100000121191,steel,2025-12-22,3,4.15,1.89
P100000121191,steel,2025-12-23,2,2.15,1.55
P100000121191,steel,2025-12-24,2,2.46,1.72
P100000121191,steel,2025-12-25,3,2.4000000000000004,0.8
P100000121191,steel,2025-12-26,1,1.01,1.01
P100000121191,steel,2025-12-27,2,2.87,1.82
P100000121191,steel,2025-12-28,4,5.49,2.27
P100000121191,steel,2025-12-29,2,2.76,1.38
P100000121191,steel,2025-12-30,2,1.96,0.98
P100000121191,steel,2025-12-31,2,2.45,1.48
P100000121192,steel,2025-01-01,2,1.7,0.85
P100000121192,steel,2025-01-02,1,1.55,1.55
P100000121192,steel,2025-01-03,4,3.67,0.93
P100000121192,steel,2025-01-04,4,6.4,2.25
P100000121192,steel,2025-01-05,2,2.8200000000000003,1.59
P100000121192,steel,2025-01-06,1,0.97,0.97
P100000121192,steel,2025-01-07,1,1.52,1.52
P100000121192,steel,2025-01-08,2,3.25,2.02
P100000121192,steel,2025-01-09,4,3.88,1.28
P100000121192,steel,2025-01-10,1,2.38,2.38
P100000121192,steel,2025-01-11,1,1.66,1.66
P100000121192,steel,2025-01-12,1,0.91,0.91
P100000121192,steel,2025-01-13,2,2.04,1.18
P100000121192,steel,2025-01-14,3,5.52,2.3
P100000121192,steel,2025-01-17,1,1.96,1.96
P100000121192,steel,2025-01-18,1,1.39,1.39
P100000121192,steel,2025-01-19,1,1.61,1.61
P100000121192,steel,2025-01-20,2,2.13,1.62
P100000121192,steel,2025-01-21,1,1.31,1.31
P100000121192,steel,2025-01-22,2,1.58,0.79
P100000121192,steel,2025-01-23,1,1.91,1.91
P100000121192,steel,2025-01-24,2,3.55,2.03
P100000121192,steel,2025-01-25,5,7.5200000000000005,2.04
P100000121192,steel,2025-01-26,1,1.7,1.7
P100000121192,steel,2025-01-27,2,3.63,2.02
P100000121192,steel,2025-01-28,1,1.03,1.03
P100000121192,steel,2025-01-29,1,1.63,1.63
P100000121192,steel,2025-01-30,4,5.58,1.68
P100000121192,steel,2025-01-31,1,1.77,1.77
P100000121192,steel,2025-02-01,1,1.42,1.42
P100000121192,steel,2025-02-02,1,1.79,1.79
P100000121192,steel,2025-02-03,1,1.47,1.47
P100000121192,steel,2025-02-04,1,1.89,1.89
P100000121192,steel,2025-02-05,4,4.85,1.78
P100000121192,steel,2025-02-06,1,1.65,1.65
P100000121192,steel,2025-02-07,1,1.67,1.67
P100000121192,steel,2025-02-08,1,1.86,1.86
P100000121192,steel,2025-02-09,2,3.5200000000000005,2.43
P100000121192,steel,2025-02-10,2,2.59,1.58
P100000121192,steel,2025-02-11,1,1.9,1.9
P100000121192,steel,2025-02-12,4,3.81,1.72
P100000121192,steel,2025-02-13,1,1.2,1.2
P100000121192,steel,2025-02-14,1,1.94,1.94
P100000121192,steel,2025-02-15,3,3.38,1.25
P100000121192,steel,2025-02-16,1,1.37,1.37
P100000121192,steel,2025-02-18,2,1.08,0.54
P100000121192,steel,2025-02-22,1,1.27,1.27
P100000121192,steel,2025-02-23,2,1.8199999999999998,0.96
P100000121192,steel,2025-02-24,1,0.7,0.7
P100000121192,steel,2025-02-25,1,1.11,1.11
P100000121192,steel,2025-02-26,1,0.49,0.49
P100000121192,steel,2025-02-27,1,0.91,0.91
P100000121192,steel,2025-02-28,1,1.38,1.38
P100000121192,steel,2025-03-01,1,1.15,1.15
P100000121192,steel,2025-03-02,1,1.77,1.77
P100000121192,steel,2025-03-04,1,1.07,1.07
P100000121192,steel,2025-03-06,1,0.86,0.86
P100000121192,steel,2025-03-07,1,1.5,1.5
P100000121192,steel,2025-03-08,2,1.5499999999999998,0.94
P100000121192,steel,2025-03-09,2,3.05,1.68
P100000121192,steel,2025-03-10,1,1.31,1.31
P100000121192,steel,2025-03-11,1,2.07,2.07
P100000121192,steel,2025-03-12,2,4.25,2.3
P100000121192,steel,2025-03-13,2,4.83,2.6
P100000121192,steel,2025-03-14,3,5.0,1.78
P100000121192,steel,2025-03-15,1,2.02,2.02
P100000121192,steel,2025-03-16,1,2.27,2.27
P100000121192,steel,2025-03-17,1,2.13,2.13
P100000121192,steel,2025-03-18,2,2.64,1.57
P100000121192,steel,2025-03-19,2,3.34,2.15
P100000121192,steel,2025-03-22,2,1.8199999999999998,0.96
P100000121192,steel,2025-03-23,2,3.31,1.69
P100000121192,steel,2025-03-24,1,1.25,1.25
P100000121192,steel,2025-03-25,1,1.31,1.31
P100000121192,steel,2025-03-26,2,4.470000000000001,2.27
P100000121192,steel,2025-03-27,1,1.89,1.89
P100000121192,steel,2025-03-28,2,5.890000000000001,2.95
P100000121192,steel,2025-03-29,1,2.62,2.62
P100000121192,steel,2025-03-30,3,5.26,2.05
P100000121192,steel,2025-03-31,2,3.56,1.96
P100000121192,steel,2025-04-01,2,2.0,1.0
P100000121192,steel,2025-04-02,1,1.03,1.03
P100000121192,steel,2025-04-04,3,3.42,1.58
P100000121192,steel,2025-04-05,1,1.6,1.6
P100000121192,steel,2025-04-06,1,1.89,1.89
P100000121192,steel,2025-04-07,1,4.39,4.39
P100000121192,steel,2025-04-08,1,2.52,2.52
P100000121192,steel,2025-04-10,2,3.02,1.77
P100000121192,steel,2025-04-11,1,2.66,2.66
P100000121192,steel,2025-04-12,1,1.95,1.95
P100000121192,steel,2025-04-14,1,1.95,1.95
P100000121192,steel,2025-04-15,3,3.5,1.47
P100000121192,steel,2025-04-16,2,5.48,2.95
P100000121192,steel,2025-04-17,2,2.02,1.01
P100000121192,steel,2025-04-18,1,1.11,1.11
P100000121192,steel,2025-04-20,1,2.36,2.36
P100000121192,steel,2025-04-21,2,2.9699999999999998,1.52
P100000121192,steel,2025-04-22,1,2.64,2.64
P100000121192,steel,2025-04-23,1,2.16,2.16
P100000121192,steel,2025-04-24,1,2.8,2.8
P100000121192,steel,2025-04-25,1,2.61,2.61
P100000121192,steel,2025-04-27,2,3.4,1.7
P100000121192,steel,2025-04-28,2,1.36,0.68
P100000121192,steel,2025-04-29,1,0.86,0.86
P100000121192,steel,2025-04-30,1,2.37,2.37
P100000121192,steel,2025-05-01,2,2.55,1.37
P100000121192,steel,2025-05-02,1,2.19,2.19
P100000121192,steel,2025-05-03,1,0.82,0.82
P100000121192,steel,2025-05-05,1,1.61,1.61
P100000121192,steel,2025-05-06,2,2.55,1.31
P100000121192,steel,2025-05-07,2,3.3200000000000003,1.76
P100000121192,steel,2025-05-08,1,1.77,1.77
P100000121192,steel,2025-05-09,1,1.83,1.83
P100000121192,steel,2025-05-10,1,4.08,4.08
P100000121192,steel,2025-06-03,1,1.74,1.74
P100000121192,steel,2025-06-07,1,1.82,1.82
P100000121192,steel,2025-06-11,1,1.56,1.56
P100000121192,steel,2025-06-12,1,1.78,1.78
P100000121192,steel,2025-06-14,2,1.12,0.56
P100000121192,steel,2025-08-02,1,1.35,1.35
P100000121192,steel,2025-08-09,2,5.76,3.49
P100000121192,steel,2025-08-11,1,0.85,0.85
P100000121192,steel,2025-08-16,1,0.78,0.78
P100000121192,steel,2025-08-20,2,4.55,2.83
P100000121192,steel,2025-08-25,1,0.57,0.57
P100000121192,steel,2025-08-26,2,1.31,0.73
P100000121192,steel,2025-08-29,1,0.77,0.77
P100000121192,steel,2025-09-05,1,1.13,1.13
P100000121192,steel,2025-09-06,1,0.8,0.8
P100000121192,steel,2025-09-09,1,3.24,3.24
P100000121192,steel,2025-09-13,1,1.3,1.3
P100000121192,steel,2025-09-18,1,1.88,1.88
P100000121192,steel,2025-09-19,1,2.01,2.01
P100000121192,steel,2025-09-21,2,3.09,1.57
P100000121192,steel,2025-09-25,1,2.06,2.06
P100000121192,steel,2025-10-10,1,1.2,1.2
P100000121192,steel,2025-10-11,1,1.2,1.2
P100000121192,steel,2025-10-12,1,1.37,1.37
P100000121192,steel,2025-10-13,2,2.33,1.53
P100000121192,steel,2025-10-14,1,1.43,1.43
P100000121192,steel,2025-10-15,1,1.62,1.62
P100000121192,steel,2025-10-16,1,1.23,1.23
P100000121192,steel,2025-10-17,1,1.96,1.96
P100000121192,steel,2025-10-18,2,2.8499999999999996,1.7
P100000121192,steel,2025-10-19,1,1.16,1.16
P100000121192,steel,2025-10-21,1,0.44,0.44
P100000121192,steel,2025-10-22,2,2.2199999999999998,1.49
P100000121192,steel,2025-10-23,1,1.55,1.55
P100000121192,steel,2025-10-26,1,1.03,1.03
P100000121192,steel,2025-10-28,2,1.83,1.2
P100000121192,steel,2025-11-01,1,1.4,1.4
P100000121192,steel,2025-11-02,1,1.2,1.2
P100000121192,steel,2025-11-03,2,2.33,1.24
P100000121192,steel,2025-11-05,1,0.77,0.77
P100000121192,steel,2025-11-06,1,0.77,0.77
P100000121192,steel,2025-11-07,1,1.33,1.33
P100000121192,steel,2025-11-08,1,1.17,1.17
P100000121192,steel,2025-11-09,1,0.83,0.83
P100000121192,steel,2025-11-10,1,1.25,1.25
P100000121192,steel,2025-11-15,1,0.78,0.78
P100000121192,steel,2025-11-16,2,3.4699999999999998,1.81
P100000121192,steel,2025-11-17,1,1.05,1.05
P100000121192,steel,2025-11-18,1,1.2,1.2
P100000121192,steel,2025-11-19,1,0.77,0.77
P100000121192,steel,2025-11-20,2,2.41,1.53
P100000121192,steel,2025-11-21,1,1.64,1.64
P100000121192,steel,2025-11-22,1,1.26,1.26
P100000121192,steel,2025-11-23,2,1.62,0.81
P100000121192,steel,2025-11-24,2,5.23,2.92
P100000121192,steel,2025-11-25,2,4.42,2.84
P100000121192,steel,2025-11-26,1,2.61,2.61
P100000121192,steel,2025-11-27,1,1.28,1.28
P100000121192,steel,2025-11-28,2,2.3899999999999997,1.26
P100000121192,steel,2025-11-29,2,2.46,1.23
P100000121192,steel,2025-12-01,2,1.98,0.99
P100000121192,steel,2025-12-02,1,1.85,1.85
P100000121192,steel,2025-12-03,2,2.3,1.4
P100000121192,steel,2025-12-04,2,4.279999999999999,2.15
P100000121192,steel,2025-12-05,2,3.04,1.82
P100000121192,steel,2025-12-06,1,2.03,2.03
P100000121192,steel,2025-12-07,1,1.17,1.17
P100000121192,steel,2025-12-08,2,3.98,2.33
P100000121192,steel,2025-12-09,1,1.79,1.79
P100000121192,steel,2025-12-10,1,2.51,2.51
P100000121192,steel,2025-12-11,3,4.949999999999999,2.15
P100000121192,steel,2025-12-12,2,1.78,0.89
P100000121192,steel,2025-12-13,1,2.21,2.21
P100000121192,steel,2025-12-14,1,1.9,1.9
P100000121192,steel,2025-12-15,1,1.81,1.81
P100000121192,steel,2025-12-16,3,3.0,1.57
P100000121192,steel,2025-12-17,2,1.95,1.4
P100000121192,steel,2025-12-18,1,1.86,1.86
P100000121192,steel,2025-12-19,2,2.14,1.07
P100000121192,steel,2025-12-20,2,5.78,2.95
P100000121192,steel,2025-12-21,1,1.38,1.38
P100000121192,steel,2025-12-22,4,7.15,2.41
P100000121192,steel,2025-12-23,1,2.38,2.38
P100000121192,steel,2025-12-24,2,2.4699999999999998,1.27
P100000121192,steel,2025-12-25,2,2.36,1.18
P100000121192,steel,2025-12-26,1,3.07,3.07
P100000121192,steel,2025-12-27,5,6.78,2.18
P100000121192,steel,2025-12-28,2,4.73,2.59
P100000121192,steel,2025-12-29,2,2.28,1.14
P100000121192,steel,2025-12-30,1,1.92,1.92
P100000121192,steel,2025-12-31,2,2.55,1.64
P100000121195,steel,2025-01-03,2,3.31,1.7
P100000121195,steel,2025-01-05,1,2.82,2.82
P100000121195,steel,2025-01-06,1,0.69,0.69
P100000121195,steel,2025-01-14,1,1.39,1.39
P100000121195,steel,2025-01-19,1,1.37,1.37
P100000121195,steel,2025-01-22,1,1.66,1.66
P100000121195,steel,2025-01-27,1,0.77,0.77
P100000121195,steel,2025-01-29,1,0.98,0.98
P100000121195,steel,2025-02-02,1,3.32,3.32
P100000121195,steel,2025-02-07,1,1.6,1.6
P100000121195,steel,2025-02-12,1,1.05,1.05
P100000121195,steel,2025-02-17,1,2.4,2.4
P100000121195,steel,2025-02-19,2,3.12,2.14
P100000121195,steel,2025-02-20,2,3.84,2.18
P100000121195,steel,2025-02-21,1,3.61,3.61
P100000121195,steel,2025-02-26,1,1.26,1.26
P100000121195,steel,2025-02-28,1,1.42,1.42
P100000121195,steel,2025-03-05,1,1.29,1.29
P100000121195,steel,2025-03-07,2,7.24,3.95
P100000121195,steel,2025-03-10,1,1.38,1.38
P100000121195,steel,2025-03-16,1,1.7,1.7
P100000121195,steel,2025-03-17,1,2.73,2.73
P100000121195,steel,2025-03-22,2,2.14,1.07
P100000121195,steel,2025-03-23,2,4.68,2.34
P100000121195,steel,2025-04-17,1,10.51,10.51
P100000121195,steel,2025-05-02,1,1.13,1.13
P100000121195,steel,2025-05-03,1,15.89,15.89
P100000121195,steel,2025-05-04,2,9.09,4.55
P100000121195,steel,2025-05-25,1,0.19,0.19
P100000121195,steel,2025-07-11,2,4.66,4.12
P100000121195,steel,2025-07-15,1,3.56,3.56
P100000121195,steel,2025-07-21,2,1.62,0.81
P100000121195,steel,2025-09-13,1,1.04,1.04
P100000121195,steel,2025-10-10,2,1.84,0.92
P100000121195,steel,2025-10-12,1,0.86,0.86
P100000121195,steel,2025-10-13,2,1.5899999999999999,0.88
P100000121195,steel,2025-10-14,1,2.85,2.85
P100000121195,steel,2025-10-15,2,1.4,0.7
P100000121195,steel,2025-10-16,1,1.82,1.82
P100000121195,steel,2025-10-20,1,1.09,1.09
P100000121195,steel,2025-10-21,1,0.53,0.53
P100000121195,steel,2025-10-22,2,2.31,1.27
P100000121195,steel,2025-10-23,2,2.9299999999999997,1.99
P100000121195,steel,2025-10-26,1,0.91,0.91
P100000121195,steel,2025-11-06,1,1.69,1.69
P100000121195,steel,2025-11-09,2,2.42,1.23
P100000121195,steel,2025-11-10,2,4.0,2.0
P100000121195,steel,2025-11-14,2,3.56,2.35
P100000121195,steel,2025-11-16,2,1.6,0.8
P100000121195,steel,2025-11-22,1,1.74,1.74
P100000121195,steel,2025-11-25,1,5.33,5.33
P100000121195,steel,2025-11-27,2,1.38,0.69
P100000121195,steel,2025-11-28,1,1.41,1.41
P100000121195,steel,2025-11-30,2,2.33,1.27
P100000121195,steel,2025-12-01,1,1.26,1.26
P100000121195,steel,2025-12-02,2,5.2,3.99
P100000121195,steel,2025-12-05,2,2.3899999999999997,1.24
P100000121195,steel,2025-12-07,1,1.49,1.49
P100000121195,steel,2025-12-09,1,1.66,1.66
P100000121195,steel,2025-12-10,1,1.25,1.25
P100000121195,steel,2025-12-13,2,3.86,1.93
P100000121195,steel,2025-12-14,1,1.68,1.68
P100000121195,steel,2025-12-15,1,1.25,1.25
P100000121195,steel,2025-12-16,1,1.21,1.21
P100000121195,steel,2025-12-18,1,1.54,1.54
P100000121195,steel,2025-12-19,2,1.8,0.9
P100000121195,steel,2025-12-20,1,2.11,2.11
P100000121195,steel,2025-12-21,1,1.46,1.46
P100000121195,steel,2025-12-23,2,1.62,0.81
P100000121195,steel,2025-12-24,2,4.6899999999999995,2.77
P100000121195,steel,2025-12-25,1,1.38,1.38
P100000121195,steel,2025-12-28,1,1.46,1.46
P100000121195,steel,2025-12-29,3,6.99,4.07
P100000121195,steel,2025-12-30,1,1.54,1.54
P100000121195,steel,2025-12-31,3,2.15,0.85
P100000121205,steel,2025-01-06,1,0.56,0.56
P100000121205,steel,2025-01-10,1,0.99,0.99
P100000121205,steel,2025-01-11,1,1.22,1.22
P100000121205,steel,2025-01-16,1,1.75,1.75
P100000121205,steel,2025-01-17,1,0.92,0.92
P100000121205,steel,2025-01-21,1,1.17,1.17
P100000121205,steel,2025-01-26,1,1.0,1.0
P100000121205,steel,2025-01-27,1,1.04,1.04
P100000121205,steel,2025-01-31,1,1.16,1.16
P100000121205,steel,2025-02-06,1,1.19,1.19
P100000121205,steel,2025-02-11,1,1.21,1.21
P100000121205,steel,2025-02-12,1,1.37,1.37
P100000121205,steel,2025-02-16,1,1.44,1.44
P100000121205,steel,2025-02-17,1,1.4,1.4
P100000121205,steel,2025-02-22,1,1.56,1.56
P100000121205,steel,2025-02-23,1,1.0,1.0
P100000121205,steel,2025-02-24,1,4.5,4.5
P100000121205,steel,2025-03-10,1,1.69,1.69
P100000121205,steel,2025-03-12,1,1.13,1.13
P100000121205,steel,2025-03-19,1,3.53,3.53
P100000121205,steel,2025-03-20,1,1.44,1.44
P100000121205,steel,2025-03-21,1,0.75,0.75
P100000121205,steel,2025-03-27,1,0.96,0.96
P100000121205,steel,2025-04-01,1,1.46,1.46
P100000121205,steel,2025-04-06,1,1.41,1.41
P100000121205,steel,2025-04-10,1,3.38,3.38
P100000121205,steel,2025-04-11,1,1.84,1.84
P100000121205,steel,2025-04-12,1,1.46,1.46
P100000121205,steel,2025-04-15,1,1.14,1.14
P100000121205,steel,2025-04-21,1,5.36,5.36
P100000121205,steel,2025-04-22,1,1.64,1.64
P100000121205,steel,2025-04-26,1,4.32,4.32
P100000121205,steel,2025-05-01,1,5.43,5.43
P100000121205,steel,2025-05-02,1,2.23,2.23
P100000121205,steel,2025-05-07,1,2.48,2.48
P100000121205,steel,2025-05-08,2,8.42,5.97
P100000121205,steel,2025-05-09,1,1.13,1.13
P100000121205,steel,2025-05-10,1,1.38,1.38
P100000121205,steel,2025-05-11,2,6.04,4.59
P100000121205,steel,2025-05-13,1,9.46,9.46
P100000121205,steel,2025-09-29,1,0.93,0.93
P100000121205,steel,2025-10-04,1,1.04,1.04
P100000121205,steel,2025-11-06,1,0.92,0.92
P100000121205,steel,2025-11-10,1,1.34,1.34
P100000121205,steel,2025-11-16,1,0.79,0.79
P100000121205,steel,2025-11-17,1,1.65,1.65
P100000121205,steel,2025-11-26,1,1.12,1.12
P100000121205,steel,2025-12-02,1,1.24,1.24
P100000121205,steel,2025-12-07,1,1.2,1.2
P100000121205,steel,2025-12-08,1,0.88,0.88
P100000121205,steel,2025-12-17,1,1.16,1.16
P100000121205,steel,2025-12-18,1,1.08,1.08
P100000121207,steel,2025-01-09,1,1.42,1.42
P100000121216,steel,2025-01-10,1,1.35,1.35
P100000121216,steel,2025-01-31,1,1.01,1.01
P100000121216,steel,2025-11-27,1,3.61,3.61
P100000121216,steel,2025-12-04,1,3.61,3.61
P100000121216,steel,2025-12-06,1,0.67,0.67
P100000121216,steel,2025-12-07,1,1.31,1.31
P100000121216,steel,2025-12-10,1,5.19,5.19
P100000121216,steel,2025-12-17,1,0.43,0.43
P100000121236,steel,2025-01-01,1,0.87,0.87
P100000121236,steel,2025-01-05,1,0.9,0.9
P100000121236,steel,2025-01-06,1,0.81,0.81
P100000121236,steel,2025-01-08,1,1.27,1.27
P100000121236,steel,2025-01-11,1,1.21,1.21
P100000121236,steel,2025-01-18,1,1.13,1.13
P100000121236,steel,2025-01-21,1,2.32,2.32
P100000121236,steel,2025-01-22,1,1.41,1.41
P100000121236,steel,2025-01-31,1,0.91,0.91
P100000121236,steel,2025-02-09,1,0.96,0.96
P100000121236,steel,2025-02-12,2,1.44,0.72
P100000121236,steel,2025-02-18,1,1.32,1.32
P100000121236,steel,2025-02-24,1,1.56,1.56
P100000121236,steel,2025-02-28,2,2.04,1.03
P100000121236,steel,2025-03-05,1,1.4,1.4
P100000121236,steel,2025-03-11,1,1.54,1.54
P100000121236,steel,2025-03-16,2,2.71,1.47
P100000121236,steel,2025-03-23,1,1.54,1.54
P100000121236,steel,2025-03-26,1,3.04,3.04
P100000121236,steel,2025-04-06,1,1.35,1.35
P100000121236,steel,2025-04-12,1,1.78,1.78
P100000121236,steel,2025-04-16,1,7.13,7.13
P100000121236,steel,2025-04-17,1,1.01,1.01
P100000121236,steel,2025-04-22,1,1.05,1.05
P100000121236,steel,2025-04-23,1,2.41,2.41
P100000121236,steel,2025-04-28,1,4.46,4.46
P100000121236,steel,2025-05-31,1,0.75,0.75
P100000121236,steel,2025-07-18,1,0.8,0.8
P100000121236,steel,2025-07-27,1,0.87,0.87
P100000121236,steel,2025-10-21,1,0.62,0.62
P100000121236,steel,2025-10-26,1,1.13,1.13
P100000121236,steel,2025-11-04,1,0.95,0.95
P100000121236,steel,2025-11-05,1,1.68,1.68
P100000121236,steel,2025-11-06,1,1.55,1.55
P100000121236,steel,2025-11-07,1,2.25,2.25
P100000121236,steel,2025-11-13,1,1.92,1.92
P100000121236,steel,2025-11-16,1,2.12,2.12
P100000121236,steel,2025-11-17,1,1.89,1.89
P100000121236,steel,2025-11-21,1,1.96,1.96
P100000121236,steel,2025-11-22,1,0.77,0.77
P100000121236,steel,2025-11-26,1,1.47,1.47
P100000121236,steel,2025-11-27,1,1.29,1.29
P100000121236,steel,2025-12-01,1,1.44,1.44
P100000121236,steel,2025-12-02,1,0.69,0.69
P100000121236,steel,2025-12-03,1,2.45,2.45
P100000121236,steel,2025-12-07,2,1.6,0.8
P100000121236,steel,2025-12-10,1,1.16,1.16
P100000121236,steel,2025-12-11,2,1.6600000000000001,0.89
P100000121236,steel,2025-12-14,1,2.45,2.45
P100000121236,steel,2025-12-15,1,0.76,0.76
P100000121236,steel,2025-12-18,1,1.77,1.77
P100000121236,steel,2025-12-19,1,0.45,0.45
P100000121236,steel,2025-12-29,1,0.83,0.83
P100000121236,steel,2025-12-30,1,2.64,2.64
P100000121236,steel,2025-12-31,2,2.12,1.16
P100000121239,steel,2025-01-03,1,0.75,0.75
P100000121239,steel,2025-01-04,1,0.55,0.55
P100000121239,steel,2025-01-05,1,0.75,0.75
P100000121239,steel,2025-01-06,1,0.77,0.77
P100000121239,steel,2025-01-07,1,0.67,0.67
P100000121239,steel,2025-01-08,2,1.81,1.11
P100000121239,steel,2025-01-09,1,0.76,0.76
P100000121239,steel,2025-01-10,1,0.64,0.64
P100000121239,steel,2025-01-11,1,0.25,0.25
P100000121239,steel,2025-01-23,1,0.42,0.42
P100000121239,steel,2025-01-24,1,0.56,0.56
P100000121239,steel,2025-01-31,1,0.75,0.75
P100000121239,steel,2025-02-05,1,0.79,0.79
P100000121239,steel,2025-02-08,1,0.43,0.43
P100000121239,steel,2025-03-12,1,0.78,0.78
P100000121239,steel,2025-09-22,1,0.84,0.84
P100000121239,steel,2025-10-08,1,0.73,0.73
P100000121239,steel,2025-10-19,1,1.09,1.09
P100000121239,steel,2025-11-05,1,1.16,1.16
P100000121239,steel,2025-11-06,1,1.26,1.26
P100000121239,steel,2025-11-07,1,0.89,0.89
P100000121239,steel,2025-11-09,1,0.39,0.39
P100000121239,steel,2025-11-14,1,0.81,0.81
P100000121239,steel,2025-11-15,1,0.31,0.31
P100000121239,steel,2025-11-18,1,0.44,0.44
P100000121239,steel,2025-11-20,1,0.8,0.8
P100000121239,steel,2025-11-21,1,0.65,0.65
P100000121239,steel,2025-11-23,1,0.79,0.79
P100000121239,steel,2025-11-25,1,0.68,0.68
P100000121239,steel,2025-11-26,1,0.44,0.44
P100000121239,steel,2025-11-30,1,0.34,0.34
P100000121239,steel,2025-12-01,1,0.42,0.42
P100000121239,steel,2025-12-02,1,0.69,0.69
P100000121239,steel,2025-12-06,1,0.39,0.39
P100000121239,steel,2025-12-11,1,0.22,0.22
P100000121239,steel,2025-12-12,1,1.32,1.32
P100000121239,steel,2025-12-13,1,0.8,0.8
P100000121239,steel,2025-12-14,2,1.81,0.98
P100000121239,steel,2025-12-17,1,0.77,0.77
P100000121239,steel,2025-12-22,1,0.61,0.61
P100000121239,steel,2025-12-23,1,0.86,0.86
P100000121239,steel,2025-12-27,1,0.7,0.7
P100000123900,cement,2025-01-11,1,0.91,0.91
P100000123900,cement,2025-01-22,1,0.76,0.76
P100000123900,cement,2025-01-27,1,0.95,0.95
P100000123900,cement,2025-02-23,1,0.66,0.66
P100000123900,cement,2025-08-28,1,2.57,2.57
P100000123900,cement,2025-10-10,1,1.0,1.0
P100000123900,cement,2025-11-06,1,0.76,0.76
P100000123900,cement,2025-11-16,1,0.84,0.84
P100000123900,cement,2025-11-17,1,0.36,0.36
P100000123900,cement,2025-11-27,1,1.17,1.17
P100000123900,cement,2025-12-14,1,0.66,0.66
P100000123900,cement,2025-12-19,1,0.68,0.68
P100000123900,cement,2025-12-24,1,0.83,0.83
P100000123901,cement,2025-01-02,1,1.17,1.17
P100000123901,cement,2025-01-03,1,0.99,0.99
P100000123901,cement,2025-01-04,1,1.47,1.47
P100000123901,cement,2025-01-05,1,0.91,0.91
P100000123901,cement,2025-01-09,1,1.78,1.78
P100000123901,cement,2025-01-18,1,0.82,0.82
P100000123901,cement,2025-01-20,2,1.5,0.76
P100000123901,cement,2025-01-21,1,1.51,1.51
P100000123901,cement,2025-01-24,1,1.99,1.99
P100000123901,cement,2025-01-25,1,1.83,1.83
P100000123901,cement,2025-01-26,1,1.37,1.37
P100000123901,cement,2025-01-29,1,1.07,1.07
P100000123901,cement,2025-01-30,2,1.5899999999999999,0.94
P100000123901,cement,2025-01-31,1,1.5,1.5
P100000123901,cement,2025-02-04,2,3.02,1.56
P100000123901,cement,2025-02-05,1,1.92,1.92
P100000123901,cement,2025-02-06,1,1.12,1.12
P100000123901,cement,2025-02-09,1,1.1,1.1
P100000123901,cement,2025-02-10,1,1.53,1.53
P100000123901,cement,2025-02-11,1,1.37,1.37
P100000123901,cement,2025-02-14,1,0.6,0.6
P100000123901,cement,2025-02-15,1,0.92,0.92
P100000123901,cement,2025-02-16,2,2.04,1.28
P100000123901,cement,2025-02-20,1,1.35,1.35
P100000123901,cement,2025-02-21,2,1.9300000000000002,1.02
P100000123901,cement,2025-02-22,1,1.09,1.09
P100000123901,cement,2025-02-26,1,1.99,1.99
P100000123901,cement,2025-03-03,1,0.69,0.69
P100000123901,cement,2025-03-04,1,0.67,0.67
P100000123901,cement,2025-03-10,1,1.41,1.41
P100000123901,cement,2025-03-13,2,3.29,2.15
P100000123901,cement,2025-03-14,1,1.01,1.01
P100000123901,cement,2025-03-15,1,1.91,1.91
P100000123901,cement,2025-03-18,1,0.54,0.54
P100000123901,cement,2025-03-20,2,1.88,1.24
P100000123901,cement,2025-03-25,1,1.75,1.75
P100000123901,cement,2025-03-26,1,1.46,1.46
P100000123901,cement,2025-03-30,1,1.84,1.84
P100000123901,cement,2025-03-31,1,1.38,1.38
P100000123901,cement,2025-04-04,1,2.0,2.0
P100000123901,cement,2025-04-05,1,1.79,1.79
P100000123901,cement,2025-04-10,1,1.33,1.33
P100000123901,cement,2025-05-12,1,1.52,1.52
P100000123901,cement,2025-05-17,1,1.49,1.49
P100000123901,cement,2025-05-23,1,1.37,1.37
P100000123901,cement,2025-08-05,2,2.19,1.24
P100000123901,cement,2025-08-15,1,2.13,2.13
P100000123901,cement,2025-08-16,1,2.51,2.51
P100000123901,cement,2025-09-10,1,0.62,0.62
P100000123901,cement,2025-09-11,1,1.19,1.19
P100000123901,cement,2025-09-12,1,0.97,0.97
P100000123901,cement,2025-09-16,1,1.21,1.21
P100000123901,cement,2025-09-21,1,0.69,0.69
P100000123901,cement,2025-09-22,1,1.57,1.57
P100000123901,cement,2025-09-23,1,1.96,1.96
P100000123901,cement,2025-10-09,1,1.3,1.3
P100000123901,cement,2025-10-12,1,1.0,1.0
P100000123901,cement,2025-10-13,1,0.99,0.99
P100000123901,cement,2025-10-14,1,1.74,1.74
P100000123901,cement,2025-10-18,1,1.38,1.38
P100000123901,cement,2025-10-19,1,0.59,0.59
P100000123901,cement,2025-10-23,1,1.35,1.35
P100000123901,cement,2025-10-24,2,2.46,1.4
P100000123901,cement,2025-10-25,1,1.34,1.34
P100000123901,cement,2025-11-03,1,0.87,0.87
P100000123901,cement,2025-11-04,1,1.46,1.46
P100000123901,cement,2025-11-05,1,1.06,1.06
P100000123901,cement,2025-11-08,1,1.11,1.11
P100000123901,cement,2025-11-09,1,1.27,1.27
P100000123901,cement,2025-11-10,1,1.03,1.03
P100000123901,cement,2025-11-14,1,0.87,0.87
P100000123901,cement,2025-11-15,1,0.84,0.84
P100000123901,cement,2025-11-19,1,1.21,1.21
P100000123901,cement,2025-11-20,2,0.88,0.44
P100000123901,cement,2025-11-21,2,1.1600000000000001,0.6
P100000123901,cement,2025-11-25,1,1.24,1.24
P100000123901,cement,2025-11-26,1,1.5,1.5
P100000123901,cement,2025-11-29,1,0.61,0.61
P100000123901,cement,2025-12-01,1,1.17,1.17
P100000123901,cement,2025-12-05,1,1.09,1.09
P100000123901,cement,2025-12-06,1,0.69,0.69
P100000123901,cement,2025-12-11,1,1.36,1.36
P100000123901,cement,2025-12-12,1,0.73,0.73
P100000123901,cement,2025-12-15,1,0.87,0.87
P100000123901,cement,2025-12-17,1,0.7,0.7
P100000123901,cement,2025-12-22,1,0.83,0.83
P100000123901,cement,2025-12-23,1,0.61,0.61
P100000123901,cement,2025-12-27,1,1.28,1.28
P100000123901,cement,2025-12-28,1,1.48,1.48
P100000123902,cement,2025-11-11,1,4.81,4.81
P100000123904,cement,2025-01-01,3,8.27,3.77
P100000123904,cement,2025-01-02,4,7.93,2.75
P100000123904,cement,2025-01-03,3,12.0,5.05
P100000123904,cement,2025-01-06,2,2.13,1.34
P100000123904,cement,2025-01-07,5,15.41,7.21
P100000123904,cement,2025-01-08,3,4.699999999999999,2.8
P100000123904,cement,2025-01-09,4,11.04,4.58
P100000123904,cement,2025-01-10,5,33.77,14.49
P100000123904,cement,2025-01-11,2,3.76,3.02
P100000123904,cement,2025-01-12,2,8.92,4.87
P100000123904,cement,2025-01-13,3,8.58,3.85
P100000123904,cement,2025-01-14,4,8.85,3.23
P100000123904,cement,2025-01-15,2,8.24,4.53
P100000123904,cement,2025-01-16,1,0.56,0.56
P100000123904,cement,2025-01-17,1,0.98,0.98
P100000123904,cement,2025-01-18,3,13.43,8.37
P100000123904,cement,2025-01-19,3,14.57,5.89
P100000123904,cement,2025-01-21,4,10.780000000000001,4.75
P100000123904,cement,2025-01-22,3,9.430000000000001,4.19
P100000123904,cement,2025-01-23,3,10.98,6.97
P100000123904,cement,2025-01-24,3,6.75,4.03
P100000123904,cement,2025-01-25,1,1.8,1.8
P100000123904,cement,2025-01-26,10,36.43,7.46
P100000123904,cement,2025-01-27,2,4.17,2.36
P100000123904,cement,2025-01-28,3,5.59,2.03
P100000123904,cement,2025-01-29,2,1.76,0.92
P100000123904,cement,2025-01-30,2,4.1000000000000005,2.49
P100000123904,cement,2025-01-31,1,1.3,1.3
P100000123904,cement,2025-02-01,1,1.03,1.03
P100000123904,cement,2025-02-02,8,20.39,6.68
P100000123904,cement,2025-02-03,3,4.33,1.85
P100000123904,cement,2025-02-04,3,14.79,10.86
P100000123904,cement,2025-02-05,5,21.259999999999998,6.07
P100000123904,cement,2025-02-06,2,4.470000000000001,2.45
P100000123904,cement,2025-02-07,6,5.99,1.3
P100000123904,cement,2025-02-08,3,8.52,5.96
P100000123904,cement,2025-02-09,1,29.45,29.45
P100000123904,cement,2025-02-11,3,7.449999999999999,3.13
P100000123904,cement,2025-02-12,1,0.88,0.88
P100000123904,cement,2025-02-13,2,3.21,2.6
P100000123904,cement,2025-02-14,4,13.629999999999999,8.76
P100000123904,cement,2025-02-15,3,9.85,4.33
P100000123904,cement,2025-02-16,4,19.79,8.04
P100000123904,cement,2025-02-17,1,2.1,2.1
P100000123904,cement,2025-02-18,2,2.66,1.33
P100000123904,cement,2025-02-19,2,2.42,1.75
P100000123904,cement,2025-02-20,3,7.55,5.54
P100000123904,cement,2025-02-21,2,6.67,5.22
P100000123904,cement,2025-02-22,3,4.96,2.02
P100000123904,cement,2025-02-24,4,6.050000000000001,2.47
P100000123904,cement,2025-02-25,2,5.640000000000001,4.53
P100000123904,cement,2025-02-26,2,5.09,2.74
P100000123904,cement,2025-02-27,4,6.8,2.72
P100000123904,cement,2025-02-28,1,23.55,23.55
P100000123904,cement,2025-03-01,2,8.76,4.38
P100000123904,cement,2025-03-02,1,4.97,4.97
P100000123904,cement,2025-03-03,2,4.64,2.32
P100000123904,cement,2025-03-04,3,4.890000000000001,1.79
P100000123904,cement,2025-03-05,6,16.04,5.54
P100000123904,cement,2025-03-06,2,8.02,5.07
P100000123904,cement,2025-03-07,4,18.88,7.74
P100000123904,cement,2025-03-08,1,1.92,1.92
P100000123904,cement,2025-03-09,2,2.7600000000000002,1.86
P100000123904,cement,2025-03-10,2,5.949999999999999,4.31
P100000123904,cement,2025-03-11,1,7.06,7.06
P100000123904,cement,2025-03-12,4,15.9,4.21
P100000123904,cement,2025-03-13,3,7.43,2.63
P100000123904,cement,2025-03-14,1,5.0,5.0
P100000123904,cement,2025-03-15,1,2.34,2.34
P100000123904,cement,2025-03-16,2,4.82,3.2
P100000123904,cement,2025-03-17,4,11.54,6.06
P100000123904,cement,2025-03-18,4,14.77,6.66
P100000123904,cement,2025-03-19,4,12.969999999999999,6.96
P100000123904,cement,2025-03-22,1,4.1,4.1
P100000123904,cement,2025-03-23,3,2.27,0.83
P100000123904,cement,2025-03-24,3,10.33,8.08
P100000123904,cement,2025-03-25,3,6.380000000000001,2.6
P100000123904,cement,2025-03-26,1,2.06,2.06
P100000123904,cement,2025-03-27,4,12.18,5.35
P100000123904,cement,2025-03-28,3,18.77,14.1
P100000123904,cement,2025-03-29,3,3.33,1.67
P100000123904,cement,2025-03-30,1,2.7,2.7
P100000123904,cement,2025-03-31,2,11.84,6.68
P100000123904,cement,2025-04-01,1,1.88,1.88
P100000123904,cement,2025-04-02,3,5.96,5.3
P100000123904,cement,2025-04-03,1,11.38,11.38
P100000123904,cement,2025-04-06,2,10.07,5.82
P100000123904,cement,2025-04-08,2,9.13,6.36
P100000123904,cement,2025-04-09,2,6.46,3.23
P100000123904,cement,2025-04-12,1,1.71,1.71
P100000123904,cement,2025-04-13,1,4.85,4.85
P100000123904,cement,2025-04-15,2,6.71,4.92
P100000123904,cement,2025-04-16,4,17.44,5.48
P100000123904,cement,2025-04-17,4,12.4,5.78
P100000123904,cement,2025-04-18,2,3.6799999999999997,2.17
P100000123904,cement,2025-04-19,2,5.74,4.62
P100000123904,cement,2025-04-22,1,0.83,0.83
P100000123904,cement,2025-04-23,1,2.35,2.35
P100000123904,cement,2025-04-24,1,1.58,1.58
P100000123904,cement,2025-04-25,1,3.22,3.22
P100000123904,cement,2025-04-26,1,2.12,2.12
P100000123904,cement,2025-04-27,2,2.1399999999999997,1.45
P100000123904,cement,2025-04-28,4,8.25,2.34
P100000123904,cement,2025-04-30,3,6.970000000000001,4.53
P100000123904,cement,2025-05-02,2,3.5599999999999996,2.28
P100000123904,cement,2025-05-04,4,7.5,2.35
P100000123904,cement,2025-05-06,2,5.31,3.38
P100000123904,cement,2025-05-07,2,5.84,3.28
P100000123904,cement,2025-05-09,2,9.040000000000001,6.07
P100000123904,cement,2025-05-10,2,9.89,6.95
P100000123904,cement,2025-05-11,1,3.08,3.08
P100000123904,cement,2025-05-13,1,2.03,2.03
P100000123904,cement,2025-05-18,1,3.36,3.36
P100000123904,cement,2025-05-19,1,1.58,1.58
P100000123904,cement,2025-05-20,1,3.93,3.93
P100000123904,cement,2025-05-26,1,1.14,1.14
P100000123904,cement,2025-05-27,1,2.6,2.6
P100000123904,cement,2025-06-01,1,1.59,1.59
P100000123904,cement,2025-06-05,1,1.6,1.6
P100000123904,cement,2025-06-07,2,5.779999999999999,3.42
P100000123904,cement,2025-06-09,2,4.58,3.36
P100000123904,cement,2025-06-10,1,2.02,2.02
P100000123904,cement,2025-06-11,1,1.6,1.6
P100000123904,cement,2025-06-12,2,14.120000000000001,7.11
P100000123904,cement,2025-06-13,2,4.51,2.97
P100000123904,cement,2025-06-15,1,1.26,1.26
P100000123904,cement,2025-06-16,1,10.96,10.96
P100000123904,cement,2025-06-21,1,5.92,5.92
P100000123904,cement,2025-07-02,1,6.98,6.98
P100000123904,cement,2025-07-26,2,1.5,0.79
P100000123904,cement,2025-08-09,1,8.38,8.38
P100000123904,cement,2025-08-10,1,1.08,1.08
P100000123904,cement,2025-08-25,2,24.990000000000002,23.32
P100000123904,cement,2025-08-27,2,3.14,1.79
P100000123904,cement,2025-08-28,5,12.440000000000001,3.71
P100000123904,cement,2025-09-01,2,5.050000000000001,2.64
P100000123904,cement,2025-09-02,3,1.6,0.56
P100000123904,cement,2025-09-04,2,3.0199999999999996,1.63
P100000123904,cement,2025-09-05,2,7.16,4.64
P100000123904,cement,2025-09-06,1,1.74,1.74
P100000123904,cement,2025-09-08,2,3.9000000000000004,2.1
P100000123904,cement,2025-09-09,3,5.6899999999999995,2.85
P100000123904,cement,2025-09-10,1,0.74,0.74
P100000123904,cement,2025-09-13,2,1.55,1.24
P100000123904,cement,2025-09-20,1,1.68,1.68
P100000123904,cement,2025-09-21,2,2.25,1.22
P100000123904,cement,2025-09-23,1,0.95,0.95
P100000123904,cement,2025-09-24,5,12.03,7.52
P100000123904,cement,2025-09-26,1,2.63,2.63
P100000123904,cement,2025-09-27,2,2.82,1.41
P100000123904,cement,2025-09-28,3,6.45,2.43
P100000123904,cement,2025-09-29,2,3.65,1.88
P100000123904,cement,2025-09-30,4,9.129999999999999,3.54
P100000123904,cement,2025-10-04,1,1.32,1.32
P100000123904,cement,2025-10-05,1,1.43,1.43
P100000123904,cement,2025-10-06,1,2.97,2.97
P100000123904,cement,2025-10-07,1,2.23,2.23
P100000123904,cement,2025-10-09,2,3.4899999999999998,2.09
P100000123904,cement,2025-10-12,3,5.91,2.81
P100000123904,cement,2025-10-13,5,10.54,4.64
P100000123904,cement,2025-10-14,1,1.53,1.53
P100000123904,cement,2025-10-15,3,6.25,5.25
P100000123904,cement,2025-10-16,1,7.76,7.76
P100000123904,cement,2025-10-17,3,5.32,2.66
P100000123904,cement,2025-10-18,3,6.0,2.58
P100000123904,cement,2025-10-19,4,9.2,3.7
P100000123904,cement,2025-10-20,3,7.449999999999999,3.01
P100000123904,cement,2025-10-21,3,7.05,4.31
P100000123904,cement,2025-10-22,3,4.25,1.45
P100000123904,cement,2025-10-23,4,22.25,11.21
P100000123904,cement,2025-10-24,4,16.5,5.11
P100000123904,cement,2025-10-27,4,8.27,2.96
P100000123904,cement,2025-11-02,2,6.86,4.53
P100000123904,cement,2025-11-03,1,1.04,1.04
P100000123904,cement,2025-11-05,4,22.59,9.33
P100000123904,cement,2025-11-06,2,7.37,4.33
P100000123904,cement,2025-11-07,1,6.15,6.15
P100000123904,cement,2025-11-08,2,3.62,1.97
P100000123904,cement,2025-11-09,1,1.86,1.86
P100000123904,cement,2025-11-10,4,9.83,3.96
P100000123904,cement,2025-11-11,3,33.74,22.68
P100000123904,cement,2025-11-12,2,6.01,4.78
P100000123904,cement,2025-11-13,5,12.86,5.82
P100000123904,cement,2025-11-14,3,17.41,14.88
P100000123904,cement,2025-11-15,5,11.48,2.8
P100000123904,cement,2025-11-16,2,2.19,1.3
P100000123904,cement,2025-11-17,3,15.71,9.13
P100000123904,cement,2025-11-18,3,7.16,4.63
P100000123904,cement,2025-11-19,3,7.34,4.76
P100000123904,cement,2025-11-20,5,7.08,2.44
P100000123904,cement,2025-11-21,4,11.530000000000001,5.05
P100000123904,cement,2025-11-22,3,5.029999999999999,2.84
P100000123904,cement,2025-11-23,4,9.59,5.3
P100000123904,cement,2025-11-24,3,4.949999999999999,2.03
P100000123904,cement,2025-11-25,3,6.07,3.13
P100000123904,cement,2025-11-26,1,2.95,2.95
P100000123904,cement,2025-11-27,2,1.66,1.25
P100000123904,cement,2025-11-28,5,13.32,9.2
P100000123904,cement,2025-11-29,2,3.1,1.55
P100000123904,cement,2025-11-30,2,3.78,2.8
P100000123904,cement,2025-12-01,2,5.529999999999999,3.19
P100000123904,cement,2025-12-02,1,1.7,1.7
P100000123904,cement,2025-12-03,2,2.67,2.06
P100000123904,cement,2025-12-04,3,15.38,11.66
P100000123904,cement,2025-12-05,2,3.7800000000000002,2.48
P100000123904,cement,2025-12-06,1,1.56,1.56
P100000123904,cement,2025-12-08,2,1.08,0.59
P100000123904,cement,2025-12-09,4,8.53,3.85
P100000123904,cement,2025-12-10,1,2.64,2.64
P100000123904,cement,2025-12-11,4,7.6,2.06
P100000123904,cement,2025-12-12,3,3.75,1.89
P100000123904,cement,2025-12-13,3,9.58,6.23
P100000123904,cement,2025-12-14,3,19.52,13.86
P100000123904,cement,2025-12-15,4,17.04,7.59
P100000123904,cement,2025-12-16,1,0.99,0.99
P100000123904,cement,2025-12-17,2,3.63,2.56
P100000123904,cement,2025-12-18,7,24.82,4.69
P100000123904,cement,2025-12-19,2,12.17,9.31
P100000123904,cement,2025-12-20,2,3.19,1.98
P100000123904,cement,2025-12-21,4,17.17,6.58
P100000123904,cement,2025-12-22,1,0.98,0.98
P100000123904,cement,2025-12-23,3,9.72,4.34
P100000123904,cement,2025-12-24,4,5.7299999999999995,2.51
P100000123904,cement,2025-12-25,3,3.95,2.1
P100000123904,cement,2025-12-26,2,1.9,0.95
P100000123904,cement,2025-12-27,1,2.24,2.24
P100000123904,cement,2025-12-28,8,19.72,4.99
P100000123904,cement,2025-12-30,3,10.450000000000001,6.45
P100000123904,cement,2025-12-31,3,10.58,3.56
P100000123906,cement,2025-05-07,2,5.8,2.9
P100000123911,cement,2025-02-01,1,0.38,0.38
P100000123911,cement,2025-02-10,1,0.59,0.59
P100000123911,cement,2025-02-17,1,0.3,0.3
P100000123911,cement,2025-12-18,1,0.54,0.54
P100000123911,cement,2025-12-27,1,0.6,0.6
P100000123911,cement,2025-12-30,1,0.6,0.6
P100000123917,cement,2025-01-06,1,0.71,0.71
P100000123917,cement,2025-01-08,2,2.57,1.66
P100000123917,cement,2025-01-09,1,0.83,0.83
P100000123917,cement,2025-01-10,1,1.07,1.07
P100000123917,cement,2025-01-12,1,1.17,1.17
P100000123917,cement,2025-01-17,1,0.9,0.9
P100000123917,cement,2025-01-19,1,1.52,1.52
P100000123917,cement,2025-01-21,1,1.33,1.33
P100000123917,cement,2025-01-22,1,1.11,1.11
P100000123917,cement,2025-01-24,1,1.42,1.42
P100000123917,cement,2025-01-25,1,1.08,1.08
P100000123917,cement,2025-01-26,1,1.01,1.01
P100000123917,cement,2025-01-29,1,0.67,0.67
P100000123917,cement,2025-02-02,1,1.58,1.58
P100000123917,cement,2025-02-03,1,0.69,0.69
P100000123917,cement,2025-02-07,1,1.22,1.22
P100000123917,cement,2025-02-08,1,1.46,1.46
P100000123917,cement,2025-02-09,1,1.3,1.3
P100000123917,cement,2025-02-13,2,2.58,1.58
P100000123917,cement,2025-02-14,1,0.68,0.68
P100000123917,cement,2025-02-23,1,1.48,1.48
P100000123917,cement,2025-02-24,1,1.18,1.18
P100000123917,cement,2025-02-26,2,2.21,1.22
P100000123917,cement,2025-03-05,1,1.3,1.3
P100000123917,cement,2025-03-06,1,1.3,1.3
P100000123917,cement,2025-03-11,1,1.47,1.47
P100000123917,cement,2025-03-14,1,1.94,1.94
P100000123917,cement,2025-03-15,1,3.23,3.23
P100000123917,cement,2025-04-01,1,0.94,0.94
P100000123917,cement,2025-04-04,1,0.92,0.92
P100000123917,cement,2025-04-06,2,4.359999999999999,2.23
P100000123917,cement,2025-09-14,1,0.55,0.55
P100000123917,cement,2025-10-31,1,0.94,0.94
P100000123917,cement,2025-11-01,1,0.9,0.9
P100000123917,cement,2025-11-06,1,1.03,1.03
P100000123917,cement,2025-11-17,1,1.01,1.01
P100000123917,cement,2025-11-25,1,1.05,1.05
P100000123917,cement,2025-11-26,1,0.94,0.94
P100000123917,cement,2025-11-27,1,0.78,0.78
P100000123917,cement,2025-12-02,1,0.87,0.87
P100000123917,cement,2025-12-03,1,0.59,0.59
P100000123917,cement,2025-12-11,1,1.1,1.1
P100000123917,cement,2025-12-12,1,0.79,0.79
P100000123917,cement,2025-12-17,1,1.4,1.4
P100000123917,cement,2025-12-29,1,1.08,1.08
P100000123917,cement,2025-12-30,1,0.93,0.93
P100000123918,cement,2025-01-11,1,0.65,0.65
P100000123918,cement,2025-01-22,1,1.03,1.03
P100000123918,cement,2025-01-27,1,0.96,0.96
P100000123918,cement,2025-02-01,1,1.03,1.03
P100000123918,cement,2025-02-12,1,0.79,0.79
P100000123918,cement,2025-02-17,1,0.82,0.82
P100000123918,cement,2025-02-23,1,1.08,1.08
P100000123918,cement,2025-02-28,1,0.69,0.69
P100000123918,cement,2025-03-05,1,1.35,1.35
P100000123918,cement,2025-03-11,1,0.81,0.81
P100000123918,cement,2025-03-16,1,1.02,1.02
P100000123918,cement,2025-03-21,1,1.01,1.01
P100000123918,cement,2025-03-27,1,1.94,1.94
P100000123918,cement,2025-04-15,1,1.29,1.29
P100000123918,cement,2025-04-27,1,1.33,1.33
P100000123918,cement,2025-05-03,1,1.02,1.02
P100000123918,cement,2025-10-15,1,0.58,0.58
P100000123918,cement,2025-10-24,2,1.78,0.93
P100000123918,cement,2025-11-10,1,1.0,1.0
P100000123918,cement,2025-11-16,2,1.64,0.95
P100000123918,cement,2025-11-22,1,1.03,1.03
P100000123918,cement,2025-11-27,2,1.4,0.7
P100000123918,cement,2025-12-02,2,1.58,0.82
P100000123918,cement,2025-12-07,1,1.64,1.64
P100000123918,cement,2025-12-08,1,1.17,1.17
P100000123918,cement,2025-12-12,1,0.52,0.52
P100000123918,cement,2025-12-13,1,0.51,0.51
P100000123918,cement,2025-12-23,1,0.6,0.6
P100000123918,cement,2025-12-27,1,0.82,0.82
P100000123918,cement,2025-12-29,1,0.73,0.73
P100000123919,cement,2025-02-09,1,1.75,1.75
P100000123920,cement,2025-04-16,1,1.01,1.01
P100000123920,cement,2025-12-07,1,0.65,0.65
P100000123920,cement,2025-12-11,2,1.87,0.96
P100000123920,cement,2025-12-12,1,1.12,1.12
P100000123920,cement,2025-12-13,1,0.96,0.96
P100000123920,cement,2025-12-17,1,1.05,1.05
P100000123920,cement,2025-12-18,1,0.63,0.63
P100000123920,cement,2025-12-22,1,0.73,0.73
P100000123920,cement,2025-12-23,1,1.35,1.35
P100000123925,cement,2025-03-10,1,3.87,3.87
P100000123927,cement,2025-01-06,1,0.68,0.68
P100000123927,cement,2025-01-27,1,0.74,0.74
P100000123927,cement,2025-03-05,1,1.15,1.15
P100000123927,cement,2025-03-09,1,0.57,0.57
P100000123927,cement,2025-03-16,1,1.16,1.16
P100000123927,cement,2025-03-25,1,0.98,0.98
P100000123927,cement,2025-04-15,1,0.9,0.9
P100000123927,cement,2025-04-17,1,0.7,0.7
P100000123927,cement,2025-09-24,1,0.85,0.85
P100000123927,cement,2025-10-03,1,0.93,0.93
P100000123927,cement,2025-11-09,1,0.55,0.55
P100000123927,cement,2025-11-10,1,0.52,0.52
P100000123927,cement,2025-11-16,1,0.83,0.83
P100000123927,cement,2025-11-20,1,0.7,0.7
P100000123927,cement,2025-11-21,1,0.89,0.89
P100000123927,cement,2025-12-06,1,0.6,0.6
P100000123927,cement,2025-12-07,1,0.89,0.89
P100000123927,cement,2025-12-13,1,0.72,0.72
P100000123927,cement,2025-12-18,1,0.64,0.64
P100000123927,cement,2025-12-22,1,0.48,0.48
P100000123927,cement,2025-12-23,1,0.93,0.93
P100000123927,cement,2025-12-24,1,0.64,0.64
P100000123927,cement,2025-12-27,1,0.59,0.59
P100000123927,cement,2025-12-29,1,0.95,0.95
P100000123927,cement,2025-12-31,1,7.74,7.74
P100000123929,cement,2025-01-04,1,1.08,1.08
P100000123929,cement,2025-01-05,1,1.5,1.5
P100000123929,cement,2025-01-09,1,0.89,0.89
P100000123929,cement,2025-01-11,2,1.2,0.6
P100000123929,cement,2025-01-17,1,0.96,0.96
P100000123929,cement,2025-01-20,1,1.09,1.09
P100000123929,cement,2025-01-22,1,0.39,0.39
P100000123929,cement,2025-01-25,2,1.85,1.06
P100000123929,cement,2025-01-26,1,1.05,1.05
P100000123929,cement,2025-01-27,1,1.04,1.04
P100000123929,cement,2025-02-01,2,2.44,1.7
P100000123929,cement,2025-02-02,1,0.81,0.81
P100000123929,cement,2025-02-03,1,0.75,0.75
P100000123929,cement,2025-02-04,1,0.65,0.65
P100000123929,cement,2025-02-05,1,1.51,1.51
P100000123929,cement,2025-02-06,1,1.17,1.17
P100000123929,cement,2025-02-07,1,1.39,1.39
P100000123929,cement,2025-02-12,1,1.47,1.47
P100000123929,cement,2025-02-17,1,1.27,1.27
P100000123929,cement,2025-02-18,1,0.94,0.94
P100000123929,cement,2025-02-22,1,1.12,1.12
P100000123929,cement,2025-02-23,1,0.69,0.69
P100000123929,cement,2025-03-01,1,1.22,1.22
P100000123929,cement,2025-03-05,1,1.1,1.1
P100000123929,cement,2025-03-09,1,1.47,1.47
P100000123929,cement,2025-03-10,1,1.09,1.09
P100000123929,cement,2025-03-11,1,0.54,0.54
P100000123929,cement,2025-03-16,1,1.26,1.26
P100000123929,cement,2025-03-20,1,0.81,0.81
P100000123929,cement,2025-03-27,1,0.5,0.5
P100000123929,cement,2025-04-12,1,0.88,0.88
P100000123929,cement,2025-04-15,1,1.35,1.35
P100000123929,cement,2025-04-21,1,2.21,2.21
P100000123929,cement,2025-04-22,2,2.47,1.35
P100000123929,cement,2025-04-23,1,2.02,2.02
P100000123929,cement,2025-04-26,1,1.16,1.16
P100000123929,cement,2025-05-03,1,0.81,0.81
P100000123929,cement,2025-05-07,2,1.31,0.72
P100000123929,cement,2025-05-08,1,1.36,1.36
P100000123929,cement,2025-05-13,1,3.26,3.26
P100000123929,cement,2025-06-20,1,1.04,1.04
P100000123929,cement,2025-07-28,1,1.17,1.17
P100000123929,cement,2025-08-07,1,1.55,1.55
P100000123929,cement,2025-08-14,1,0.78,0.78
P100000123929,cement,2025-08-22,1,0.85,0.85
P100000123929,cement,2025-10-08,2,7.26,4.21
P100000123929,cement,2025-10-16,1,0.79,0.79
P100000123929,cement,2025-10-30,1,0.72,0.72
P100000123929,cement,2025-11-01,1,1.99,1.99
P100000123929,cement,2025-11-04,1,1.05,1.05
P100000123929,cement,2025-11-10,1,0.99,0.99
P100000123929,cement,2025-11-12,1,0.63,0.63
P100000123929,cement,2025-12-08,1,0.82,0.82
P100000123929,cement,2025-12-11,1,0.76,0.76
P100000123929,cement,2025-12-12,1,1.54,1.54
P100000123929,cement,2025-12-13,1,0.84,0.84
P100000123929,cement,2025-12-14,1,0.66,0.66
P100000123929,cement,2025-12-18,1,0.92,0.92
P100000123929,cement,2025-12-19,1,0.62,0.62
P100000123929,cement,2025-12-23,1,1.04,1.04
P100000123929,cement,2025-12-24,1,1.17,1.17
P100000123929,cement,2025-12-26,1,0.49,0.49
P100000123929,cement,2025-12-27,2,2.58,1.49
P100000123929,cement,2025-12-28,1,1.17,1.17
P100000123929,cement,2025-12-29,1,1.05,1.05
P100000123930,cement,2025-01-27,1,0.46,0.46
P100000123930,cement,2025-02-06,1,0.91,0.91
P100000123930,cement,2025-02-22,1,0.6,0.6
P100000123930,cement,2025-04-01,1,0.81,0.81
P100000123930,cement,2025-12-18,1,0.66,0.66
P100000123932,cement,2025-12-04,1,0.83,0.83
P100000123932,cement,2025-12-14,1,0.51,0.51
P100000123934,cement,2025-01-02,1,0.77,0.77
P100000123934,cement,2025-01-06,1,0.58,0.58
P100000123934,cement,2025-01-27,1,0.53,0.53
P100000123934,cement,2025-02-06,1,0.87,0.87
P100000123934,cement,2025-02-07,1,2.2,2.2
P100000123934,cement,2025-02-08,1,1.82,1.82
P100000123934,cement,2025-02-14,1,1.57,1.57
P100000123934,cement,2025-02-18,1,0.81,0.81
P100000123934,cement,2025-02-20,1,1.98,1.98
P100000123934,cement,2025-03-07,1,2.64,2.64
P100000123934,cement,2025-05-09,1,2.46,2.46
P100000123934,cement,2025-05-15,1,2.56,2.56
P100000123934,cement,2025-06-09,1,1.76,1.76
P100000123934,cement,2025-09-06,1,0.81,0.81
P100000123934,cement,2025-10-05,2,20.97,13.81
P100000123934,cement,2025-10-14,2,2.9699999999999998,1.95
P100000123934,cement,2025-11-18,1,0.91,0.91
P100000123934,cement,2025-11-20,1,0.66,0.66
P100000123934,cement,2025-11-22,1,4.7,4.7
P100000123934,cement,2025-11-24,1,12.33,12.33
P100000123934,cement,2025-11-28,1,8.49,8.49
P100000123934,cement,2025-12-01,1,2.37,2.37
P100000123934,cement,2025-12-04,1,3.2,3.2
P100000123934,cement,2025-12-08,1,0.43,0.43
P100000123934,cement,2025-12-24,1,0.43,0.43
P100000123939,cement,2025-01-01,1,0.65,0.65
P100000123939,cement,2025-01-27,1,0.53,0.53
P100000123939,cement,2025-02-02,1,1.21,1.21
P100000123939,cement,2025-02-06,2,1.79,1.19
P100000123939,cement,2025-02-07,1,0.76,0.76
P100000123939,cement,2025-02-08,1,1.42,1.42
P100000123939,cement,2025-02-09,1,1.17,1.17
P100000123939,cement,2025-02-12,1,0.76,0.76
P100000123939,cement,2025-02-13,2,2.56,1.33
P100000123939,cement,2025-02-16,1,0.83,0.83
P100000123939,cement,2025-02-17,1,0.73,0.73
P100000123939,cement,2025-02-18,1,1.19,1.19
P100000123939,cement,2025-02-19,1,1.12,1.12
P100000123939,cement,2025-02-22,1,0.82,0.82
P100000123939,cement,2025-02-23,1,0.97,0.97
P100000123939,cement,2025-02-24,1,1.02,1.02
P100000123939,cement,2025-02-25,1,0.96,0.96
P100000123939,cement,2025-03-01,1,1.53,1.53
P100000123939,cement,2025-03-04,1,0.43,0.43
P100000123939,cement,2025-03-05,2,1.23,0.63
P100000123939,cement,2025-03-06,1,1.39,1.39
P100000123939,cement,2025-03-07,1,1.58,1.58
P100000123939,cement,2025-03-08,2,2.73,1.4
P100000123939,cement,2025-03-10,1,1.3,1.3
P100000123939,cement,2025-03-11,2,3.56,1.86
P100000123939,cement,2025-03-12,1,1.68,1.68
P100000123939,cement,2025-03-13,1,1.96,1.96
P100000123939,cement,2025-03-17,1,0.89,0.89
P100000123939,cement,2025-03-18,1,1.15,1.15
P100000123939,cement,2025-03-21,1,0.88,0.88
P100000123939,cement,2025-03-22,1,1.24,1.24
P100000123939,cement,2025-03-23,1,1.31,1.31
P100000123939,cement,2025-03-26,1,1.53,1.53
P100000123939,cement,2025-03-27,1,1.65,1.65
P100000123939,cement,2025-03-28,1,1.63,1.63
P100000123939,cement,2025-03-29,1,1.28,1.28
P100000123939,cement,2025-04-03,1,1.15,1.15
P100000123939,cement,2025-04-06,1,1.76,1.76
P100000123939,cement,2025-04-07,1,1.58,1.58
P100000123939,cement,2025-04-13,1,1.18,1.18
P100000123939,cement,2025-04-19,2,2.81,1.74
P100000123939,cement,2025-04-22,1,1.75,1.75
P100000123939,cement,2025-04-29,1,1.48,1.48
P100000123939,cement,2025-05-09,1,3.46,3.46
P100000123939,cement,2025-06-04,1,0.95,0.95
P100000123939,cement,2025-06-09,1,1.52,1.52
P100000123939,cement,2025-06-26,2,2.2600000000000002,1.35
P100000123939,cement,2025-08-12,1,0.86,0.86
P100000123939,cement,2025-08-18,1,1.43,1.43
P100000123939,cement,2025-09-05,1,0.71,0.71
P100000123939,cement,2025-10-06,1,0.83,0.83
P100000123939,cement,2025-10-07,1,0.58,0.58
P100000123939,cement,2025-10-10,1,1.25,1.25
P100000123939,cement,2025-10-11,1,1.13,1.13
P100000123939,cement,2025-10-15,1,1.04,1.04
P100000123939,cement,2025-10-16,1,1.17,1.17
P100000123939,cement,2025-11-01,1,0.95,0.95
P100000123939,cement,2025-11-06,1,1.05,1.05
P100000123939,cement,2025-11-08,1,1.06,1.06
P100000123939,cement,2025-11-13,1,0.62,0.62
P100000123939,cement,2025-11-16,1,0.82,0.82
P100000123939,cement,2025-11-17,1,1.03,1.03
P100000123939,cement,2025-11-22,1,0.79,0.79
P100000123939,cement,2025-11-23,1,0.74,0.74
P100000123939,cement,2025-11-27,1,0.75,0.75
P100000123939,cement,2025-12-02,1,0.8,0.8
P100000123939,cement,2025-12-03,1,0.67,0.67
P100000123939,cement,2025-12-04,1,1.21,1.21
P100000123939,cement,2025-12-08,1,1.18,1.18
P100000123939,cement,2025-12-09,1,0.87,0.87
P100000123939,cement,2025-12-10,1,0.82,0.82
P100000123939,cement,2025-12-13,1,0.81,0.81
P100000123939,cement,2025-12-14,1,1.05,1.05
P100000123939,cement,2025-12-16,1,1.06,1.06
P100000123939,cement,2025-12-18,1,0.76,0.76
P100000123939,cement,2025-12-23,2,1.88,0.99
P100000123939,cement,2025-12-24,1,1.0,1.0
P100000123939,cement,2025-12-25,1,1.01,1.01
P100000123939,cement,2025-12-26,1,0.94,0.94
P100000123939,cement,2025-12-29,1,0.83,0.83
P100000123939,cement,2025-12-30,2,2.35,1.32
P100000123939,cement,2025-12-31,1,0.84,0.84
P100000123940,cement,2025-01-10,1,0.76,0.76
P100000123940,cement,2025-01-11,1,0.93,0.93
P100000123940,cement,2025-01-17,1,0.76,0.76
P100000123940,cement,2025-01-18,1,0.98,0.98
P100000123940,cement,2025-01-22,1,0.92,0.92
P100000123940,cement,2025-01-24,1,0.55,0.55
P100000123940,cement,2025-02-02,1,1.11,1.11
P100000123940,cement,2025-02-18,1,0.77,0.77
P100000123940,cement,2025-05-19,1,0.8,0.8
P100000123940,cement,2025-05-25,1,1.76,1.76
P100000123941,cement,2025-01-01,1,0.89,0.89
P100000123941,cement,2025-01-06,1,0.88,0.88
P100000123941,cement,2025-01-27,1,0.86,0.86
P100000123941,cement,2025-01-28,1,1.17,1.17
P100000123941,cement,2025-02-13,1,1.47,1.47
P100000123941,cement,2025-03-18,1,0.56,0.56
P100000123941,cement,2025-04-23,1,1.02,1.02
P100000123941,cement,2025-04-28,1,0.67,0.67
P100000123941,cement,2025-05-03,1,0.95,0.95
P100000123941,cement,2025-06-04,1,0.54,0.54
P100000123941,cement,2025-09-05,1,1.41,1.41
P100000123941,cement,2025-09-08,1,0.64,0.64
P100000123941,cement,2025-12-19,1,0.69,0.69
P100000123941,cement,2025-12-22,1,0.64,0.64
P100000123941,cement,2025-12-24,1,0.78,0.78
P100000123941,cement,2025-12-29,1,0.77,0.77
P100000123942,cement,2025-04-26,1,10.7,10.7
P100000123942,cement,2025-05-02,1,3.45,3.45
P100000123942,cement,2025-05-06,1,8.7,8.7
P100000123942,cement,2025-11-25,1,3.56,3.56
P100000123947,cement,2025-02-13,1,12.36,12.36
P100000123947,cement,2025-12-10,2,25.02,13.08
P100000123950,cement,2025-11-06,1,0.58,0.58
P100000123952,cement,2025-02-06,1,0.29,0.29
P100000123952,cement,2025-03-05,1,1.05,1.05
P100000123952,cement,2025-03-15,1,1.16,1.16
P100000123956,cement,2025-03-10,1,1.21,1.21
P100000123956,cement,2025-03-12,1,1.22,1.22
P100000123956,cement,2025-03-16,1,1.86,1.86
P100000123956,cement,2025-03-21,1,1.65,1.65
P100000123956,cement,2025-03-25,1,1.05,1.05
P100000123956,cement,2025-03-30,1,0.97,0.97
P100000123956,cement,2025-03-31,1,2.0,2.0
P100000123956,cement,2025-04-01,1,1.8,1.8
P100000123956,cement,2025-04-02,2,3.01,1.53
P100000123956,cement,2025-04-05,1,1.38,1.38
P100000123956,cement,2025-04-06,1,2.51,2.51
P100000123956,cement,2025-04-10,1,1.58,1.58
P100000123956,cement,2025-04-11,1,1.29,1.29
P100000123956,cement,2025-04-12,1,1.83,1.83
P100000123956,cement,2025-04-13,1,1.63,1.63
P100000123956,cement,2025-04-16,1,2.15,2.15
P100000123956,cement,2025-04-17,1,3.72,3.72
P100000123956,cement,2025-04-18,1,2.3,2.3
P100000123956,cement,2025-04-21,1,2.46,2.46
P100000123956,cement,2025-04-22,1,2.77,2.77
P100000123957,cement,2025-01-04,1,1.09,1.09
P100000123957,cement,2025-01-08,1,0.74,0.74
P100000123957,cement,2025-01-09,1,1.36,1.36
P100000123957,cement,2025-01-14,1,1.05,1.05
P100000123957,cement,2025-01-20,1,1.16,1.16
P100000123957,cement,2025-01-24,1,0.71,0.71
P100000123957,cement,2025-01-25,1,1.67,1.67
P100000123957,cement,2025-01-26,1,1.39,1.39
P100000123957,cement,2025-01-29,1,1.15,1.15
P100000123957,cement,2025-01-30,1,0.66,0.66
P100000123957,cement,2025-01-31,1,1.36,1.36
P100000123957,cement,2025-02-04,1,0.9,0.9
P100000123957,cement,2025-02-05,1,1.36,1.36
P100000123957,cement,2025-02-10,2,2.23,1.3
P100000123957,cement,2025-02-11,1,1.35,1.35
P100000123957,cement,2025-02-15,1,0.6,0.6
P100000123957,cement,2025-02-16,1,1.5,1.5
P100000123957,cement,2025-02-21,1,1.45,1.45
P100000123957,cement,2025-02-27,1,0.84,0.84
P100000123957,cement,2025-03-04,1,1.35,1.35
P100000123957,cement,2025-03-09,1,1.05,1.05
P100000123957,cement,2025-03-15,1,0.97,0.97
P100000123957,cement,2025-03-19,1,1.14,1.14
P100000123957,cement,2025-03-20,1,1.17,1.17
P100000123957,cement,2025-03-31,1,1.43,1.43
P100000123957,cement,2025-04-05,1,1.28,1.28
P100000123957,cement,2025-04-16,1,1.33,1.33
P100000123957,cement,2025-04-26,1,1.62,1.62
P100000123957,cement,2025-05-23,1,1.15,1.15
P100000123957,cement,2025-08-16,1,1.02,1.02
P100000123957,cement,2025-08-27,1,0.94,0.94
P100000123957,cement,2025-10-19,1,0.83,0.83
P100000123957,cement,2025-10-25,1,0.6,0.6
P100000123957,cement,2025-11-08,1,0.77,0.77
P100000123957,cement,2025-11-09,1,1.58,1.58
P100000123957,cement,2025-11-14,1,1.45,1.45
P100000123957,cement,2025-11-15,1,0.92,0.92
P100000123957,cement,2025-11-20,1,0.85,0.85
P100000123957,cement,2025-11-25,1,1.38,1.38
P100000123957,cement,2025-11-26,1,0.76,0.76
P100000123957,cement,2025-12-05,1,0.92,0.92
P100000123957,cement,2025-12-06,1,1.18,1.18
P100000123957,cement,2025-12-10,1,0.68,0.68
P100000123957,cement,2025-12-11,1,0.73,0.73
P100000123957,cement,2025-12-12,1,1.12,1.12
P100000123957,cement,2025-12-16,1,0.61,0.61
P100000123957,cement,2025-12-17,1,0.87,0.87
P100000123957,cement,2025-12-22,2,2.66,1.33
P100000123957,cement,2025-12-26,1,1.11,1.11
P100000123957,cement,2025-12-27,1,1.41,1.41
P100000123957,cement,2025-12-28,1,0.54,0.54
P100000123958,cement,2025-01-19,1,0.65,0.65
P100000123960,cement,2025-01-01,1,0.69,0.69
P100000123960,cement,2025-01-28,1,0.68,0.68
P100000123960,cement,2025-11-27,1,2.76,2.76
P100000123960,cement,2025-12-21,1,3.18,3.18
P100000123961,cement,2025-01-02,2,1.48,0.74
P100000123961,cement,2025-01-03,1,2.04,2.04
P100000123961,cement,2025-01-04,1,1.46,1.46
P100000123961,cement,2025-01-08,1,1.23,1.23
P100000123961,cement,2025-01-09,2,2.21,1.26
P100000123961,cement,2025-01-10,1,1.3,1.3
P100000123961,cement,2025-01-15,1,1.21,1.21
P100000123961,cement,2025-01-18,1,0.69,0.69
P100000123961,cement,2025-01-19,1,1.9,1.9
P100000123961,cement,2025-01-20,1,1.53,1.53
P100000123961,cement,2025-01-24,1,0.78,0.78
P100000123961,cement,2025-01-25,1,1.65,1.65
P100000123961,cement,2025-01-26,1,1.37,1.37
P100000123961,cement,2025-01-29,1,1.12,1.12
P100000123961,cement,2025-01-30,1,1.32,1.32
P100000123961,cement,2025-01-31,1,1.52,1.52
P100000123961,cement,2025-02-04,2,2.38,1.32
P100000123961,cement,2025-02-05,1,1.79,1.79
P100000123961,cement,2025-02-09,2,3.5199999999999996,2.09
P100000123961,cement,2025-02-10,2,1.9100000000000001,1.07
P100000123961,cement,2025-02-16,2,1.8,0.9
P100000123961,cement,2025-02-20,1,1.45,1.45
P100000123961,cement,2025-02-21,1,1.53,1.53
P100000123961,cement,2025-02-26,1,1.44,1.44
P100000123961,cement,2025-03-03,1,1.87,1.87
P100000123961,cement,2025-03-04,1,0.77,0.77
P100000123961,cement,2025-03-07,1,1.52,1.52
P100000123961,cement,2025-03-08,1,2.05,2.05
P100000123961,cement,2025-03-09,1,1.39,1.39
P100000123961,cement,2025-03-13,1,0.91,0.91
P100000123961,cement,2025-03-14,1,1.77,1.77
P100000123961,cement,2025-03-15,1,1.34,1.34
P100000123961,cement,2025-03-19,1,0.8,0.8
P100000123961,cement,2025-03-20,1,1.36,1.36
P100000123961,cement,2025-03-25,1,1.69,1.69
P100000123961,cement,2025-04-04,1,1.77,1.77
P100000123961,cement,2025-04-05,1,1.6,1.6
P100000123961,cement,2025-04-09,1,1.7,1.7
P100000123961,cement,2025-04-10,1,1.74,1.74
P100000123961,cement,2025-04-15,1,3.07,3.07
P100000123961,cement,2025-04-16,1,1.49,1.49
P100000123961,cement,2025-04-21,1,2.23,2.23
P100000123961,cement,2025-04-24,1,1.51,1.51
P100000123961,cement,2025-04-25,1,2.76,2.76
P100000123961,cement,2025-04-26,1,2.06,2.06
P100000123961,cement,2025-05-02,1,2.34,2.34
P100000123961,cement,2025-05-07,1,4.9,4.9
P100000123961,cement,2025-05-12,1,1.3,1.3
P100000123961,cement,2025-05-16,1,2.63,2.63
P100000123961,cement,2025-05-17,1,1.95,1.95
P100000123961,cement,2025-05-23,1,1.54,1.54
P100000123961,cement,2025-05-27,1,0.88,0.88
P100000123961,cement,2025-06-01,1,1.83,1.83
P100000123961,cement,2025-06-02,1,3.08,3.08
P100000123961,cement,2025-06-07,1,3.21,3.21
P100000123961,cement,2025-06-08,1,1.88,1.88
P100000123961,cement,2025-06-11,1,1.97,1.97
P100000123961,cement,2025-06-12,1,1.66,1.66
P100000123961,cement,2025-06-29,1,0.72,0.72
P100000123961,cement,2025-08-05,2,2.49,1.44
P100000123961,cement,2025-08-06,1,1.05,1.05
P100000123961,cement,2025-08-10,2,2.81,1.69
P100000123961,cement,2025-08-11,1,1.62,1.62
P100000123961,cement,2025-08-27,1,1.17,1.17
P100000123961,cement,2025-09-10,1,0.94,0.94
P100000123961,cement,2025-09-11,1,0.62,0.62
P100000123961,cement,2025-09-12,2,6.05,4.71
P100000123961,cement,2025-09-15,2,2.02,1.05
P100000123961,cement,2025-09-16,1,1.25,1.25
P100000123961,cement,2025-09-17,2,5.48,4.4
P100000123961,cement,2025-09-21,1,1.21,1.21
P100000123961,cement,2025-09-22,1,0.54,0.54
P100000123961,cement,2025-09-26,1,1.7,1.7
P100000123961,cement,2025-09-27,1,0.78,0.78
P100000123961,cement,2025-10-01,1,1.02,1.02
P100000123961,cement,2025-10-02,1,1.26,1.26
P100000123961,cement,2025-10-03,2,1.7,0.98
P100000123961,cement,2025-10-08,1,1.27,1.27
P100000123961,cement,2025-10-09,1,1.1,1.1
P100000123961,cement,2025-10-13,1,1.89,1.89
P100000123961,cement,2025-10-14,1,1.76,1.76
P100000123961,cement,2025-10-17,1,0.96,0.96
P100000123961,cement,2025-10-18,1,1.18,1.18
P100000123961,cement,2025-10-19,2,2.13,1.32
P100000123961,cement,2025-10-24,1,1.5,1.5
P100000123961,cement,2025-10-25,1,1.31,1.31
P100000123961,cement,2025-11-04,1,1.67,1.67
P100000123961,cement,2025-11-08,1,1.35,1.35
P100000123961,cement,2025-11-10,1,0.62,0.62
P100000123961,cement,2025-11-14,1,1.27,1.27
P100000123961,cement,2025-11-15,1,1.14,1.14
P100000123961,cement,2025-11-20,1,1.19,1.19
P100000123961,cement,2025-11-25,1,1.19,1.19
P100000123961,cement,2025-11-26,1,1.11,1.11
P100000123961,cement,2025-11-30,1,1.21,1.21
P100000123961,cement,2025-12-01,1,1.59,1.59
P100000123961,cement,2025-12-03,1,0.67,0.67
P100000123961,cement,2025-12-05,1,1.26,1.26
P100000123961,cement,2025-12-06,1,1.75,1.75
P100000123961,cement,2025-12-11,2,2.34,1.39
P100000123961,cement,2025-12-12,1,1.27,1.27
P100000123961,cement,2025-12-17,1,0.65,0.65
P100000123961,cement,2025-12-21,1,0.56,0.56
P100000123961,cement,2025-12-22,2,1.9,0.95
P100000123961,cement,2025-12-26,1,1.23,1.23
P100000123961,cement,2025-12-27,1,1.78,1.78
P100000123967,cement,2025-01-09,1,0.74,0.74
P100000123967,cement,2025-02-28,1,1.12,1.12
P100000123967,cement,2025-03-11,1,1.07,1.07
P100000123967,cement,2025-03-16,1,1.52,1.52
P100000123967,cement,2025-03-25,2,11.48,6.23
P100000123967,cement,2025-03-31,1,2.73,2.73
P100000123967,cement,2025-09-24,1,0.61,0.61
P100000123967,cement,2025-11-12,1,1.24,1.24
P100000123967,cement,2025-11-16,1,0.48,0.48
P100000123967,cement,2025-11-17,1,0.75,0.75
P100000123967,cement,2025-11-20,1,0.42,0.42
P100000123967,cement,2025-11-24,1,0.71,0.71
P100000123967,cement,2025-11-27,1,0.58,0.58
P100000123967,cement,2025-12-05,2,1.67,0.87
P100000123967,cement,2025-12-09,1,0.76,0.76
P100000123967,cement,2025-12-10,1,0.8,0.8
P100000123967,cement,2025-12-13,1,1.17,1.17
P100000123967,cement,2025-12-15,1,0.66,0.66
P100000123967,cement,2025-12-22,1,0.68,0.68
P100000123967,cement,2025-12-29,2,3.11,2.61
P100000123969,cement,2025-01-01,3,4.6899999999999995,1.73
P100000123969,cement,2025-01-03,3,6.550000000000001,2.97
P100000123969,cement,2025-01-05,4,9.91,5.7
P100000123969,cement,2025-01-06,1,3.44,3.44
P100000123969,cement,2025-01-07,1,2.83,2.83
P100000123969,cement,2025-01-08,1,1.81,1.81
P100000123969,cement,2025-01-09,3,5.23,1.77
P100000123969,cement,2025-01-10,3,6.359999999999999,3.07
P100000123969,cement,2025-01-11,4,10.58,7.55
P100000123969,cement,2025-01-12,1,1.42,1.42
P100000123969,cement,2025-01-13,1,3.6,3.6
P100000123969,cement,2025-01-14,3,6.76,3.08
P100000123969,cement,2025-01-15,7,21.62,7.29
P100000123969,cement,2025-01-16,3,6.01,2.18
P100000123969,cement,2025-01-19,4,10.03,3.53
P100000123969,cement,2025-01-20,2,2.44,1.22
P100000123969,cement,2025-01-21,6,13.02,2.63
P100000123969,cement,2025-01-22,2,4.26,2.13
P100000123969,cement,2025-01-23,4,7.66,3.43
P100000123969,cement,2025-01-24,5,16.78,7.46
P100000123969,cement,2025-01-25,3,7.16,3.6
P100000123969,cement,2025-01-26,5,14.370000000000001,3.49
P100000123969,cement,2025-01-27,3,5.06,1.76
P100000123969,cement,2025-01-29,3,7.49,3.08
P100000123969,cement,2025-01-30,3,12.88,8.9
P100000123969,cement,2025-01-31,5,7.710000000000001,1.85
P100000123969,cement,2025-02-01,3,10.75,3.73
P100000123969,cement,2025-02-02,1,3.93,3.93
P100000123969,cement,2025-02-03,1,1.88,1.88
P100000123969,cement,2025-02-04,2,4.52,2.26
P100000123969,cement,2025-02-05,6,14.07,5.91
P100000123969,cement,2025-02-06,3,5.74,2.1
P100000123969,cement,2025-02-07,3,10.43,3.76
P100000123969,cement,2025-02-08,5,7.92,1.72
P100000123969,cement,2025-02-09,7,11.63,2.6
P100000123969,cement,2025-02-10,9,16.12,2.97
P100000123969,cement,2025-02-11,3,9.290000000000001,5.19
P100000123969,cement,2025-02-12,3,4.8100000000000005,2.31
P100000123969,cement,2025-02-13,1,1.69,1.69
P100000123969,cement,2025-02-14,1,1.55,1.55
P100000123969,cement,2025-02-15,1,2.56,2.56
P100000123969,cement,2025-02-16,2,4.63,2.5
P100000123969,cement,2025-02-17,2,8.03,5.56
P100000123969,cement,2025-02-19,1,1.46,1.46
P100000123969,cement,2025-02-20,3,4.78,1.66
P100000123969,cement,2025-02-21,5,13.5,3.36
P100000123969,cement,2025-02-22,3,5.85,2.84
P100000123969,cement,2025-02-23,2,6.2,5.15
P100000123969,cement,2025-02-25,2,4.02,2.03
P100000123969,cement,2025-02-26,3,9.0,5.56
P100000123969,cement,2025-02-27,6,8.33,2.23
P100000123969,cement,2025-02-28,3,5.0200000000000005,1.8
P100000123969,cement,2025-03-01,1,1.22,1.22
P100000123969,cement,2025-03-02,2,3.37,2.32
P100000123969,cement,2025-03-03,1,2.38,2.38
P100000123969,cement,2025-03-04,7,22.52,5.43
P100000123969,cement,2025-03-05,2,3.86,1.93
P100000123969,cement,2025-03-06,1,5.06,5.06
P100000123969,cement,2025-03-08,1,7.47,7.47
P100000123969,cement,2025-03-09,4,11.99,5.92
P100000123969,cement,2025-03-10,4,8.55,2.94
P100000123969,cement,2025-03-12,2,3.66,1.83
P100000123969,cement,2025-03-14,2,8.59,4.82
P100000123969,cement,2025-03-15,3,9.58,5.61
P100000123969,cement,2025-03-16,5,19.55,7.92
P100000123969,cement,2025-03-17,2,5.6,3.61
P100000123969,cement,2025-03-18,4,8.94,4.12
P100000123969,cement,2025-03-19,6,20.59,7.53
P100000123969,cement,2025-03-20,5,9.82,2.42
P100000123969,cement,2025-03-21,2,5.38,2.73
P100000123969,cement,2025-03-22,1,2.29,2.29
P100000123969,cement,2025-03-23,1,2.6,2.6
P100000123969,cement,2025-03-24,2,8.36,5.04
P100000123969,cement,2025-03-25,5,8.959999999999999,2.13
P100000123969,cement,2025-03-26,4,15.46,10.66
P100000123969,cement,2025-03-27,2,6.21,3.56
P100000123969,cement,2025-03-28,3,9.94,3.42
P100000123969,cement,2025-03-29,2,2.32,1.16
P100000123969,cement,2025-03-30,3,10.68,5.66
P100000123969,cement,2025-03-31,1,7.08,7.08
P100000123969,cement,2025-04-04,4,10.34,7.16
P100000123969,cement,2025-04-05,8,29.2,7.49
P100000123969,cement,2025-04-06,3,7.85,3.47
P100000123969,cement,2025-04-07,1,0.83,0.83
P100000123969,cement,2025-04-09,2,14.79,8.25
P100000123969,cement,2025-04-10,5,15.96,3.48
P100000123969,cement,2025-04-11,1,1.61,1.61
P100000123969,cement,2025-04-12,2,7.720000000000001,4.15
P100000123969,cement,2025-04-13,2,6.380000000000001,4.15
P100000123969,cement,2025-04-14,3,9.34,3.43
P100000123969,cement,2025-04-15,2,6.32,3.97
P100000123969,cement,2025-04-16,5,14.420000000000002,4.66
P100000123969,cement,2025-04-17,1,6.79,6.79
P100000123969,cement,2025-04-19,2,4.880000000000001,2.45
P100000123969,cement,2025-04-20,1,2.28,2.28
P100000123969,cement,2025-04-21,4,8.7,3.48
P100000123969,cement,2025-04-22,5,14.89,4.05
P100000123969,cement,2025-04-23,1,4.89,4.89
P100000123969,cement,2025-04-26,1,5.06,5.06
P100000123969,cement,2025-04-27,1,3.4,3.4
P100000123969,cement,2025-04-28,1,3.12,3.12
P100000123969,cement,2025-04-29,2,5.1899999999999995,2.69
P100000123969,cement,2025-04-30,1,1.42,1.42
P100000123969,cement,2025-05-01,5,19.37,4.36
P100000123969,cement,2025-05-02,1,2.2,2.2
P100000123969,cement,2025-05-03,4,11.15,3.23
P100000123969,cement,2025-05-05,3,10.44,4.67
P100000123969,cement,2025-05-08,1,2.24,2.24
P100000123969,cement,2025-05-09,2,4.14,2.78
P100000123969,cement,2025-05-11,3,6.68,3.22
P100000123969,cement,2025-05-12,4,16.34,7.04
P100000123969,cement,2025-06-01,1,1.11,1.11
P100000123969,cement,2025-06-04,1,2.74,2.74
P100000123969,cement,2025-06-06,2,2.96,1.64
P100000123969,cement,2025-06-29,1,2.08,2.08
P100000123969,cement,2025-07-10,2,4.73,2.7
P100000123969,cement,2025-07-12,1,1.2,1.2
P100000123969,cement,2025-07-16,3,4.61,2.02
P100000123969,cement,2025-08-04,2,1.82,0.91
P100000123969,cement,2025-08-05,2,5.35,2.97
P100000123969,cement,2025-08-21,1,1.24,1.24
P100000123969,cement,2025-09-02,1,1.84,1.84
P100000123969,cement,2025-09-08,2,2.58,1.46
P100000123969,cement,2025-09-09,1,1.72,1.72
P100000123969,cement,2025-09-23,1,2.0,2.0
P100000123969,cement,2025-09-24,3,2.4899999999999998,0.83
P100000123969,cement,2025-10-02,2,2.34,1.17
P100000123969,cement,2025-10-04,4,11.639999999999999,5.05
P100000123969,cement,2025-10-05,1,1.62,1.62
P100000123969,cement,2025-10-08,2,6.04,3.11
P100000123969,cement,2025-10-09,3,4.59,2.61
P100000123969,cement,2025-10-10,1,2.66,2.66
P100000123969,cement,2025-10-11,3,4.18,1.52
P100000123969,cement,2025-10-13,2,4.92,3.41
P100000123969,cement,2025-10-14,4,5.9399999999999995,2.4
P100000123969,cement,2025-10-16,3,6.109999999999999,2.11
P100000123969,cement,2025-10-17,1,2.38,2.38
P100000123969,cement,2025-10-18,2,5.4,3.08
P100000123969,cement,2025-10-19,7,10.98,2.02
P100000123969,cement,2025-10-21,1,3.89,3.89
P100000123969,cement,2025-10-22,3,4.75,2.13
P100000123969,cement,2025-10-29,1,4.99,4.99
P100000123969,cement,2025-11-03,2,5.1,2.55
P100000123969,cement,2025-11-04,5,6.25,1.64
P100000123969,cement,2025-11-08,2,7.859999999999999,6.1
P100000123969,cement,2025-11-10,5,15.42,9.5
P100000123969,cement,2025-11-13,1,2.99,2.99
P100000123969,cement,2025-11-14,3,5.62,2.69
P100000123969,cement,2025-11-15,4,6.22,1.92
P100000123969,cement,2025-11-16,3,5.84,2.84
P100000123969,cement,2025-11-17,2,8.2,4.97
P100000123969,cement,2025-11-18,1,2.18,2.18
P100000123969,cement,2025-11-19,3,12.129999999999999,5.21
P100000123969,cement,2025-11-20,4,5.46,1.57
P100000123969,cement,2025-11-21,4,8.4,2.66
P100000123969,cement,2025-11-22,2,2.86,1.43
P100000123969,cement,2025-11-23,1,2.07,2.07
P100000123969,cement,2025-11-24,1,5.64,5.64
P100000123969,cement,2025-11-25,5,10.01,2.48
P100000123969,cement,2025-11-26,3,6.21,2.15
P100000123969,cement,2025-11-27,3,5.73,2.08
P100000123969,cement,2025-11-28,2,5.609999999999999,3.06
P100000123969,cement,2025-11-29,3,6.48,3.09
P100000123969,cement,2025-11-30,5,10.629999999999999,3.28
P100000123969,cement,2025-12-01,5,5.73,1.54
P100000123969,cement,2025-12-02,2,3.7,1.85
P100000123969,cement,2025-12-04,1,2.99,2.99
P100000123969,cement,2025-12-05,2,8.32,4.98
P100000123969,cement,2025-12-06,5,3.11,0.75
P100000123969,cement,2025-12-07,5,7.38,2.18
P100000123969,cement,2025-12-08,2,5.76,3.54
P100000123969,cement,2025-12-09,1,3.97,3.97
P100000123969,cement,2025-12-10,1,1.45,1.45
P100000123969,cement,2025-12-11,3,9.07,3.25
P100000123969,cement,2025-12-12,7,9.61,2.01
P100000123969,cement,2025-12-13,3,6.65,3.35
P100000123969,cement,2025-12-14,2,4.33,2.93
P100000123969,cement,2025-12-16,7,16.1,3.39
P100000123969,cement,2025-12-17,3,3.89,1.83
P100000123969,cement,2025-12-18,5,12.34,2.78
P100000123969,cement,2025-12-19,1,2.78,2.78
P100000123969,cement,2025-12-20,1,2.13,2.13
P100000123969,cement,2025-12-21,1,1.76,1.76
P100000123969,cement,2025-12-22,4,6.63,3.42
P100000123969,cement,2025-12-23,3,7.220000000000001,2.54
P100000123969,cement,2025-12-24,1,2.18,2.18
P100000123969,cement,2025-12-25,2,5.23,3.18
P100000123969,cement,2025-12-26,1,2.1,2.1
P100000123969,cement,2025-12-27,3,9.32,4.67
P100000123969,cement,2025-12-28,3,7.24,3.87
P100000123969,cement,2025-12-29,3,3.9399999999999995,1.38
P100000123969,cement,2025-12-31,3,4.2700000000000005,1.57
P100000123970,cement,2025-01-05,1,1.44,1.44
P100000123970,cement,2025-01-27,1,1.29,1.29
P100000123970,cement,2025-02-07,1,1.23,1.23
P100000123970,cement,2025-02-17,1,0.7,0.7
P100000123970,cement,2025-02-23,1,1.18,1.18
P100000123970,cement,2025-03-05,1,0.68,0.68
P100000123970,cement,2025-03-11,1,1.11,1.11
P100000123970,cement,2025-04-06,1,1.68,1.68
P100000123970,cement,2025-04-21,1,3.8,3.8
P100000123970,cement,2025-05-08,2,4.09,2.19
P100000123970,cement,2025-07-11,1,0.74,0.74
P100000123970,cement,2025-07-16,1,0.83,0.83
P100000123970,cement,2025-08-24,1,0.5,0.5
P100000123970,cement,2025-09-08,1,0.96,0.96
P100000123970,cement,2025-09-24,1,1.22,1.22
P100000123970,cement,2025-10-04,1,1.57,1.57
P100000123970,cement,2025-10-20,1,1.26,1.26
P100000123970,cement,2025-11-26,1,1.53,1.53
P100000123970,cement,2025-12-02,1,0.95,0.95
P100000123970,cement,2025-12-14,1,0.63,0.63
P100000123970,cement,2025-12-17,1,0.89,0.89
P100000123974,cement,2025-03-05,1,1.71,1.71
P100000123974,cement,2025-03-06,1,0.6,0.6
P100000123975,cement,2025-04-12,1,6.12,6.12
P100000123975,cement,2025-04-13,1,4.26,4.26
P100000123976,cement,2025-02-09,1,4.64,4.64
P100000123977,cement,2025-03-31,1,0.65,0.65
P100000123977,cement,2025-05-07,1,0.78,0.78
P100000123977,cement,2025-05-12,1,1.01,1.01
P100000123977,cement,2025-09-07,1,1.04,1.04
P100000123977,cement,2025-09-27,2,1.81,0.97
P100000123977,cement,2025-10-03,1,1.02,1.02
P100000123977,cement,2025-10-08,1,0.76,0.76
P100000123977,cement,2025-10-09,1,0.6,0.6
P100000123977,cement,2025-10-13,1,0.74,0.74
P100000123977,cement,2025-10-14,1,0.77,0.77
P100000123977,cement,2025-10-20,1,0.77,0.77
P100000123977,cement,2025-10-25,1,0.87,0.87
P100000123977,cement,2025-10-30,1,0.8,0.8
P100000123977,cement,2025-11-05,1,0.32,0.32
P100000123977,cement,2025-11-09,1,0.41,0.41
P100000123977,cement,2025-11-10,1,0.73,0.73
P100000123977,cement,2025-11-21,1,0.51,0.51
P100000123977,cement,2025-12-23,1,0.62,0.62
P100000123977,cement,2025-12-28,1,0.79,0.79
P100000123978,cement,2025-01-03,1,0.71,0.71
P100000123978,cement,2025-01-04,1,1.73,1.73
P100000123978,cement,2025-01-05,1,0.95,0.95
P100000123978,cement,2025-01-06,1,1.09,1.09
P100000123978,cement,2025-01-07,1,1.36,1.36
P100000123978,cement,2025-01-08,3,4.16,1.74
P100000123978,cement,2025-01-09,1,0.82,0.82
P100000123978,cement,2025-01-10,1,1.34,1.34
P100000123978,cement,2025-01-13,2,1.46,0.91
P100000123978,cement,2025-01-14,1,1.0,1.0
P100000123978,cement,2025-01-20,2,3.3,1.98
P100000123978,cement,2025-01-21,2,1.78,0.92
P100000123978,cement,2025-01-22,1,0.78,0.78
P100000123978,cement,2025-01-23,1,1.31,1.31
P100000123978,cement,2025-01-24,1,1.19,1.19
P100000123978,cement,2025-01-25,1,1.21,1.21
P100000123978,cement,2025-01-26,1,1.4,1.4
P100000123978,cement,2025-01-28,1,0.77,0.77
P100000123978,cement,2025-01-29,1,0.77,0.77
P100000123978,cement,2025-01-30,1,0.98,0.98
P100000123978,cement,2025-01-31,1,1.36,1.36
P100000123978,cement,2025-02-01,1,1.29,1.29
P100000123978,cement,2025-02-03,1,1.38,1.38
P100000123978,cement,2025-02-04,1,1.05,1.05
P100000123978,cement,2025-02-06,1,0.76,0.76
P100000123978,cement,2025-02-07,1,1.12,1.12
P100000123978,cement,2025-02-09,2,2.46,1.3
P100000123978,cement,2025-02-10,1,0.95,0.95
P100000123978,cement,2025-02-11,1,1.12,1.12
P100000123978,cement,2025-02-12,1,1.11,1.11
P100000123978,cement,2025-02-13,1,0.74,0.74
P100000123978,cement,2025-02-14,1,0.68,0.68
P100000123978,cement,2025-02-15,1,1.42,1.42
P100000123978,cement,2025-02-16,1,1.26,1.26
P100000123978,cement,2025-02-17,1,1.43,1.43
P100000123978,cement,2025-02-18,1,1.32,1.32
P100000123978,cement,2025-02-19,2,2.91,1.79
P100000123978,cement,2025-02-21,1,1.77,1.77
P100000123978,cement,2025-02-22,2,3.0700000000000003,1.56
P100000123978,cement,2025-02-23,1,0.62,0.62
P100000123978,cement,2025-02-24,1,1.48,1.48
P100000123978,cement,2025-02-25,3,3.58,1.38
P100000123978,cement,2025-02-26,1,1.29,1.29
P100000123978,cement,2025-02-27,1,1.57,1.57
P100000123978,cement,2025-02-28,1,1.32,1.32
P100000123978,cement,2025-03-01,1,1.61,1.61
P100000123978,cement,2025-03-07,2,3.84,1.93
P100000123978,cement,2025-03-08,1,1.16,1.16
P100000123978,cement,2025-03-10,1,1.81,1.81
P100000123978,cement,2025-03-11,1,1.88,1.88
P100000123978,cement,2025-03-12,1,1.84,1.84
P100000123978,cement,2025-03-13,1,1.5,1.5
P100000123978,cement,2025-03-14,1,1.08,1.08
P100000123978,cement,2025-03-16,1,1.88,1.88
P100000123978,cement,2025-03-18,1,1.61,1.61
P100000123978,cement,2025-03-26,1,2.03,2.03
P100000123978,cement,2025-03-27,1,2.17,2.17
P100000123978,cement,2025-03-28,1,1.89,1.89
P100000123978,cement,2025-03-29,1,1.61,1.61
P100000123978,cement,2025-03-30,1,1.2,1.2
P100000123978,cement,2025-04-05,1,1.68,1.68
P100000123978,cement,2025-04-07,1,2.82,2.82
P100000123978,cement,2025-04-15,1,1.38,1.38
P100000123978,cement,2025-04-17,1,0.88,0.88
P100000123978,cement,2025-05-13,1,2.86,2.86
P100000123978,cement,2025-06-05,1,2.19,2.19
P100000123978,cement,2025-08-04,1,0.99,0.99
P100000123978,cement,2025-08-09,1,0.69,0.69
P100000123978,cement,2025-09-14,1,0.7,0.7
P100000123978,cement,2025-09-18,1,0.81,0.81
P100000123978,cement,2025-09-19,1,0.59,0.59
P100000123978,cement,2025-09-30,1,1.23,1.23
P100000123978,cement,2025-10-07,2,1.83,0.98
P100000123978,cement,2025-10-11,1,1.32,1.32
P100000123978,cement,2025-10-12,1,0.86,0.86
P100000123978,cement,2025-10-14,1,1.48,1.48
P100000123978,cement,2025-10-16,1,0.96,0.96
P100000123978,cement,2025-10-17,1,1.22,1.22
P100000123978,cement,2025-10-18,2,2.16,1.26
P100000123978,cement,2025-10-19,1,1.39,1.39
P100000123978,cement,2025-10-22,1,1.05,1.05
P100000123978,cement,2025-10-23,1,1.22,1.22
P100000123978,cement,2025-10-26,1,0.58,0.58
P100000123978,cement,2025-10-31,1,1.04,1.04
P100000123978,cement,2025-11-01,1,1.0,1.0
P100000123978,cement,2025-11-03,1,0.78,0.78
P100000123978,cement,2025-11-05,2,2.06,1.22
P100000123978,cement,2025-11-06,1,1.01,1.01
P100000123978,cement,2025-11-07,1,1.34,1.34
P100000123978,cement,2025-11-08,1,1.3,1.3
P100000123978,cement,2025-11-09,1,0.89,0.89
P100000123978,cement,2025-11-12,1,1.45,1.45
P100000123978,cement,2025-11-13,1,1.19,1.19
P100000123978,cement,2025-11-16,1,0.73,0.73
P100000123978,cement,2025-11-17,1,0.83,0.83
P100000123978,cement,2025-11-19,1,1.15,1.15
P100000123978,cement,2025-11-21,1,1.32,1.32
P100000123978,cement,2025-11-22,1,1.21,1.21
P100000123978,cement,2025-11-23,1,1.56,1.56
P100000123978,cement,2025-11-24,1,1.28,1.28
P100000123978,cement,2025-11-25,1,0.91,0.91
P100000123978,cement,2025-11-26,1,1.7,1.7
P100000123978,cement,2025-11-28,1,0.78,0.78
P100000123978,cement,2025-12-01,1,1.16,1.16
P100000123978,cement,2025-12-02,1,0.68,0.68
P100000123978,cement,2025-12-03,1,1.1,1.1
P100000123978,cement,2025-12-07,1,1.02,1.02
P100000123978,cement,2025-12-08,1,0.88,0.88
P100000123978,cement,2025-12-09,2,2.36,1.2
P100000123978,cement,2025-12-10,1,1.07,1.07
P100000123978,cement,2025-12-11,1,0.83,0.83
P100000123978,cement,2025-12-12,1,1.44,1.44
P100000123978,cement,2025-12-13,1,0.86,0.86
P100000123978,cement,2025-12-14,1,1.13,1.13
P100000123978,cement,2025-12-15,1,0.9,0.9
P100000123978,cement,2025-12-16,1,0.87,0.87
P100000123978,cement,2025-12-19,1,0.94,0.94
P100000123978,cement,2025-12-20,1,1.1,1.1
P100000123978,cement,2025-12-22,2,2.92,1.64
P100000123978,cement,2025-12-24,1,0.53,0.53
P100000123978,cement,2025-12-25,1,1.29,1.29
P100000123978,cement,2025-12-27,2,1.91,1.19
P100000123978,cement,2025-12-28,1,1.0,1.0
P100000123978,cement,2025-12-29,1,0.65,0.65
P100000123978,cement,2025-12-30,1,1.26,1.26
P100000123978,cement,2025-12-31,1,0.88,0.88
P100000123979,cement,2025-01-01,1,0.73,0.73
P100000123979,cement,2025-01-07,1,0.89,0.89
P100000123979,cement,2025-01-17,1,1.09,1.09
P100000123979,cement,2025-01-19,1,0.47,0.47
P100000123979,cement,2025-01-22,1,0.73,0.73
P100000123979,cement,2025-01-28,1,1.17,1.17
P100000123979,cement,2025-02-02,1,1.14,1.14
P100000123979,cement,2025-02-07,2,1.1,0.6
P100000123979,cement,2025-02-13,1,0.78,0.78
P100000123979,cement,2025-02-23,1,0.68,0.68
P100000123979,cement,2025-03-01,1,0.54,0.54
P100000123979,cement,2025-03-06,1,1.05,1.05
P100000123979,cement,2025-03-07,2,2.6799999999999997,1.54
P100000123979,cement,2025-03-13,1,1.09,1.09
P100000123979,cement,2025-03-22,1,0.91,0.91
P100000123979,cement,2025-04-23,1,0.75,0.75
P100000123979,cement,2025-05-09,1,1.31,1.31
P100000123979,cement,2025-08-18,1,1.67,1.67
P100000123979,cement,2025-09-25,1,0.69,0.69
P100000123979,cement,2025-11-22,1,0.65,0.65
P100000123979,cement,2025-12-03,1,0.81,0.81
P100000123979,cement,2025-12-08,1,0.99,0.99
P100000123979,cement,2025-12-09,1,1.04,1.04
P100000123979,cement,2025-12-14,1,0.89,0.89
P100000123979,cement,2025-12-19,1,0.79,0.79
P100000123979,cement,2025-12-20,1,0.65,0.65
P100000123979,cement,2025-12-24,1,0.67,0.67
P100000123979,cement,2025-12-30,1,1.11,1.11
P100000123981,cement,2025-01-01,1,0.54,0.54
P100000123981,cement,2025-01-06,1,1.04,1.04
P100000123981,cement,2025-01-10,1,0.98,0.98
P100000123981,cement,2025-01-11,1,1.25,1.25
P100000123981,cement,2025-01-17,1,1.15,1.15
P100000123981,cement,2025-01-21,1,1.69,1.69
P100000123981,cement,2025-01-22,1,1.02,1.02
P100000123981,cement,2025-01-26,1,0.73,0.73
P100000123981,cement,2025-01-27,1,1.19,1.19
P100000123981,cement,2025-01-28,1,0.63,0.63
P100000123981,cement,2025-01-31,1,1.21,1.21
P100000123981,cement,2025-02-01,1,1.3,1.3
P100000123981,cement,2025-02-02,1,0.8,0.8
P100000123981,cement,2025-02-07,1,0.65,0.65
P100000123981,cement,2025-02-11,1,1.38,1.38
P100000123981,cement,2025-02-12,1,0.97,0.97
P100000123981,cement,2025-02-13,1,0.71,0.71
P100000123981,cement,2025-02-17,1,0.69,0.69
P100000123981,cement,2025-02-28,1,0.79,0.79
P100000123981,cement,2025-03-05,1,0.89,0.89
P100000123981,cement,2025-03-06,1,0.83,0.83
P100000123981,cement,2025-03-21,1,1.15,1.15
P100000123981,cement,2025-03-22,1,0.69,0.69
P100000123981,cement,2025-03-27,1,1.26,1.26
P100000123981,cement,2025-03-30,1,3.35,3.35
P100000123981,cement,2025-03-31,1,1.58,1.58
P100000123981,cement,2025-04-05,1,0.81,0.81
P100000123981,cement,2025-04-11,1,1.72,1.72
P100000123981,cement,2025-04-12,1,1.44,1.44
P100000123981,cement,2025-04-16,1,1.59,1.59
P100000123981,cement,2025-04-22,1,2.38,2.38
P100000123981,cement,2025-04-23,1,2.52,2.52
P100000123981,cement,2025-05-03,1,0.65,0.65
P100000123981,cement,2025-05-18,1,1.34,1.34
P100000123981,cement,2025-05-25,2,3.8,1.99
P100000123981,cement,2025-06-03,1,1.4,1.4
P100000123981,cement,2025-08-28,1,2.72,2.72
P100000123981,cement,2025-08-29,1,0.76,0.76
P100000123981,cement,2025-09-07,1,0.65,0.65
P100000123981,cement,2025-10-04,1,1.16,1.16
P100000123981,cement,2025-10-08,1,1.3,1.3
P100000123981,cement,2025-10-09,1,1.03,1.03
P100000123981,cement,2025-10-14,1,0.9,0.9
P100000123981,cement,2025-10-15,1,1.31,1.31
P100000123981,cement,2025-11-01,1,1.07,1.07
P100000123981,cement,2025-11-05,1,0.96,0.96
P100000123981,cement,2025-11-06,1,0.46,0.46
P100000123981,cement,2025-11-10,1,1.11,1.11
P100000123981,cement,2025-11-16,1,0.56,0.56
P100000123981,cement,2025-11-17,1,0.91,0.91
P100000123981,cement,2025-11-27,1,1.39,1.39
P100000123981,cement,2025-12-07,2,2.36,1.69
P100000123981,cement,2025-12-08,2,1.6,0.85
P100000123981,cement,2025-12-11,1,0.89,0.89
P100000123981,cement,2025-12-13,1,0.87,0.87
P100000123981,cement,2025-12-18,1,1.36,1.36
P100000123981,cement,2025-12-19,1,0.74,0.74
P100000123981,cement,2025-12-23,1,1.23,1.23
P100000123981,cement,2025-12-24,1,1.05,1.05
P100000123981,cement,2025-12-27,1,1.13,1.13
P100000123981,cement,2025-12-28,1,1.01,1.01
P100000123981,cement,2025-12-29,2,1.49,0.96
P100000123981,cement,2025-12-30,1,0.68,0.68
P100000123982,cement,2025-01-01,1,0.69,0.69
P100000123982,cement,2025-01-02,1,0.56,0.56
P100000123982,cement,2025-01-17,1,0.86,0.86
P100000123982,cement,2025-01-18,1,0.69,0.69
P100000123982,cement,2025-01-22,1,0.48,0.48
P100000123982,cement,2025-01-23,1,0.58,0.58
P100000123982,cement,2025-01-27,1,0.52,0.52
P100000123982,cement,2025-01-28,1,0.69,0.69
P100000123982,cement,2025-02-07,1,0.83,0.83
P100000123982,cement,2025-02-13,1,1.1,1.1
P100000123982,cement,2025-02-18,1,0.68,0.68
P100000123982,cement,2025-02-23,1,0.82,0.82
P100000123982,cement,2025-02-24,1,0.71,0.71
P100000123982,cement,2025-02-25,1,0.57,0.57
P100000123982,cement,2025-02-28,1,0.8,0.8
P100000123982,cement,2025-03-01,1,0.94,0.94
P100000123982,cement,2025-03-06,1,0.97,0.97
P100000123982,cement,2025-03-07,1,0.96,0.96
P100000123982,cement,2025-03-16,1,1.21,1.21
P100000123982,cement,2025-04-07,1,1.97,1.97
P100000123982,cement,2025-04-24,1,2.26,2.26
P100000123982,cement,2025-04-28,1,1.58,1.58
P100000123982,cement,2025-05-03,1,0.7,0.7
P100000123982,cement,2025-05-09,1,1.89,1.89
P100000123982,cement,2025-05-12,1,7.69,7.69
P100000123982,cement,2025-05-19,1,1.43,1.43
P100000123982,cement,2025-05-25,1,1.73,1.73
P100000123982,cement,2025-06-10,1,0.34,0.34
P100000123982,cement,2025-10-06,1,1.19,1.19
P100000123982,cement,2025-10-16,1,0.97,0.97
P100000123982,cement,2025-11-01,1,1.0,1.0
P100000123982,cement,2025-11-06,1,0.85,0.85
P100000123982,cement,2025-11-07,1,1.14,1.14
P100000123982,cement,2025-11-12,1,0.94,0.94
P100000123982,cement,2025-11-17,1,0.67,0.67
P100000123982,cement,2025-11-22,1,0.99,0.99
P100000123982,cement,2025-11-23,1,0.87,0.87
P100000123982,cement,2025-11-27,1,0.74,0.74
P100000123982,cement,2025-11-28,1,0.65,0.65
P100000123982,cement,2025-12-03,1,0.71,0.71
P100000123982,cement,2025-12-13,1,0.68,0.68
P100000123982,cement,2025-12-14,1,0.84,0.84
P100000123982,cement,2025-12-19,1,0.65,0.65
P100000123985,cement,2025-01-01,2,2.17,1.21
P100000123985,cement,2025-01-06,1,0.92,0.92
P100000123985,cement,2025-01-11,2,1.93,0.98
P100000123985,cement,2025-01-12,3,3.36,1.38
P100000123985,cement,2025-01-13,2,2.51,1.33
P100000123985,cement,2025-01-16,1,1.1,1.1
P100000123985,cement,2025-01-17,2,3.38,1.79
P100000123985,cement,2025-01-18,1,0.9,0.9
P100000123985,cement,2025-01-22,1,0.98,0.98
P100000123985,cement,2025-01-27,2,2.51,1.35
P100000123985,cement,2025-01-28,1,1.74,1.74
P100000123985,cement,2025-02-01,1,0.76,0.76
P100000123985,cement,2025-02-02,1,1.93,1.93
P100000123985,cement,2025-02-03,1,1.16,1.16
P100000123985,cement,2025-02-06,1,0.6,0.6
P100000123985,cement,2025-02-07,2,2.23,1.17
P100000123985,cement,2025-02-08,2,2.98,1.92
P100000123985,cement,2025-02-12,1,1.41,1.41
P100000123985,cement,2025-02-14,1,1.25,1.25
P100000123985,cement,2025-02-17,1,1.87,1.87
P100000123985,cement,2025-02-18,1,1.4,1.4
P100000123985,cement,2025-02-22,1,2.19,2.19
P100000123985,cement,2025-02-23,1,1.56,1.56
P100000123985,cement,2025-02-24,1,1.39,1.39
P100000123985,cement,2025-02-28,1,1.58,1.58
P100000123985,cement,2025-03-05,1,0.59,0.59
P100000123985,cement,2025-03-16,1,2.19,2.19
P100000123985,cement,2025-03-22,1,2.79,2.79
P100000123985,cement,2025-03-23,1,0.69,0.69
P100000123985,cement,2025-04-01,1,2.06,2.06
P100000123985,cement,2025-04-02,1,2.41,2.41
P100000123985,cement,2025-04-06,1,1.5,1.5
P100000123985,cement,2025-04-07,2,5.52,2.94
P100000123985,cement,2025-04-08,2,2.2199999999999998,1.21
P100000123985,cement,2025-04-17,1,1.77,1.77
P100000123985,cement,2025-04-22,1,1.8,1.8
P100000123985,cement,2025-04-23,2,6.35,3.26
P100000123985,cement,2025-04-28,1,4.88,4.88
P100000123985,cement,2025-04-29,1,2.13,2.13
P100000123985,cement,2025-05-04,1,1.1,1.1
P100000123985,cement,2025-05-08,1,2.44,2.44
P100000123985,cement,2025-05-09,1,1.6,1.6
P100000123985,cement,2025-05-10,1,5.13,5.13
P100000123985,cement,2025-06-20,1,0.53,0.53
P100000123985,cement,2025-06-21,1,0.95,0.95
P100000123985,cement,2025-07-11,1,1.44,1.44
P100000123985,cement,2025-07-12,2,2.43,1.31
P100000123985,cement,2025-07-13,1,0.36,0.36
P100000123985,cement,2025-08-29,1,1.18,1.18
P100000123985,cement,2025-09-03,1,1.12,1.12
P100000123985,cement,2025-09-05,2,1.6600000000000001,0.87
P100000123985,cement,2025-09-08,1,1.32,1.32
P100000123985,cement,2025-09-24,1,1.39,1.39
P100000123985,cement,2025-09-29,1,1.31,1.31
P100000123985,cement,2025-10-10,1,0.58,0.58
P100000123985,cement,2025-10-11,1,1.1,1.1
P100000123985,cement,2025-10-15,1,1.76,1.76
P100000123985,cement,2025-10-16,1,0.9,0.9
P100000123985,cement,2025-10-17,1,1.02,1.02
P100000123985,cement,2025-10-21,1,1.63,1.63
P100000123985,cement,2025-10-22,3,3.5300000000000002,1.55
P100000123985,cement,2025-10-23,1,1.19,1.19
P100000123985,cement,2025-11-07,2,3.36,1.9
P100000123985,cement,2025-11-12,1,0.87,0.87
P100000123985,cement,2025-11-16,1,1.84,1.84
P100000123985,cement,2025-11-17,1,1.44,1.44
P100000123985,cement,2025-11-18,1,1.24,1.24
P100000123985,cement,2025-11-21,1,1.3,1.3
P100000123985,cement,2025-11-27,1,0.89,0.89
P100000123985,cement,2025-11-28,1,1.33,1.33
P100000123985,cement,2025-12-02,1,0.7,0.7
P100000123985,cement,2025-12-08,1,1.23,1.23
P100000123985,cement,2025-12-09,1,1.52,1.52
P100000123985,cement,2025-12-14,1,0.97,0.97
P100000123986,cement,2025-01-03,1,1.4,1.4
P100000123986,cement,2025-01-04,1,0.59,0.59
P100000123986,cement,2025-01-10,1,1.13,1.13
P100000123986,cement,2025-01-24,1,1.17,1.17
P100000123986,cement,2025-01-26,1,1.01,1.01
P100000123986,cement,2025-02-09,1,1.44,1.44
P100000123986,cement,2025-10-02,1,1.62,1.62
P100000123986,cement,2025-10-21,1,0.65,0.65
P100000123986,cement,2025-11-01,1,0.88,0.88
P100000123986,cement,2025-11-03,1,1.15,1.15
P100000123986,cement,2025-11-06,1,0.92,0.92
P100000123986,cement,2025-11-10,2,2.66,1.58
P100000123986,cement,2025-11-22,2,2.52,1.34
P100000123986,cement,2025-11-30,1,1.15,1.15
P100000123986,cement,2025-12-18,1,1.03,1.03
P100000123986,cement,2025-12-19,1,0.97,0.97
P100000123986,cement,2025-12-30,2,2.3200000000000003,1.31
P100000123987,cement,2025-01-16,1,0.74,0.74
P100000123987,cement,2025-01-20,1,0.6,0.6
P100000123987,cement,2025-02-22,1,0.51,0.51
P100000123987,cement,2025-02-23,1,0.66,0.66
P100000123987,cement,2025-03-07,2,1.73,1.0
P100000123987,cement,2025-03-08,1,0.71,0.71
P100000123987,cement,2025-03-16,1,0.55,0.55
P100000123987,cement,2025-03-19,1,1.08,1.08
P100000123987,cement,2025-03-20,1,0.61,0.61
P100000123987,cement,2025-03-23,2,2.13,1.08
P100000123987,cement,2025-03-26,1,0.39,0.39
P100000123987,cement,2025-03-29,2,2.37,1.5
P100000123987,cement,2025-03-30,2,2.12,1.1
P100000123987,cement,2025-04-03,1,0.7,0.7
P100000123987,cement,2025-04-04,1,0.91,0.91
P100000123987,cement,2025-04-06,1,0.87,0.87
P100000123987,cement,2025-04-09,1,0.9,0.9
P100000123987,cement,2025-04-15,1,0.63,0.63
P100000123987,cement,2025-04-17,1,0.75,0.75
P100000123987,cement,2025-04-20,1,0.46,0.46
P100000123987,cement,2025-04-22,1,0.77,0.77
P100000123987,cement,2025-04-23,1,1.8,1.8
P100000123987,cement,2025-04-24,1,0.8,0.8
P100000123987,cement,2025-04-27,2,1.29,0.78
P100000123987,cement,2025-04-29,1,0.48,0.48
P100000123987,cement,2025-05-05,1,0.26,0.26
P100000123987,cement,2025-05-07,1,0.49,0.49
P100000123987,cement,2025-05-10,2,2.06,1.57
P100000123987,cement,2025-05-12,2,1.38,0.9
P100000123987,cement,2025-05-13,2,0.8300000000000001,0.56
P100000123987,cement,2025-05-14,1,1.08,1.08
P100000123987,cement,2025-05-16,1,0.86,0.86
P100000123987,cement,2025-05-18,2,1.15,0.62
P100000123987,cement,2025-05-19,1,1.18,1.18
P100000123987,cement,2025-05-20,1,1.57,1.57
P100000123987,cement,2025-05-21,1,1.29,1.29
P100000123987,cement,2025-05-26,1,1.09,1.09
P100000123987,cement,2025-05-28,2,1.04,0.79
P100000123987,cement,2025-06-08,1,0.61,0.61
P100000123987,cement,2025-06-09,1,1.68,1.68
P100000123987,cement,2025-06-10,1,1.05,1.05
P100000123987,cement,2025-06-11,1,1.3,1.3
P100000123987,cement,2025-06-12,1,1.04,1.04
P100000123987,cement,2025-06-13,1,0.69,0.69
P100000123987,cement,2025-06-22,1,1.16,1.16
P100000123987,cement,2025-06-23,1,1.08,1.08
P100000123987,cement,2025-07-03,1,1.33,1.33
P100000123987,cement,2025-07-15,1,0.34,0.34
P100000123987,cement,2025-07-18,1,0.78,0.78
P100000123987,cement,2025-07-24,1,0.75,0.75
P100000123987,cement,2025-08-07,1,0.88,0.88
P100000123987,cement,2025-08-09,1,0.79,0.79
P100000123987,cement,2025-08-21,1,1.01,1.01
P100000123987,cement,2025-09-29,1,0.42,0.42
P100000123987,cement,2025-10-03,1,0.48,0.48
P100000123987,cement,2025-10-04,1,0.56,0.56
P100000123987,cement,2025-10-10,1,0.55,0.55
P100000123987,cement,2025-10-14,1,0.49,0.49
P100000123987,cement,2025-10-29,1,0.44,0.44
P100000123987,cement,2025-11-02,1,0.75,0.75
P100000123987,cement,2025-11-03,1,0.52,0.52
P100000123987,cement,2025-11-05,1,0.42,0.42
P100000123987,cement,2025-11-07,1,0.99,0.99
P100000123987,cement,2025-11-08,1,0.6,0.6
P100000123987,cement,2025-11-13,1,1.07,1.07
P100000123987,cement,2025-11-14,1,1.07,1.07
P100000123987,cement,2025-11-29,2,1.48,0.91
P100000123987,cement,2025-12-04,1,1.16,1.16
P100000123987,cement,2025-12-05,1,1.38,1.38
P100000123987,cement,2025-12-15,2,1.81,1.02
P100000123987,cement,2025-12-18,1,0.65,0.65
P100000123988,cement,2025-01-05,1,0.77,0.77
P100000123988,cement,2025-01-06,1,1.01,1.01
P100000123988,cement,2025-01-10,1,0.37,0.37
P100000123988,cement,2025-01-15,1,0.84,0.84
P100000123988,cement,2025-01-24,1,1.0,1.0
P100000123988,cement,2025-01-25,1,0.52,0.52
P100000123988,cement,2025-01-26,1,1.19,1.19
P100000123988,cement,2025-01-29,1,0.49,0.49
P100000123988,cement,2025-01-31,1,0.71,0.71
P100000123988,cement,2025-02-06,1,0.43,0.43
P100000123988,cement,2025-02-10,1,0.49,0.49
P100000123988,cement,2025-02-13,1,0.98,0.98
P100000123988,cement,2025-02-16,1,0.46,0.46
P100000123988,cement,2025-02-28,1,1.04,1.04
P100000123988,cement,2025-03-06,1,0.65,0.65
P100000123988,cement,2025-03-21,1,1.16,1.16
P100000123988,cement,2025-03-31,1,1.42,1.42
P100000123988,cement,2025-04-16,1,2.58,2.58
P100000123988,cement,2025-04-25,1,2.26,2.26
P100000123988,cement,2025-05-23,1,1.7,1.7
P100000123988,cement,2025-06-06,1,1.25,1.25
P100000123988,cement,2025-08-14,1,0.77,0.77
P100000123988,cement,2025-09-23,1,0.75,0.75
P100000123988,cement,2025-10-04,1,0.61,0.61
P100000123988,cement,2025-10-09,1,0.81,0.81
P100000123988,cement,2025-10-14,1,0.78,0.78
P100000123988,cement,2025-11-15,1,1.08,1.08
P100000123988,cement,2025-11-16,1,1.33,1.33
P100000123988,cement,2025-11-18,1,1.24,1.24
P100000123988,cement,2025-12-23,1,0.86,0.86
P100000123988,cement,2025-12-24,1,1.16,1.16
P100000123988,cement,2025-12-28,1,0.73,0.73
P100000123989,cement,2025-01-01,1,0.85,0.85
P100000123989,cement,2025-01-05,3,4.15,1.7
P100000123989,cement,2025-01-06,1,1.36,1.36
P100000123989,cement,2025-01-08,2,3.04,1.69
P100000123989,cement,2025-01-09,4,5.01,1.49
P100000123989,cement,2025-01-10,2,2.6100000000000003,1.36
P100000123989,cement,2025-01-11,1,0.97,0.97
P100000123989,cement,2025-01-12,1,0.79,0.79
P100000123989,cement,2025-01-14,3,2.74,0.98
P100000123989,cement,2025-01-17,1,0.61,0.61
P100000123989,cement,2025-01-18,1,1.54,1.54
P100000123989,cement,2025-01-19,1,1.52,1.52
P100000123989,cement,2025-01-21,1,1.34,1.34
P100000123989,cement,2025-01-24,2,3.01,1.52
P100000123989,cement,2025-01-25,1,1.65,1.65
P100000123989,cement,2025-01-28,1,1.18,1.18
P100000123989,cement,2025-01-30,1,1.32,1.32
P100000123989,cement,2025-01-31,2,1.36,0.68
P100000123989,cement,2025-02-01,1,2.07,2.07
P100000123989,cement,2025-02-03,1,1.89,1.89
P100000123989,cement,2025-02-04,2,1.74,0.87
P100000123989,cement,2025-02-07,1,1.17,1.17
P100000123989,cement,2025-02-08,1,1.47,1.47
P100000123989,cement,2025-02-09,1,1.58,1.58
P100000123989,cement,2025-02-10,2,2.71,1.52
P100000123989,cement,2025-02-11,1,2.22,2.22
P100000123989,cement,2025-02-12,1,1.65,1.65
P100000123989,cement,2025-02-13,1,1.5,1.5
P100000123989,cement,2025-02-14,1,1.99,1.99
P100000123989,cement,2025-02-17,1,1.91,1.91
P100000123989,cement,2025-02-18,1,1.25,1.25
P100000123989,cement,2025-02-20,1,1.4,1.4
P100000123989,cement,2025-02-21,1,0.95,0.95
P100000123989,cement,2025-02-24,1,1.4,1.4
P100000123989,cement,2025-02-25,1,1.27,1.27
P100000123989,cement,2025-02-26,1,1.79,1.79
P100000123989,cement,2025-02-27,1,1.51,1.51
P100000123989,cement,2025-02-28,1,1.78,1.78
P100000123989,cement,2025-03-01,1,1.26,1.26
P100000123989,cement,2025-03-02,1,1.55,1.55
P100000123989,cement,2025-03-05,1,1.32,1.32
P100000123989,cement,2025-03-07,1,1.08,1.08
P100000123989,cement,2025-03-08,1,1.74,1.74
P100000123989,cement,2025-03-09,1,1.17,1.17
P100000123989,cement,2025-03-11,1,1.71,1.71
P100000123989,cement,2025-03-13,1,2.94,2.94
P100000123989,cement,2025-03-14,1,1.66,1.66
P100000123989,cement,2025-03-15,1,2.49,2.49
P100000123989,cement,2025-03-17,2,2.8899999999999997,1.49
P100000123989,cement,2025-03-19,1,0.99,0.99
P100000123989,cement,2025-03-20,1,1.09,1.09
P100000123989,cement,2025-03-25,1,1.04,1.04
P100000123989,cement,2025-03-26,1,2.0,2.0
P100000123989,cement,2025-03-30,1,2.74,2.74
P100000123989,cement,2025-03-31,1,2.26,2.26
P100000123989,cement,2025-04-01,1,1.85,1.85
P100000123989,cement,2025-04-04,1,1.74,1.74
P100000123989,cement,2025-04-05,1,1.23,1.23
P100000123989,cement,2025-04-07,1,1.45,1.45
P100000123989,cement,2025-04-10,1,1.35,1.35
P100000123989,cement,2025-04-11,2,3.51,2.0
P100000123989,cement,2025-04-16,1,3.09,3.09
P100000123989,cement,2025-04-17,1,2.2,2.2
P100000123989,cement,2025-04-24,1,3.59,3.59
P100000123989,cement,2025-04-25,1,2.1,2.1
P100000123989,cement,2025-04-27,1,1.27,1.27
P100000123989,cement,2025-04-28,1,0.97,0.97
P100000123989,cement,2025-05-02,1,2.39,2.39
P100000123989,cement,2025-05-06,1,1.84,1.84
P100000123989,cement,2025-05-07,1,1.48,1.48
P100000123989,cement,2025-05-09,1,1.18,1.18
P100000123989,cement,2025-05-14,1,3.11,3.11
P100000123989,cement,2025-06-08,1,4.14,4.14
P100000123989,cement,2025-06-12,1,2.76,2.76
P100000123989,cement,2025-06-13,1,1.73,1.73
P100000123989,cement,2025-07-11,1,1.4,1.4
P100000123989,cement,2025-08-05,1,1.53,1.53
P100000123989,cement,2025-08-09,1,2.18,2.18
P100000123989,cement,2025-08-11,1,1.12,1.12
P100000123989,cement,2025-08-16,1,1.18,1.18
P100000123989,cement,2025-08-25,2,2.5700000000000003,1.47
P100000123989,cement,2025-09-12,1,0.63,0.63
P100000123989,cement,2025-09-13,1,1.56,1.56
P100000123989,cement,2025-09-17,1,1.63,1.63
P100000123989,cement,2025-09-18,1,0.61,0.61
P100000123989,cement,2025-09-19,1,1.6,1.6
P100000123989,cement,2025-09-28,1,1.12,1.12
P100000123989,cement,2025-10-06,1,0.54,0.54
P100000123989,cement,2025-10-07,1,0.87,0.87
P100000123989,cement,2025-10-09,1,2.25,2.25
P100000123989,cement,2025-10-10,2,2.2,1.11
P100000123989,cement,2025-10-14,1,1.25,1.25
P100000123989,cement,2025-10-17,1,1.93,1.93
P100000123989,cement,2025-10-18,1,1.07,1.07
P100000123989,cement,2025-10-20,1,0.58,0.58
P100000123989,cement,2025-10-22,1,1.26,1.26
P100000123989,cement,2025-10-28,2,2.16,1.28
P100000123989,cement,2025-11-03,2,3.53,2.28
P100000123989,cement,2025-11-04,2,3.75,2.37
P100000123989,cement,2025-11-05,1,2.51,2.51
P100000123989,cement,2025-11-08,1,2.03,2.03
P100000123989,cement,2025-11-10,1,1.78,1.78
P100000123989,cement,2025-11-12,1,1.05,1.05
P100000123989,cement,2025-11-14,1,1.35,1.35
P100000123989,cement,2025-11-16,1,1.2,1.2
P100000123989,cement,2025-11-18,1,1.51,1.51
P100000123989,cement,2025-11-20,1,1.48,1.48
P100000123989,cement,2025-11-21,1,1.12,1.12
P100000123989,cement,2025-11-23,1,0.79,0.79
P100000123989,cement,2025-11-24,1,1.44,1.44
P100000123989,cement,2025-11-27,1,0.7,0.7
P100000123989,cement,2025-11-28,2,1.68,0.84
P100000123989,cement,2025-11-29,1,2.25,2.25
P100000123989,cement,2025-12-01,1,1.38,1.38
P100000123989,cement,2025-12-02,1,1.76,1.76
P100000123989,cement,2025-12-03,1,1.11,1.11
P100000123989,cement,2025-12-04,1,1.68,1.68
P100000123989,cement,2025-12-05,1,1.02,1.02
P100000123989,cement,2025-12-06,1,1.29,1.29
P100000123989,cement,2025-12-07,1,1.81,1.81
P100000123989,cement,2025-12-08,1,0.97,0.97
P100000123989,cement,2025-12-09,1,1.45,1.45
P100000123989,cement,2025-12-10,1,1.82,1.82
P100000123989,cement,2025-12-11,4,6.84,2.29
P100000123989,cement,2025-12-12,1,1.85,1.85
P100000123989,cement,2025-12-13,1,1.38,1.38
P100000123989,cement,2025-12-14,1,1.14,1.14
P100000123989,cement,2025-12-15,1,1.29,1.29
P100000123989,cement,2025-12-16,1,2.0,2.0
P100000123989,cement,2025-12-17,1,1.42,1.42
P100000123989,cement,2025-12-18,1,2.3,2.3
P100000123989,cement,2025-12-19,1,0.94,0.94
P100000123989,cement,2025-12-20,1,1.7,1.7
P100000123989,cement,2025-12-21,1,2.08,2.08
P100000123989,cement,2025-12-22,5,9.96,2.56
P100000123989,cement,2025-12-23,2,2.36,1.18
P100000123989,cement,2025-12-25,1,2.2,2.2
P100000123989,cement,2025-12-26,1,2.43,2.43
P100000123989,cement,2025-12-27,1,1.26,1.26
P100000123989,cement,2025-12-28,1,2.14,2.14
P100000123989,cement,2025-12-29,2,2.29,1.22
P100000123989,cement,2025-12-30,2,1.9,1.07
P100000123989,cement,2025-12-31,1,2.11,2.11
P100000123990,cement,2025-04-28,1,2.27,2.27
P100000123991,cement,2025-01-19,2,5.98,3.33
P100000123991,cement,2025-03-06,1,1.62,1.62
P100000123991,cement,2025-03-07,1,3.34,3.34
P100000123991,cement,2025-03-22,1,0.76,0.76
P100000123991,cement,2025-05-09,1,1.02,1.02
P100000123992,cement,2025-01-28,1,2.83,2.83
P100000123992,cement,2025-03-15,2,27.48,20.32
P100000123993,cement,2025-04-25,1,14.56,14.56
P100000123993,cement,2025-11-22,1,3.26,3.26
P100000123993,cement,2025-11-23,1,3.18,3.18
P100000124006,cement,2025-01-23,2,2.1799999999999997,1.15
P100000124006,cement,2025-02-02,1,0.84,0.84
P100000124006,cement,2025-02-07,1,0.76,0.76
P100000124006,cement,2025-03-06,1,0.96,0.96
P100000124006,cement,2025-04-12,1,1.43,1.43
P100000124006,cement,2025-04-29,1,12.37,12.37
P100000124006,cement,2025-09-19,1,0.6,0.6
P100000124006,cement,2025-09-30,1,0.72,0.72
P100000124006,cement,2025-10-31,1,0.51,0.51
P100000124006,cement,2025-11-17,1,0.98,0.98
P100000124006,cement,2025-12-08,1,0.72,0.72
P100000124006,cement,2025-12-13,1,0.75,0.75
P100000124006,cement,2025-12-14,1,1.07,1.07
P100000124006,cement,2025-12-15,1,0.57,0.57
P100000124006,cement,2025-12-19,1,0.92,0.92
P100000124006,cement,2025-12-24,1,0.59,0.59
P100000124006,cement,2025-12-25,1,0.84,0.84
P100000124006,cement,2025-12-29,1,0.42,0.42
P100000124007,cement,2025-05-25,1,1.96,1.96
P100000124009,cement,2025-01-01,1,0.92,0.92
P100000124009,cement,2025-01-28,1,0.43,0.43
P100000124009,cement,2025-01-31,1,0.72,0.72
P100000124009,cement,2025-02-06,1,1.17,1.17
P100000124009,cement,2025-02-13,1,0.74,0.74
P100000124009,cement,2025-02-18,1,0.78,0.78
P100000124009,cement,2025-02-22,1,0.88,0.88
P100000124009,cement,2025-02-28,1,0.91,0.91
P100000124009,cement,2025-03-10,1,0.78,0.78
P100000124009,cement,2025-03-26,1,1.58,1.58
P100000124009,cement,2025-03-27,1,1.31,1.31
P100000124009,cement,2025-04-01,1,1.02,1.02
P100000124009,cement,2025-04-05,1,0.75,0.75
P100000124009,cement,2025-04-07,1,1.09,1.09
P100000124009,cement,2025-04-18,1,0.91,0.91
P100000124009,cement,2025-04-23,1,1.95,1.95
P100000124009,cement,2025-04-28,1,0.59,0.59
P100000124009,cement,2025-05-03,1,0.71,0.71
P100000124009,cement,2025-05-07,2,1.58,0.79
P100000124009,cement,2025-05-14,1,0.53,0.53
P100000124009,cement,2025-05-25,1,0.48,0.48
P100000124009,cement,2025-10-21,1,0.56,0.56
P100000124009,cement,2025-11-01,1,0.42,0.42
P100000124009,cement,2025-12-08,1,0.83,0.83
P100000124009,cement,2025-12-19,1,0.67,0.67
P100000124009,cement,2025-12-23,1,0.91,0.91
P100000124009,cement,2025-12-24,1,0.64,0.64
P100000124011,cement,2025-01-01,1,0.71,0.71
P100000124011,cement,2025-01-05,1,1.07,1.07
P100000124011,cement,2025-01-06,1,0.78,0.78
P100000124011,cement,2025-01-11,1,0.92,0.92
P100000124011,cement,2025-01-12,1,0.96,0.96
P100000124011,cement,2025-01-15,2,1.08,0.54
P100000124011,cement,2025-01-17,1,1.01,1.01
P100000124011,cement,2025-01-18,1,1.07,1.07
P100000124011,cement,2025-01-19,1,0.83,0.83
P100000124011,cement,2025-01-20,1,1.48,1.48
P100000124011,cement,2025-01-21,2,3.08,1.61
P100000124011,cement,2025-01-22,1,1.16,1.16
P100000124011,cement,2025-01-23,1,1.47,1.47
P100000124011,cement,2025-01-26,2,2.58,1.48
P100000124011,cement,2025-01-27,1,1.51,1.51
P100000124011,cement,2025-01-28,1,0.71,0.71
P100000124011,cement,2025-01-31,1,1.36,1.36
P100000124011,cement,2025-02-02,1,1.27,1.27
P100000124011,cement,2025-02-04,2,1.08,0.6
P100000124011,cement,2025-02-05,1,1.34,1.34
P100000124011,cement,2025-02-06,1,1.03,1.03
P100000124011,cement,2025-02-07,1,1.43,1.43
P100000124011,cement,2025-02-08,1,1.41,1.41
P100000124011,cement,2025-02-11,1,1.56,1.56
P100000124011,cement,2025-02-12,1,1.46,1.46
P100000124011,cement,2025-02-18,1,1.45,1.45
P100000124011,cement,2025-02-22,2,2.96,1.53
P100000124011,cement,2025-02-23,1,1.15,1.15
P100000124011,cement,2025-02-24,1,1.13,1.13
P100000124011,cement,2025-02-26,1,2.12,2.12
P100000124011,cement,2025-02-27,2,2.2,1.13
P100000124011,cement,2025-02-28,1,1.05,1.05
P100000124011,cement,2025-03-01,1,1.72,1.72
P100000124011,cement,2025-03-03,2,3.42,1.81
P100000124011,cement,2025-03-04,1,1.29,1.29
P100000124011,cement,2025-03-05,2,3.2199999999999998,1.9
P100000124011,cement,2025-03-06,1,0.95,0.95
P100000124011,cement,2025-03-07,1,1.25,1.25
P100000124011,cement,2025-03-09,2,1.76,0.9
P100000124011,cement,2025-03-10,1,1.23,1.23
P100000124011,cement,2025-03-11,1,1.52,1.52
P100000124011,cement,2025-03-12,1,2.12,2.12
P100000124011,cement,2025-03-14,1,1.98,1.98
P100000124011,cement,2025-03-16,1,1.32,1.32
P100000124011,cement,2025-03-17,1,1.72,1.72
P100000124011,cement,2025-03-26,1,1.55,1.55
P100000124011,cement,2025-03-31,1,1.62,1.62
P100000124011,cement,2025-04-07,1,1.59,1.59
P100000124011,cement,2025-04-15,1,1.26,1.26
P100000124011,cement,2025-04-16,1,3.05,3.05
P100000124011,cement,2025-04-17,1,2.37,2.37
P100000124011,cement,2025-04-18,1,1.36,1.36
P100000124011,cement,2025-04-21,1,2.22,2.22
P100000124011,cement,2025-04-23,1,2.43,2.43
P100000124011,cement,2025-04-24,1,2.85,2.85
P100000124011,cement,2025-04-27,1,1.39,1.39
P100000124011,cement,2025-04-28,1,0.8,0.8
P100000124011,cement,2025-04-29,1,1.05,1.05
P100000124011,cement,2025-05-09,1,1.71,1.71
P100000124011,cement,2025-05-11,2,4.77,2.79
P100000124011,cement,2025-05-31,2,3.13,1.65
P100000124011,cement,2025-06-08,1,4.24,4.24
P100000124011,cement,2025-08-11,1,0.66,0.66
P100000124011,cement,2025-08-29,1,2.37,2.37
P100000124011,cement,2025-09-12,1,0.61,0.61
P100000124011,cement,2025-09-18,1,0.3,0.3
P100000124011,cement,2025-09-20,1,0.98,0.98
P100000124011,cement,2025-09-25,1,1.57,1.57
P100000124011,cement,2025-09-30,1,0.5,0.5
P100000124011,cement,2025-10-06,1,1.03,1.03
P100000124011,cement,2025-10-10,1,0.94,0.94
P100000124011,cement,2025-10-12,1,0.85,0.85
P100000124011,cement,2025-10-14,1,1.09,1.09
P100000124011,cement,2025-10-15,1,1.35,1.35
P100000124011,cement,2025-10-16,2,1.3599999999999999,0.76
P100000124011,cement,2025-10-21,1,1.37,1.37
P100000124011,cement,2025-10-22,1,1.31,1.31
P100000124011,cement,2025-10-26,1,1.09,1.09
P100000124011,cement,2025-11-01,1,1.44,1.44
P100000124011,cement,2025-11-03,1,0.81,0.81
P100000124011,cement,2025-11-04,2,1.98,1.14
P100000124011,cement,2025-11-06,1,1.2,1.2
P100000124011,cement,2025-11-07,1,1.03,1.03
P100000124011,cement,2025-11-10,1,0.82,0.82
P100000124011,cement,2025-11-12,1,1.13,1.13
P100000124011,cement,2025-11-14,1,1.59,1.59
P100000124011,cement,2025-11-15,1,1.11,1.11
P100000124011,cement,2025-11-16,1,1.07,1.07
P100000124011,cement,2025-11-17,2,1.14,0.57
P100000124011,cement,2025-11-18,1,1.01,1.01
P100000124011,cement,2025-11-22,1,0.87,0.87
P100000124011,cement,2025-11-23,1,1.19,1.19
P100000124011,cement,2025-11-27,1,0.88,0.88
P100000124011,cement,2025-11-28,1,0.82,0.82
P100000124011,cement,2025-11-29,1,0.74,0.74
P100000124011,cement,2025-12-03,1,0.5,0.5
P100000124011,cement,2025-12-08,2,1.54,0.77
P100000124011,cement,2025-12-09,1,0.68,0.68
P100000124011,cement,2025-12-11,2,2.34,1.51
P100000124011,cement,2025-12-12,1,0.93,0.93
P100000124011,cement,2025-12-13,1,1.15,1.15
P100000124011,cement,2025-12-14,1,1.15,1.15
P100000124011,cement,2025-12-15,1,1.13,1.13
P100000124011,cement,2025-12-16,1,1.57,1.57
P100000124011,cement,2025-12-17,2,2.73,1.53
P100000124011,cement,2025-12-18,1,1.44,1.44
P100000124011,cement,2025-12-19,1,1.49,1.49
P100000124011,cement,2025-12-22,2,2.72,1.37
P100000124011,cement,2025-12-23,1,1.42,1.42
P100000124011,cement,2025-12-24,1,1.54,1.54
P100000124011,cement,2025-12-25,1,0.66,0.66
P100000124011,cement,2025-12-27,1,1.9,1.9
P100000124011,cement,2025-12-28,2,2.49,1.43
P100000124011,cement,2025-12-29,1,0.94,0.94
P100000124011,cement,2025-12-30,1,1.16,1.16
P100000124011,cement,2025-12-31,1,0.94,0.94
P100000124013,cement,2025-01-04,1,0.79,0.79
P100000124013,cement,2025-01-06,1,0.79,0.79
P100000124013,cement,2025-01-11,1,0.56,0.56
P100000124013,cement,2025-01-16,1,0.74,0.74
P100000124013,cement,2025-01-20,1,0.69,0.69
P100000124013,cement,2025-01-22,1,0.88,0.88
P100000124013,cement,2025-01-24,1,0.57,0.57
P100000124013,cement,2025-01-26,1,0.93,0.93
P100000124013,cement,2025-01-29,1,0.72,0.72
P100000124013,cement,2025-02-05,1,0.71,0.71
P100000124013,cement,2025-02-11,1,0.98,0.98
P100000124013,cement,2025-02-12,1,1.26,1.26
P100000124013,cement,2025-02-17,1,0.56,0.56
P100000124013,cement,2025-03-20,1,0.77,0.77
P100000124013,cement,2025-03-21,1,0.7,0.7
P100000124013,cement,2025-03-31,1,1.04,1.04
P100000124013,cement,2025-04-01,1,0.99,0.99
P100000124013,cement,2025-04-05,1,1.08,1.08
P100000124013,cement,2025-05-13,1,1.79,1.79
P100000124013,cement,2025-08-28,1,1.0,1.0
P100000124013,cement,2025-09-13,1,0.95,0.95
P100000124013,cement,2025-10-14,1,0.62,0.62
P100000124013,cement,2025-10-19,1,0.44,0.44
P100000124013,cement,2025-10-25,1,0.76,0.76
P100000124013,cement,2025-11-10,1,0.61,0.61
P100000124013,cement,2025-11-14,1,0.84,0.84
P100000124013,cement,2025-11-15,1,0.58,0.58
P100000124013,cement,2025-11-16,1,0.71,0.71
P100000124013,cement,2025-11-20,1,0.87,0.87
P100000124013,cement,2025-11-21,2,2.0700000000000003,1.08
P100000124013,cement,2025-12-06,1,0.42,0.42
P100000124013,cement,2025-12-07,1,1.0,1.0
P100000124013,cement,2025-12-08,1,0.69,0.69
P100000124013,cement,2025-12-10,1,0.53,0.53
P100000124013,cement,2025-12-11,1,0.67,0.67
P100000124013,cement,2025-12-12,1,0.85,0.85
P100000124013,cement,2025-12-22,1,1.04,1.04
P100000124013,cement,2025-12-23,1,0.9,0.9
P100000124013,cement,2025-12-26,1,0.38,0.38
P100000124013,cement,2025-12-28,1,0.34,0.34
P100000124019,cement,2025-04-23,2,52.660000000000004,51.67
P100000124019,cement,2025-12-14,2,10.11,7.53
P100000124019,cement,2025-12-16,1,1.37,1.37
P100000124019,cement,2025-12-19,1,1.51,1.51
P100000124021,cement,2025-03-12,1,3.35,3.35
P100000124021,cement,2025-11-16,1,0.64,0.64
P100000124021,cement,2025-12-20,1,0.77,0.77
P100000124023,cement,2025-01-06,1,0.67,0.67
P100000124023,cement,2025-01-11,1,0.36,0.36
P100000124023,cement,2025-02-07,1,0.83,0.83
P100000124025,cement,2025-02-14,1,0.77,0.77
P100000124025,cement,2025-03-12,1,0.49,0.49
P100000124025,cement,2025-03-18,1,0.32,0.32
P100000124025,cement,2025-04-01,1,0.55,0.55
P100000124025,cement,2025-04-07,1,0.99,0.99
P100000124025,cement,2025-04-13,1,1.44,1.44
P100000124025,cement,2025-04-23,1,0.94,0.94
P100000124025,cement,2025-11-27,1,0.49,0.49
P100000124025,cement,2025-12-13,1,0.66,0.66
P100000124029,cement,2025-01-27,1,0.61,0.61
P100000124029,cement,2025-11-11,3,6.050000000000001,2.49
P100000124029,cement,2025-12-10,1,4.95,4.95
P100000124031,cement,2025-01-08,1,0.41,0.41
P100000124031,cement,2025-01-22,1,0.23,0.23
P100000124031,cement,2025-01-24,1,0.38,0.38
P100000124031,cement,2025-01-29,1,0.84,0.84
P100000124031,cement,2025-02-13,1,0.94,0.94
P100000124031,cement,2025-02-18,1,0.84,0.84
P100000124031,cement,2025-02-19,1,0.99,0.99
P100000124031,cement,2025-03-02,1,1.28,1.28
P100000124031,cement,2025-03-06,1,1.13,1.13
P100000124031,cement,2025-03-12,1,1.12,1.12
P100000124031,cement,2025-03-18,1,1.02,1.02
P100000124031,cement,2025-03-23,1,1.07,1.07
P100000124031,cement,2025-03-27,1,0.71,0.71
P100000124031,cement,2025-04-02,1,0.93,0.93
P100000124031,cement,2025-04-18,1,1.23,1.23
P100000124031,cement,2025-09-09,1,1.06,1.06
P100000124031,cement,2025-09-14,1,0.55,0.55
P100000124031,cement,2025-10-11,1,0.92,0.92
P100000124031,cement,2025-10-12,1,1.1,1.1
P100000124031,cement,2025-11-01,1,1.71,1.71
P100000124031,cement,2025-12-08,1,0.51,0.51
P100000124031,cement,2025-12-14,1,0.61,0.61
P100000124031,cement,2025-12-19,1,0.32,0.32
P100000124031,cement,2025-12-24,1,0.53,0.53
P100000124032,cement,2025-03-06,1,0.45,0.45
P100000124032,cement,2025-09-14,1,0.39,0.39
P100000124032,cement,2025-12-19,1,0.72,0.72
P100000124032,cement,2025-12-20,1,0.95,0.95
P100000124033,cement,2025-02-06,1,7.56,7.56
P100000124033,cement,2025-03-29,1,1.88,1.88
P100000124034,cement,2025-01-01,1,0.6,0.6
P100000124034,cement,2025-02-07,1,0.57,0.57
P100000124034,cement,2025-12-29,1,0.41,0.41
P100000124035,cement,2025-12-23,1,2.55,2.55
P100000124039,cement,2025-04-05,1,0.38,0.38
P100000124039,cement,2025-09-28,1,0.49,0.49
P100000124040,cement,2025-02-25,1,0.52,0.52
P100000124043,cement,2025-01-26,1,0.65,0.65
P100000124043,cement,2025-01-31,1,0.56,0.56
P100000124043,cement,2025-02-12,1,0.97,0.97
P100000124043,cement,2025-02-22,1,0.57,0.57
P100000124043,cement,2025-03-10,1,0.77,0.77
P100000124045,cement,2025-01-01,1,1.03,1.03
P100000124045,cement,2025-01-05,1,1.3,1.3
P100000124045,cement,2025-01-06,2,3.51,1.88
P100000124045,cement,2025-01-07,3,5.29,2.04
P100000124045,cement,2025-01-10,1,1.68,1.68
P100000124045,cement,2025-01-12,1,1.4,1.4
P100000124045,cement,2025-01-15,2,2.79,1.7
P100000124045,cement,2025-01-16,2,2.9699999999999998,1.96
P100000124045,cement,2025-01-17,2,1.8599999999999999,1.02
P100000124045,cement,2025-01-20,2,1.58,0.79
P100000124045,cement,2025-01-21,2,2.18,1.28
P100000124045,cement,2025-01-22,1,1.13,1.13
P100000124045,cement,2025-01-23,1,1.86,1.86
P100000124045,cement,2025-01-25,1,1.01,1.01
P100000124045,cement,2025-01-26,2,1.72,0.86
P100000124045,cement,2025-01-27,5,5.55,1.48
P100000124045,cement,2025-01-28,1,0.58,0.58
P100000124045,cement,2025-01-31,2,2.96,1.7
P100000124045,cement,2025-02-01,1,1.97,1.97
P100000124045,cement,2025-02-02,1,1.33,1.33
P100000124045,cement,2025-02-05,2,2.48,1.47
P100000124045,cement,2025-02-06,3,3.3499999999999996,1.13
P100000124045,cement,2025-02-10,1,1.51,1.51
P100000124045,cement,2025-02-11,3,2.66,1.12
P100000124045,cement,2025-02-12,2,3.23,1.96
P100000124045,cement,2025-02-13,1,2.37,2.37
P100000124045,cement,2025-02-16,2,3.02,1.72
P100000124045,cement,2025-02-18,1,1.62,1.62
P100000124045,cement,2025-02-21,2,1.44,1.01
P100000124045,cement,2025-02-22,1,2.36,2.36
P100000124045,cement,2025-02-23,2,2.52,1.26
P100000124045,cement,2025-02-24,1,1.8,1.8
P100000124045,cement,2025-02-28,1,1.72,1.72
P100000124045,cement,2025-03-01,1,2.1,2.1
P100000124045,cement,2025-03-04,3,3.0599999999999996,1.18
P100000124045,cement,2025-03-05,2,3.02,1.51
P100000124045,cement,2025-03-06,1,2.65,2.65
P100000124045,cement,2025-03-09,2,2.58,1.29
P100000124045,cement,2025-03-10,3,4.15,1.51
P100000124045,cement,2025-03-11,2,2.9699999999999998,2.03
P100000124045,cement,2025-03-15,1,1.64,1.64
P100000124045,cement,2025-03-21,1,1.58,1.58
P100000124045,cement,2025-03-22,1,1.45,1.45
P100000124045,cement,2025-04-21,1,2.04,2.04
P100000124045,cement,2025-04-23,2,3.4,1.7
P100000124045,cement,2025-04-27,1,3.09,3.09
P100000124045,cement,2025-05-04,1,1.6,1.6
P100000124045,cement,2025-06-04,4,6.93,1.91
P100000124045,cement,2025-06-10,2,2.64,1.32
P100000124045,cement,2025-08-01,1,1.55,1.55
P100000124045,cement,2025-08-06,1,1.95,1.95
P100000124045,cement,2025-08-07,2,2.28,1.14
P100000124045,cement,2025-08-08,1,1.03,1.03
P100000124045,cement,2025-08-11,1,2.14,2.14
P100000124045,cement,2025-09-12,1,1.72,1.72
P100000124045,cement,2025-09-14,1,1.24,1.24
P100000124045,cement,2025-09-18,1,2.12,2.12
P100000124045,cement,2025-09-24,1,1.64,1.64
P100000124045,cement,2025-10-09,1,1.16,1.16
P100000124045,cement,2025-10-11,3,3.36,1.44
P100000124045,cement,2025-10-14,1,0.6,0.6
P100000124045,cement,2025-10-15,2,3.57,2.44
P100000124045,cement,2025-10-16,3,3.3499999999999996,1.39
P100000124045,cement,2025-10-19,1,1.86,1.86
P100000124045,cement,2025-10-25,1,1.78,1.78
P100000124045,cement,2025-10-31,1,1.98,1.98
P100000124045,cement,2025-11-01,2,2.5,1.35
P100000124045,cement,2025-11-05,1,0.76,0.76
P100000124045,cement,2025-11-06,2,1.74,0.87
P100000124045,cement,2025-11-10,1,1.08,1.08
P100000124045,cement,2025-11-12,1,0.76,0.76
P100000124045,cement,2025-11-15,2,2.12,1.22
P100000124045,cement,2025-11-16,1,1.03,1.03
P100000124045,cement,2025-11-17,2,1.44,1.05
P100000124045,cement,2025-11-26,1,0.57,0.57
P100000124045,cement,2025-12-03,1,0.73,0.73
P100000124045,cement,2025-12-12,1,1.27,1.27
P100000124045,cement,2025-12-17,1,1.61,1.61
P100000124045,cement,2025-12-19,2,2.0,1.0
P100000124045,cement,2025-12-23,1,0.92,0.92
P100000124045,cement,2025-12-24,2,3.6100000000000003,1.99
P100000124045,cement,2025-12-27,1,1.09,1.09
P100000124045,cement,2025-12-28,3,3.1399999999999997,1.44
P100000124045,cement,2025-12-30,2,2.48,1.32
P100000124046,cement,2025-01-22,1,3.45,3.45
P100000124049,cement,2025-12-15,1,4.17,4.17
P100000124051,cement,2025-01-22,1,3.73,3.73
P100000124052,cement,2025-10-15,1,2.52,2.52
P100000124052,cement,2025-12-24,1,1.25,1.25
P100000124055,cement,2025-01-01,1,0.81,0.81
P100000124055,cement,2025-01-02,1,1.18,1.18
P100000124055,cement,2025-01-04,1,0.77,0.77
P100000124055,cement,2025-01-05,1,0.98,0.98
P100000124055,cement,2025-01-07,1,1.26,1.26
P100000124055,cement,2025-01-09,1,1.12,1.12
P100000124055,cement,2025-01-11,1,0.97,0.97
P100000124055,cement,2025-01-13,1,0.76,0.76
P100000124055,cement,2025-01-15,1,1.05,1.05
P100000124055,cement,2025-01-16,1,1.08,1.08
P100000124055,cement,2025-01-17,1,0.89,0.89
P100000124055,cement,2025-01-28,1,2.07,2.07
P100000124055,cement,2025-01-30,2,2.32,1.48
P100000124055,cement,2025-01-31,1,0.99,0.99
P100000124055,cement,2025-02-01,1,1.43,1.43
P100000124055,cement,2025-02-02,1,1.72,1.72
P100000124055,cement,2025-02-03,1,1.59,1.59
P100000124055,cement,2025-02-04,2,3.7199999999999998,2.13
P100000124055,cement,2025-02-05,1,1.64,1.64
P100000124055,cement,2025-02-06,1,1.24,1.24
P100000124055,cement,2025-02-10,1,1.81,1.81
P100000124055,cement,2025-02-11,1,1.4,1.4
P100000124055,cement,2025-02-12,1,1.32,1.32
P100000124055,cement,2025-02-13,2,3.89,2.02
P100000124055,cement,2025-02-14,1,1.09,1.09
P100000124055,cement,2025-02-15,1,1.1,1.1
P100000124055,cement,2025-02-16,1,0.86,0.86
P100000124055,cement,2025-02-17,1,0.94,0.94
P100000124055,cement,2025-02-19,1,0.91,0.91
P100000124055,cement,2025-02-20,1,1.43,1.43
P100000124055,cement,2025-02-24,1,1.12,1.12
P100000124055,cement,2025-02-25,2,2.45,1.29
P100000124055,cement,2025-02-26,1,1.87,1.87
P100000124055,cement,2025-02-28,1,1.12,1.12
P100000124055,cement,2025-03-03,1,1.54,1.54
P100000124055,cement,2025-03-04,1,1.49,1.49
P100000124055,cement,2025-03-05,1,1.45,1.45
P100000124055,cement,2025-03-06,1,1.21,1.21
P100000124055,cement,2025-03-07,1,1.62,1.62
P100000124055,cement,2025-03-08,1,1.43,1.43
P100000124055,cement,2025-03-13,2,3.31,1.7
P100000124055,cement,2025-03-14,1,0.78,0.78
P100000124055,cement,2025-03-15,1,0.84,0.84
P100000124055,cement,2025-03-16,1,1.0,1.0
P100000124055,cement,2025-03-17,1,1.64,1.64
P100000124055,cement,2025-03-18,1,2.06,2.06
P100000124055,cement,2025-03-19,1,1.41,1.41
P100000124055,cement,2025-03-20,1,0.95,0.95
P100000124055,cement,2025-03-21,1,1.39,1.39
P100000124055,cement,2025-03-24,1,2.38,2.38
P100000124055,cement,2025-03-25,1,1.85,1.85
P100000124055,cement,2025-03-26,1,1.86,1.86
P100000124055,cement,2025-03-28,1,1.52,1.52
P100000124055,cement,2025-03-29,1,1.32,1.32
P100000124055,cement,2025-03-30,2,1.32,0.66
P100000124055,cement,2025-03-31,1,1.88,1.88
P100000124055,cement,2025-04-04,1,2.16,2.16
P100000124055,cement,2025-04-05,1,1.85,1.85
P100000124055,cement,2025-04-08,1,2.27,2.27
P100000124055,cement,2025-04-09,1,2.75,2.75
P100000124055,cement,2025-04-10,1,2.24,2.24
P100000124055,cement,2025-04-14,1,2.38,2.38
P100000124055,cement,2025-04-15,1,2.57,2.57
P100000124055,cement,2025-04-21,1,1.35,1.35
P100000124055,cement,2025-05-02,1,1.96,1.96
P100000124055,cement,2025-05-07,1,0.85,0.85
P100000124055,cement,2025-05-10,1,0.81,0.81
P100000124055,cement,2025-05-12,1,2.23,2.23
P100000124055,cement,2025-05-16,1,1.51,1.51
P100000124055,cement,2025-05-17,1,1.36,1.36
P100000124055,cement,2025-05-18,1,1.76,1.76
P100000124055,cement,2025-05-19,1,0.98,0.98
P100000124055,cement,2025-05-23,1,1.4,1.4
P100000124055,cement,2025-06-03,1,1.64,1.64
P100000124055,cement,2025-06-07,1,1.7,1.7
P100000124055,cement,2025-06-08,1,0.51,0.51
P100000124055,cement,2025-06-10,1,1.42,1.42
P100000124055,cement,2025-06-29,1,1.1,1.1
P100000124055,cement,2025-07-12,1,0.65,0.65
P100000124055,cement,2025-07-16,1,1.36,1.36
P100000124055,cement,2025-07-24,2,4.21,2.11
P100000124055,cement,2025-08-05,1,1.07,1.07
P100000124055,cement,2025-08-06,2,2.55,1.39
P100000124055,cement,2025-08-07,1,0.67,0.67
P100000124055,cement,2025-08-10,1,1.61,1.61
P100000124055,cement,2025-08-14,1,0.95,0.95
P100000124055,cement,2025-08-27,1,1.81,1.81
P100000124055,cement,2025-09-02,2,2.26,1.47
P100000124055,cement,2025-09-10,2,2.15,1.44
P100000124055,cement,2025-09-11,1,1.56,1.56
P100000124055,cement,2025-09-12,1,0.59,0.59
P100000124055,cement,2025-09-22,1,0.8,0.8
P100000124055,cement,2025-09-23,1,0.93,0.93
P100000124055,cement,2025-10-09,1,1.28,1.28
P100000124055,cement,2025-10-10,1,1.2,1.2
P100000124055,cement,2025-10-13,1,2.5,2.5
P100000124055,cement,2025-10-14,2,2.3,1.23
P100000124055,cement,2025-10-17,2,3.36,1.72
P100000124055,cement,2025-10-18,2,2.61,1.73
P100000124055,cement,2025-10-19,1,2.69,2.69
P100000124055,cement,2025-10-20,2,3.2199999999999998,1.96
P100000124055,cement,2025-10-22,1,1.86,1.86
P100000124055,cement,2025-10-23,1,2.5,2.5
P100000124055,cement,2025-10-24,1,2.55,2.55
P100000124055,cement,2025-10-25,1,1.95,1.95
P100000124055,cement,2025-10-31,1,1.31,1.31
P100000124055,cement,2025-11-02,1,0.91,0.91
P100000124055,cement,2025-11-04,1,0.76,0.76
P100000124055,cement,2025-11-07,1,1.67,1.67
P100000124055,cement,2025-11-08,2,3.84,2.32
P100000124055,cement,2025-11-09,1,1.4,1.4
P100000124055,cement,2025-11-10,1,1.25,1.25
P100000124055,cement,2025-11-15,1,1.06,1.06
P100000124055,cement,2025-11-19,1,0.69,0.69
P100000124055,cement,2025-11-20,1,0.69,0.69
P100000124055,cement,2025-11-24,1,1.1,1.1
P100000124055,cement,2025-12-02,1,1.34,1.34
P100000124055,cement,2025-12-04,2,2.38,1.26
P100000124055,cement,2025-12-05,2,3.26,1.79
P100000124055,cement,2025-12-06,1,0.67,0.67
P100000124055,cement,2025-12-07,1,0.85,0.85
P100000124055,cement,2025-12-10,1,2.09,2.09
P100000124055,cement,2025-12-11,1,1.8,1.8
P100000124055,cement,2025-12-12,1,1.49,1.49
P100000124055,cement,2025-12-14,2,3.52,1.92
P100000124055,cement,2025-12-15,1,0.99,0.99
P100000124055,cement,2025-12-16,1,0.98,0.98
P100000124055,cement,2025-12-17,1,1.63,1.63
P100000124055,cement,2025-12-18,1,1.24,1.24
P100000124055,cement,2025-12-20,2,2.74,1.65
P100000124055,cement,2025-12-21,2,1.97,1.17
P100000124055,cement,2025-12-22,1,1.77,1.77
P100000124055,cement,2025-12-23,1,0.75,0.75
P100000124055,cement,2025-12-25,1,1.49,1.49
P100000124055,cement,2025-12-26,2,2.78,1.88
P100000124055,cement,2025-12-27,1,1.92,1.92
P100000124055,cement,2025-12-30,2,2.8899999999999997,1.49
P100000124056,cement,2025-01-01,1,0.6,0.6
P100000124056,cement,2025-01-02,1,0.56,0.56
P100000124056,cement,2025-01-03,1,0.85,0.85
P100000124056,cement,2025-01-08,1,0.77,0.77
P100000124056,cement,2025-01-12,1,1.26,1.26
P100000124056,cement,2025-01-14,1,1.27,1.27
P100000124056,cement,2025-01-22,1,0.41,0.41
P100000124056,cement,2025-02-04,1,1.83,1.83
P100000124056,cement,2025-02-07,1,0.61,0.61
P100000124056,cement,2025-02-08,1,0.99,0.99
P100000124056,cement,2025-02-09,1,0.87,0.87
P100000124056,cement,2025-02-12,1,0.87,0.87
P100000124056,cement,2025-02-13,1,1.18,1.18
P100000124056,cement,2025-02-14,1,0.98,0.98
P100000124056,cement,2025-02-18,1,0.88,0.88
P100000124056,cement,2025-02-20,2,2.19,1.35
P100000124056,cement,2025-02-23,1,1.1,1.1
P100000124056,cement,2025-02-24,1,0.87,0.87
P100000124056,cement,2025-02-25,1,0.86,0.86
P100000124056,cement,2025-02-28,1,0.51,0.51
P100000124056,cement,2025-03-06,1,0.81,0.81
P100000124056,cement,2025-03-07,1,0.97,0.97
P100000124056,cement,2025-03-11,1,1.05,1.05
P100000124056,cement,2025-03-12,1,1.39,1.39
P100000124056,cement,2025-03-13,1,1.04,1.04
P100000124056,cement,2025-03-18,1,1.47,1.47
P100000124056,cement,2025-03-22,1,0.75,0.75
P100000124056,cement,2025-03-23,1,1.37,1.37
P100000124056,cement,2025-03-27,1,1.99,1.99
P100000124056,cement,2025-03-28,1,1.11,1.11
P100000124056,cement,2025-04-07,1,2.04,2.04
P100000124056,cement,2025-04-08,1,2.27,2.27
P100000124056,cement,2025-04-12,1,1.36,1.36
P100000124056,cement,2025-04-13,1,1.53,1.53
P100000124056,cement,2025-04-18,1,3.28,3.28
P100000124056,cement,2025-04-23,1,1.71,1.71
P100000124056,cement,2025-04-24,2,4.32,2.27
P100000124056,cement,2025-04-30,1,1.38,1.38
P100000124056,cement,2025-06-05,1,1.08,1.08
P100000124056,cement,2025-06-10,1,1.2,1.2
P100000124056,cement,2025-06-11,1,0.84,0.84
P100000124056,cement,2025-06-12,1,0.68,0.68
P100000124056,cement,2025-06-28,1,1.84,1.84
P100000124056,cement,2025-10-11,1,0.53,0.53
P100000124056,cement,2025-10-16,1,0.47,0.47
P100000124056,cement,2025-11-06,1,0.72,0.72
P100000124056,cement,2025-11-07,1,0.71,0.71
P100000124056,cement,2025-11-08,1,0.51,0.51
P100000124056,cement,2025-11-12,1,0.66,0.66
P100000124056,cement,2025-11-22,1,0.58,0.58
P100000124056,cement,2025-11-28,1,0.46,0.46
P100000124056,cement,2025-12-04,1,0.65,0.65
P100000124056,cement,2025-12-08,1,0.45,0.45
P100000124056,cement,2025-12-10,1,0.91,0.91
P100000124056,cement,2025-12-15,1,0.68,0.68
P100000124056,cement,2025-12-19,1,0.78,0.78
P100000124056,cement,2025-12-20,1,0.37,0.37
P100000124056,cement,2025-12-26,1,0.6,0.6
P100000124056,cement,2025-12-30,1,0.47,0.47
P100000124057,cement,2025-01-01,1,0.58,0.58
P100000124057,cement,2025-01-02,1,1.06,1.06
P100000124057,cement,2025-01-09,1,1.04,1.04
P100000124057,cement,2025-01-11,1,0.92,0.92
P100000124057,cement,2025-01-17,1,0.97,0.97
P100000124057,cement,2025-01-18,1,0.75,0.75
P100000124057,cement,2025-01-19,1,0.94,0.94
P100000124057,cement,2025-01-23,1,0.97,0.97
P100000124057,cement,2025-01-24,1,1.06,1.06
P100000124057,cement,2025-01-25,1,0.92,0.92
P100000124057,cement,2025-01-27,1,1.18,1.18
P100000124057,cement,2025-01-28,1,1.01,1.01
P100000124057,cement,2025-01-29,1,0.82,0.82
P100000124057,cement,2025-01-30,1,1.03,1.03
P100000124057,cement,2025-01-31,1,0.55,0.55
P100000124057,cement,2025-02-04,1,0.84,0.84
P100000124057,cement,2025-02-05,1,0.92,0.92
P100000124057,cement,2025-02-06,1,1.28,1.28
P100000124057,cement,2025-02-08,1,0.82,0.82
P100000124057,cement,2025-02-10,1,0.81,0.81
P100000124057,cement,2025-02-12,1,1.06,1.06
P100000124057,cement,2025-02-13,1,1.07,1.07
P100000124057,cement,2025-02-14,1,1.17,1.17
P100000124057,cement,2025-02-15,1,0.64,0.64
P100000124057,cement,2025-02-17,1,0.65,0.65
P100000124057,cement,2025-02-21,1,0.89,0.89
P100000124057,cement,2025-02-23,1,0.79,0.79
P100000124057,cement,2025-02-25,1,0.83,0.83
P100000124057,cement,2025-02-26,2,1.78,1.05
P100000124057,cement,2025-02-28,1,0.97,0.97
P100000124057,cement,2025-03-01,1,1.1,1.1
P100000124057,cement,2025-03-03,1,0.89,0.89
P100000124057,cement,2025-03-05,1,1.04,1.04
P100000124057,cement,2025-03-07,1,0.79,0.79
P100000124057,cement,2025-03-08,2,1.5299999999999998,0.84
P100000124057,cement,2025-03-09,1,0.77,0.77
P100000124057,cement,2025-03-10,1,0.69,0.69
P100000124057,cement,2025-03-29,1,1.12,1.12
P100000124057,cement,2025-04-13,1,1.01,1.01
P100000124057,cement,2025-04-17,1,2.51,2.51
P100000124057,cement,2025-04-18,1,0.94,0.94
P100000124057,cement,2025-04-29,1,1.15,1.15
P100000124057,cement,2025-06-06,1,1.22,1.22
P100000124057,cement,2025-06-13,1,1.67,1.67
P100000124057,cement,2025-06-25,1,2.55,2.55
P100000124057,cement,2025-08-17,1,0.44,0.44
P100000124057,cement,2025-08-19,2,3.36,2.13
P100000124057,cement,2025-10-06,2,1.3399999999999999,0.74
P100000124057,cement,2025-10-15,1,1.13,1.13
P100000124057,cement,2025-10-18,1,0.75,0.75
P100000124057,cement,2025-11-03,2,1.88,0.95
P100000124057,cement,2025-11-07,1,0.49,0.49
P100000124057,cement,2025-11-09,2,1.8199999999999998,0.94
P100000124057,cement,2025-11-13,1,0.58,0.58
P100000124057,cement,2025-11-17,1,0.4,0.4
P100000124057,cement,2025-11-22,1,0.66,0.66
P100000124057,cement,2025-11-23,1,0.94,0.94
P100000124057,cement,2025-11-28,1,0.91,0.91
P100000124057,cement,2025-12-02,1,0.93,0.93
P100000124057,cement,2025-12-04,1,0.96,0.96
P100000124057,cement,2025-12-05,1,0.55,0.55
P100000124057,cement,2025-12-07,1,0.5,0.5
P100000124057,cement,2025-12-08,1,0.87,0.87
P100000124057,cement,2025-12-10,1,1.01,1.01
P100000124057,cement,2025-12-13,1,0.59,0.59
P100000124057,cement,2025-12-14,1,0.69,0.69
P100000124057,cement,2025-12-15,1,0.95,0.95
P100000124057,cement,2025-12-16,1,0.63,0.63
P100000124057,cement,2025-12-25,1,0.61,0.61
P100000124057,cement,2025-12-26,1,0.69,0.69
P100000124057,cement,2025-12-31,1,0.54,0.54
P100000124058,cement,2025-01-01,1,0.65,0.65
P100000124058,cement,2025-01-11,1,0.71,0.71
P100000124058,cement,2025-01-17,1,0.81,0.81
P100000124058,cement,2025-01-21,1,1.0,1.0
P100000124058,cement,2025-01-22,1,1.03,1.03
P100000124058,cement,2025-02-01,1,0.91,0.91
P100000124058,cement,2025-02-02,1,0.44,0.44
P100000124058,cement,2025-02-12,1,0.73,0.73
P100000124058,cement,2025-02-17,1,0.74,0.74
P100000124058,cement,2025-02-23,1,0.86,0.86
P100000124058,cement,2025-03-11,1,0.95,0.95
P100000124058,cement,2025-03-21,1,0.8,0.8
P100000124058,cement,2025-03-26,1,1.33,1.33
P100000124058,cement,2025-03-27,1,1.3,1.3
P100000124058,cement,2025-04-06,1,1.19,1.19
P100000124058,cement,2025-04-12,1,0.98,0.98
P100000124058,cement,2025-04-17,1,1.83,1.83
P100000124058,cement,2025-04-22,1,1.19,1.19
P100000124058,cement,2025-04-28,1,1.2,1.2
P100000124058,cement,2025-05-02,1,1.53,1.53
P100000124058,cement,2025-05-03,1,1.24,1.24
P100000124058,cement,2025-05-09,1,1.58,1.58
P100000124058,cement,2025-06-26,1,1.45,1.45
P100000124058,cement,2025-10-19,1,0.49,0.49
P100000124058,cement,2025-11-01,1,0.87,0.87
P100000124058,cement,2025-11-06,1,0.72,0.72
P100000124058,cement,2025-11-16,1,0.47,0.47
P100000124058,cement,2025-11-17,1,0.68,0.68
P100000124058,cement,2025-11-22,1,0.77,0.77
P100000124058,cement,2025-12-08,1,0.54,0.54
P100000124058,cement,2025-12-24,1,0.44,0.44
P100000124058,cement,2025-12-29,1,0.65,0.65
P100000124059,cement,2025-01-11,1,0.43,0.43
P100000124059,cement,2025-01-17,1,0.97,0.97
P100000124059,cement,2025-01-18,1,1.03,1.03
P100000124059,cement,2025-01-19,1,0.59,0.59
P100000124059,cement,2025-01-20,1,0.84,0.84
P100000124059,cement,2025-01-23,2,2.02,1.03
P100000124059,cement,2025-01-24,1,0.38,0.38
P100000124059,cement,2025-01-27,1,1.13,1.13
P100000124059,cement,2025-01-28,1,0.76,0.76
P100000124059,cement,2025-01-30,1,0.97,0.97
P100000124059,cement,2025-02-01,1,0.5,0.5
P100000124059,cement,2025-02-03,1,1.08,1.08
P100000124059,cement,2025-02-04,1,0.76,0.76
P100000124059,cement,2025-02-08,1,0.95,0.95
P100000124059,cement,2025-02-11,2,1.69,0.92
P100000124059,cement,2025-02-13,1,1.23,1.23
P100000124059,cement,2025-02-14,1,0.88,0.88
P100000124059,cement,2025-02-21,1,0.7,0.7
P100000124059,cement,2025-02-22,1,0.71,0.71
P100000124059,cement,2025-02-25,1,0.86,0.86
P100000124059,cement,2025-02-26,1,0.85,0.85
P100000124059,cement,2025-02-28,1,0.97,0.97
P100000124059,cement,2025-03-02,1,1.24,1.24
P100000124059,cement,2025-03-05,1,1.38,1.38
P100000124059,cement,2025-03-06,1,0.91,0.91
P100000124059,cement,2025-03-09,1,0.72,0.72
P100000124059,cement,2025-03-11,1,0.9,0.9
P100000124059,cement,2025-03-13,1,1.2,1.2
P100000124059,cement,2025-03-16,1,1.18,1.18
P100000124059,cement,2025-03-17,1,1.34,1.34
P100000124059,cement,2025-03-22,1,1.6,1.6
P100000124059,cement,2025-03-26,1,1.31,1.31
P100000124059,cement,2025-03-28,1,1.01,1.01
P100000124059,cement,2025-03-30,1,0.98,0.98
P100000124059,cement,2025-04-01,1,1.35,1.35
P100000124059,cement,2025-04-02,1,1.58,1.58
P100000124059,cement,2025-04-11,2,5.46,3.39
P100000124059,cement,2025-04-13,1,1.22,1.22
P100000124059,cement,2025-04-17,1,0.87,0.87
P100000124059,cement,2025-04-27,1,1.62,1.62
P100000124059,cement,2025-05-04,1,1.51,1.51
P100000124059,cement,2025-05-10,1,2.91,2.91
P100000124059,cement,2025-05-12,1,2.22,2.22
P100000124059,cement,2025-05-18,1,1.42,1.42
P100000124059,cement,2025-10-13,1,1.18,1.18
P100000124059,cement,2025-10-26,1,0.75,0.75
P100000124059,cement,2025-10-30,1,0.86,0.86
P100000124059,cement,2025-10-31,1,0.79,0.79
P100000124059,cement,2025-11-01,1,2.59,2.59
P100000124059,cement,2025-11-03,1,0.55,0.55
P100000124059,cement,2025-11-05,1,1.71,1.71
P100000124059,cement,2025-11-07,1,1.09,1.09
P100000124059,cement,2025-11-08,1,0.66,0.66
P100000124059,cement,2025-11-13,1,1.26,1.26
P100000124059,cement,2025-11-18,1,0.71,0.71
P100000124059,cement,2025-11-21,1,0.89,0.89
P100000124059,cement,2025-11-22,1,0.77,0.77
P100000124059,cement,2025-11-24,1,0.53,0.53
P100000124059,cement,2025-11-25,1,0.97,0.97
P100000124059,cement,2025-12-05,2,1.43,0.74
P100000124059,cement,2025-12-08,1,0.43,0.43
P100000124059,cement,2025-12-24,1,0.87,0.87
P100000124059,cement,2025-12-29,1,1.01,1.01
P100000124060,cement,2025-01-01,1,1.53,1.53
P100000124060,cement,2025-01-06,1,1.14,1.14
P100000124060,cement,2025-01-11,1,0.89,0.89
P100000124060,cement,2025-01-12,1,0.59,0.59
P100000124060,cement,2025-01-16,2,1.44,0.78
P100000124060,cement,2025-01-17,2,1.93,1.15
P100000124060,cement,2025-01-21,1,1.06,1.06
P100000124060,cement,2025-01-22,1,0.88,0.88
P100000124060,cement,2025-01-25,1,1.01,1.01
P100000124060,cement,2025-01-26,1,1.05,1.05
P100000124060,cement,2025-01-27,2,2.23,1.2
P100000124060,cement,2025-01-31,2,2.5300000000000002,1.34
P100000124060,cement,2025-02-01,1,1.05,1.05
P100000124060,cement,2025-02-06,1,1.05,1.05
P100000124060,cement,2025-02-12,1,1.19,1.19
P100000124060,cement,2025-02-13,1,1.38,1.38
P100000124060,cement,2025-02-16,1,1.02,1.02
P100000124060,cement,2025-02-17,1,1.18,1.18
P100000124060,cement,2025-02-19,1,0.92,0.92
P100000124060,cement,2025-02-22,1,1.52,1.52
P100000124060,cement,2025-02-23,1,1.28,1.28
P100000124060,cement,2025-02-27,2,2.59,1.38
P100000124060,cement,2025-02-28,1,0.69,0.69
P100000124060,cement,2025-03-02,2,1.5699999999999998,0.85
P100000124060,cement,2025-03-04,1,0.72,0.72
P100000124060,cement,2025-03-05,2,2.7800000000000002,1.58
P100000124060,cement,2025-03-06,1,2.35,2.35
P100000124060,cement,2025-03-10,1,1.04,1.04
P100000124060,cement,2025-03-11,1,1.34,1.34
P100000124060,cement,2025-03-15,1,1.41,1.41
P100000124060,cement,2025-03-16,2,2.52,1.37
P100000124060,cement,2025-04-01,1,1.09,1.09
P100000124060,cement,2025-04-16,1,1.32,1.32
P100000124060,cement,2025-04-17,2,2.4299999999999997,1.23
P100000124060,cement,2025-04-22,2,2.62,1.37
P100000124060,cement,2025-04-23,1,1.94,1.94
P100000124060,cement,2025-04-24,1,1.18,1.18
P100000124060,cement,2025-04-27,1,0.97,0.97
P100000124060,cement,2025-05-04,1,1.08,1.08
P100000124060,cement,2025-05-08,1,3.03,3.03
P100000124060,cement,2025-05-09,1,3.83,3.83
P100000124060,cement,2025-05-13,1,0.83,0.83
P100000124060,cement,2025-05-14,2,1.27,0.66
P100000124060,cement,2025-05-19,1,0.75,0.75
P100000124060,cement,2025-05-23,1,0.76,0.76
P100000124060,cement,2025-09-08,2,1.57,0.79
P100000124060,cement,2025-09-18,1,0.57,0.57
P100000124060,cement,2025-10-11,1,1.04,1.04
P100000124060,cement,2025-10-20,1,0.58,0.58
P100000124060,cement,2025-11-12,1,0.88,0.88
P100000124060,cement,2025-11-16,1,0.62,0.62
P100000124060,cement,2025-11-18,1,0.56,0.56
P100000124060,cement,2025-11-28,1,0.79,0.79
P100000124060,cement,2025-12-04,1,0.95,0.95
P100000124060,cement,2025-12-07,1,1.0,1.0
P100000124060,cement,2025-12-08,2,1.72,0.9
P100000124060,cement,2025-12-09,1,1.14,1.14
P100000124060,cement,2025-12-13,2,1.8,0.99
P100000124060,cement,2025-12-17,1,1.09,1.09
P100000124060,cement,2025-12-18,1,1.22,1.22
P100000124060,cement,2025-12-19,1,1.31,1.31
P100000124060,cement,2025-12-20,1,0.97,0.97
P100000124060,cement,2025-12-23,1,1.03,1.03
P100000124060,cement,2025-12-29,2,2.02,1.2
P100000124060,cement,2025-12-30,2,2.16,1.1
P100000124061,cement,2025-01-20,1,0.7,0.7
P100000124061,cement,2025-02-02,1,1.22,1.22
P100000124061,cement,2025-02-08,1,0.97,0.97
P100000124061,cement,2025-02-12,1,2.48,2.48
P100000124062,cement,2025-01-03,1,1.34,1.34
P100000124062,cement,2025-01-05,1,1.39,1.39
P100000124062,cement,2025-01-06,1,0.9,0.9
P100000124062,cement,2025-01-07,1,1.36,1.36
P100000124062,cement,2025-01-08,1,1.02,1.02
P100000124062,cement,2025-01-09,1,1.14,1.14
P100000124062,cement,2025-01-12,1,1.09,1.09
P100000124062,cement,2025-01-17,1,1.42,1.42
P100000124062,cement,2025-01-19,1,1.47,1.47
P100000124062,cement,2025-01-21,1,0.87,0.87
P100000124062,cement,2025-01-22,1,1.48,1.48
P100000124062,cement,2025-01-23,1,1.15,1.15
P100000124062,cement,2025-01-25,1,1.0,1.0
P100000124062,cement,2025-01-26,1,1.03,1.03
P100000124062,cement,2025-01-28,1,1.55,1.55
P100000124062,cement,2025-01-29,1,1.21,1.21
P100000124062,cement,2025-01-31,1,1.66,1.66
P100000124062,cement,2025-02-01,1,1.49,1.49
P100000124062,cement,2025-02-03,1,2.21,2.21
P100000124062,cement,2025-02-04,1,0.9,0.9
P100000124062,cement,2025-02-06,1,1.43,1.43
P100000124062,cement,2025-02-07,1,1.66,1.66
P100000124062,cement,2025-02-08,1,1.24,1.24
P100000124062,cement,2025-02-10,1,1.28,1.28
P100000124062,cement,2025-02-12,2,2.13,1.16
P100000124062,cement,2025-02-13,1,1.36,1.36
P100000124062,cement,2025-02-14,1,1.15,1.15
P100000124062,cement,2025-02-16,1,1.86,1.86
P100000124062,cement,2025-02-17,1,1.61,1.61
P100000124062,cement,2025-02-18,1,1.71,1.71
P100000124062,cement,2025-02-22,1,1.94,1.94
P100000124062,cement,2025-02-23,1,1.68,1.68
P100000124062,cement,2025-02-24,1,1.13,1.13
P100000124062,cement,2025-02-26,1,1.39,1.39
P100000124062,cement,2025-02-27,1,1.6,1.6
P100000124062,cement,2025-02-28,1,1.82,1.82
P100000124062,cement,2025-03-01,1,1.88,1.88
P100000124062,cement,2025-03-03,1,1.42,1.42
P100000124062,cement,2025-03-05,1,1.38,1.38
P100000124062,cement,2025-03-06,1,1.62,1.62
P100000124062,cement,2025-03-10,1,1.73,1.73
P100000124062,cement,2025-03-11,1,1.75,1.75
P100000124062,cement,2025-03-12,1,1.59,1.59
P100000124062,cement,2025-03-16,1,3.38,3.38
P100000124062,cement,2025-03-21,1,1.4,1.4
P100000124062,cement,2025-03-26,1,2.51,2.51
P100000124062,cement,2025-04-01,1,1.15,1.15
P100000124062,cement,2025-04-04,1,1.57,1.57
P100000124062,cement,2025-04-06,1,2.27,2.27
P100000124062,cement,2025-04-12,1,2.69,2.69
P100000124062,cement,2025-04-13,2,10.76,5.55
P100000124062,cement,2025-04-15,1,0.76,0.76
P100000124062,cement,2025-04-17,1,1.1,1.1
P100000124062,cement,2025-04-18,1,5.48,5.48
P100000124062,cement,2025-04-22,1,1.53,1.53
P100000124062,cement,2025-04-23,1,1.47,1.47
P100000124062,cement,2025-05-03,1,1.04,1.04
P100000124062,cement,2025-05-06,1,0.68,0.68
P100000124062,cement,2025-05-07,1,2.05,2.05
P100000124062,cement,2025-05-09,1,4.31,4.31
P100000124062,cement,2025-05-19,1,1.53,1.53
P100000124062,cement,2025-06-13,1,4.06,4.06
P100000124062,cement,2025-07-18,1,1.01,1.01
P100000124062,cement,2025-08-04,1,0.86,0.86
P100000124062,cement,2025-08-07,1,1.14,1.14
P100000124062,cement,2025-08-09,1,0.67,0.67
P100000124062,cement,2025-09-18,1,1.08,1.08
P100000124062,cement,2025-09-30,1,1.43,1.43
P100000124062,cement,2025-10-07,1,0.89,0.89
P100000124062,cement,2025-10-10,1,1.02,1.02
P100000124062,cement,2025-10-14,1,0.63,0.63
P100000124062,cement,2025-10-15,1,1.0,1.0
P100000124062,cement,2025-10-16,1,1.26,1.26
P100000124062,cement,2025-10-17,2,2.67,1.35
P100000124062,cement,2025-10-18,2,2.51,1.45
P100000124062,cement,2025-10-19,1,1.79,1.79
P100000124062,cement,2025-10-20,2,2.33,1.3
P100000124062,cement,2025-10-21,2,1.8,0.9
P100000124062,cement,2025-10-23,1,0.77,0.77
P100000124062,cement,2025-10-26,1,1.92,1.92
P100000124062,cement,2025-10-31,1,1.45,1.45
P100000124062,cement,2025-11-01,1,1.41,1.41
P100000124062,cement,2025-11-03,1,0.98,0.98
P100000124062,cement,2025-11-04,1,1.33,1.33
P100000124062,cement,2025-11-05,1,0.95,0.95
P100000124062,cement,2025-11-06,1,1.46,1.46
P100000124062,cement,2025-11-07,1,1.76,1.76
P100000124062,cement,2025-11-08,1,0.97,0.97
P100000124062,cement,2025-11-09,1,1.15,1.15
P100000124062,cement,2025-11-10,2,3.0300000000000002,1.62
P100000124062,cement,2025-11-12,1,1.83,1.83
P100000124062,cement,2025-11-13,1,0.72,0.72
P100000124062,cement,2025-11-14,1,1.04,1.04
P100000124062,cement,2025-11-15,1,1.4,1.4
P100000124062,cement,2025-11-16,1,1.62,1.62
P100000124062,cement,2025-11-17,2,1.56,0.78
P100000124062,cement,2025-11-21,1,1.1,1.1
P100000124062,cement,2025-11-22,1,0.95,0.95
P100000124062,cement,2025-11-23,1,1.11,1.11
P100000124062,cement,2025-11-25,1,1.13,1.13
P100000124062,cement,2025-11-26,2,2.08,1.15
P100000124062,cement,2025-11-27,1,0.91,0.91
P100000124062,cement,2025-12-02,1,0.78,0.78
P100000124062,cement,2025-12-08,1,0.69,0.69
P100000124062,cement,2025-12-18,1,0.84,0.84
P100000124062,cement,2025-12-22,1,1.47,1.47
P100000124062,cement,2025-12-23,2,2.8,1.64
P100000124062,cement,2025-12-24,1,1.59,1.59
P100000124062,cement,2025-12-26,1,1.41,1.41
P100000124062,cement,2025-12-27,1,1.24,1.24
P100000124062,cement,2025-12-28,1,1.53,1.53
P100000124062,cement,2025-12-29,2,1.92,1.14
P100000124062,cement,2025-12-30,1,1.88,1.88
P100000124062,cement,2025-12-31,1,1.04,1.04
P100000124063,cement,2025-01-19,1,0.59,0.59
P100000124063,cement,2025-01-31,1,0.74,0.74
P100000124063,cement,2025-02-05,1,0.48,0.48
P100000124063,cement,2025-02-20,1,0.74,0.74
P100000124063,cement,2025-03-30,1,0.74,0.74
P100000124063,cement,2025-10-19,1,1.53,1.53
P100000124064,cement,2025-01-01,1,2.05,2.05
P100000124064,cement,2025-01-03,2,3.38,1.69
P100000124064,cement,2025-01-05,1,2.14,2.14
P100000124064,cement,2025-01-06,1,1.05,1.05
P100000124064,cement,2025-01-07,2,2.12,1.06
P100000124064,cement,2025-01-08,1,0.9,0.9
P100000124064,cement,2025-01-10,2,1.8199999999999998,0.98
P100000124064,cement,2025-01-11,1,1.47,1.47
P100000124064,cement,2025-01-12,1,1.71,1.71
P100000124064,cement,2025-01-15,1,0.81,0.81
P100000124064,cement,2025-01-16,2,1.65,1.24
P100000124064,cement,2025-01-17,2,1.85,0.97
P100000124064,cement,2025-01-18,1,1.6,1.6
P100000124064,cement,2025-01-19,1,1.13,1.13
P100000124064,cement,2025-01-20,2,2.2199999999999998,1.19
P100000124064,cement,2025-01-22,1,1.35,1.35
P100000124064,cement,2025-01-26,1,1.61,1.61
P100000124064,cement,2025-01-27,1,1.67,1.67
P100000124064,cement,2025-01-28,2,2.08,1.04
P100000124064,cement,2025-01-29,1,1.33,1.33
P100000124064,cement,2025-02-02,1,1.16,1.16
P100000124064,cement,2025-02-03,1,0.94,0.94
P100000124064,cement,2025-02-05,1,0.93,0.93
P100000124064,cement,2025-02-06,1,2.2,2.2
P100000124064,cement,2025-02-07,1,1.99,1.99
P100000124064,cement,2025-02-08,1,1.55,1.55
P100000124064,cement,2025-02-09,1,1.33,1.33
P100000124064,cement,2025-02-11,1,2.43,2.43
P100000124064,cement,2025-02-12,1,2.58,2.58
P100000124064,cement,2025-02-13,1,2.41,2.41
P100000124064,cement,2025-02-14,1,1.83,1.83
P100000124064,cement,2025-02-17,1,2.41,2.41
P100000124064,cement,2025-02-18,1,1.56,1.56
P100000124064,cement,2025-02-19,1,2.35,2.35
P100000124064,cement,2025-02-20,1,1.49,1.49
P100000124064,cement,2025-02-21,2,2.99,1.71
P100000124064,cement,2025-02-22,1,1.78,1.78
P100000124064,cement,2025-02-23,1,1.73,1.73
P100000124064,cement,2025-02-24,1,2.14,2.14
P100000124064,cement,2025-02-25,2,3.32,1.89
P100000124064,cement,2025-02-27,1,1.61,1.61
P100000124064,cement,2025-02-28,2,2.46,1.34
P100000124064,cement,2025-03-01,1,1.95,1.95
P100000124064,cement,2025-03-02,1,2.65,2.65
P100000124064,cement,2025-03-05,1,2.27,2.27
P100000124064,cement,2025-03-06,1,2.7,2.7
P100000124064,cement,2025-03-07,3,6.390000000000001,2.65
P100000124064,cement,2025-03-10,1,1.92,1.92
P100000124064,cement,2025-03-11,1,2.19,2.19
P100000124064,cement,2025-03-12,1,1.96,1.96
P100000124064,cement,2025-03-13,1,1.83,1.83
P100000124064,cement,2025-03-15,1,2.63,2.63
P100000124064,cement,2025-03-16,1,1.87,1.87
P100000124064,cement,2025-03-17,2,5.9399999999999995,3.37
P100000124064,cement,2025-03-18,1,2.25,2.25
P100000124064,cement,2025-03-21,1,2.1,2.1
P100000124064,cement,2025-03-22,1,2.8,2.8
P100000124064,cement,2025-03-24,1,1.95,1.95
P100000124064,cement,2025-03-25,1,2.45,2.45
P100000124064,cement,2025-03-26,2,9.06,5.62
P100000124064,cement,2025-03-27,1,1.87,1.87
P100000124064,cement,2025-03-28,1,3.29,3.29
P100000124064,cement,2025-03-29,2,5.49,3.01
P100000124064,cement,2025-03-31,2,4.23,2.23
P100000124064,cement,2025-04-01,1,1.59,1.59
P100000124064,cement,2025-04-06,1,3.27,3.27
P100000124064,cement,2025-04-07,2,11.42,6.14
P100000124064,cement,2025-04-08,1,2.59,2.59
P100000124064,cement,2025-04-09,2,2.67,1.55
P100000124064,cement,2025-04-13,2,3.6,1.8
P100000124064,cement,2025-04-14,1,1.95,1.95
P100000124064,cement,2025-04-16,2,2.37,1.44
P100000124064,cement,2025-04-17,1,1.13,1.13
P100000124064,cement,2025-04-19,1,3.54,3.54
P100000124064,cement,2025-04-22,1,3.64,3.64
P100000124064,cement,2025-04-23,1,1.98,1.98
P100000124064,cement,2025-04-24,1,1.61,1.61
P100000124064,cement,2025-04-27,1,1.8,1.8
P100000124064,cement,2025-04-28,3,4.14,1.86
P100000124064,cement,2025-04-30,2,0.66,0.33
P100000124064,cement,2025-05-04,1,1.87,1.87
P100000124064,cement,2025-05-05,2,2.8200000000000003,1.62
P100000124064,cement,2025-05-07,1,2.76,2.76
P100000124064,cement,2025-05-08,1,2.3,2.3
P100000124064,cement,2025-05-11,1,5.45,5.45
P100000124064,cement,2025-05-13,2,11.9,6.44
P100000124064,cement,2025-05-19,1,1.75,1.75
P100000124064,cement,2025-05-22,1,2.72,2.72
P100000124064,cement,2025-05-25,2,1.96,0.98
P100000124064,cement,2025-06-01,2,2.13,1.07
P100000124064,cement,2025-06-13,1,4.37,4.37
P100000124064,cement,2025-06-21,1,0.65,0.65
P100000124064,cement,2025-06-27,1,0.84,0.84
P100000124064,cement,2025-07-11,1,1.85,1.85
P100000124064,cement,2025-07-12,1,2.04,2.04
P100000124064,cement,2025-07-13,1,0.41,0.41
P100000124064,cement,2025-07-27,2,2.46,1.47
P100000124064,cement,2025-07-28,1,0.73,0.73
P100000124064,cement,2025-08-01,1,2.45,2.45
P100000124064,cement,2025-08-06,2,5.62,3.64
P100000124064,cement,2025-08-23,2,1.22,0.61
P100000124064,cement,2025-08-25,2,2.58,1.44
P100000124064,cement,2025-08-29,1,2.17,2.17
P100000124064,cement,2025-09-04,1,0.83,0.83
P100000124064,cement,2025-09-05,2,2.2,1.16
P100000124064,cement,2025-09-08,2,1.7,0.85
P100000124064,cement,2025-09-24,1,1.06,1.06
P100000124064,cement,2025-10-04,1,1.92,1.92
P100000124064,cement,2025-10-06,2,3.63,1.84
P100000124064,cement,2025-10-11,1,1.53,1.53
P100000124064,cement,2025-10-30,1,1.29,1.29
P100000124064,cement,2025-10-31,1,1.46,1.46
P100000124064,cement,2025-11-01,1,1.52,1.52
P100000124064,cement,2025-11-07,1,2.07,2.07
P100000124064,cement,2025-11-08,2,2.55,1.45
P100000124064,cement,2025-11-10,1,1.66,1.66
P100000124064,cement,2025-11-12,2,2.92,1.46
P100000124064,cement,2025-11-13,2,1.87,1.3
P100000124064,cement,2025-11-14,2,2.66,1.33
P100000124064,cement,2025-11-16,2,2.28,1.14
P100000124064,cement,2025-11-17,2,1.24,0.62
P100000124064,cement,2025-11-18,1,1.86,1.86
P100000124064,cement,2025-11-20,1,1.89,1.89
P100000124064,cement,2025-11-21,1,1.92,1.92
P100000124064,cement,2025-11-22,1,1.99,1.99
P100000124064,cement,2025-11-23,1,2.16,2.16
P100000124064,cement,2025-11-26,1,1.5,1.5
P100000124064,cement,2025-11-27,1,1.2,1.2
P100000124064,cement,2025-12-05,1,1.09,1.09
P100000124064,cement,2025-12-07,1,1.76,1.76
P100000124064,cement,2025-12-08,1,1.02,1.02
P100000124064,cement,2025-12-09,2,3.7199999999999998,2.19
P100000124064,cement,2025-12-10,1,1.22,1.22
P100000124064,cement,2025-12-12,1,1.84,1.84
P100000124064,cement,2025-12-13,1,1.14,1.14
P100000124064,cement,2025-12-14,1,1.96,1.96
P100000124064,cement,2025-12-15,2,1.69,0.9
P100000124064,cement,2025-12-17,1,1.22,1.22
P100000124064,cement,2025-12-18,1,1.12,1.12
P100000124064,cement,2025-12-19,2,1.79,1.08
P100000124064,cement,2025-12-23,1,1.61,1.61
P100000124064,cement,2025-12-24,1,1.42,1.42
P100000124064,cement,2025-12-25,1,1.76,1.76
P100000124064,cement,2025-12-26,3,2.5,1.12
P100000124064,cement,2025-12-27,1,1.08,1.08
P100000124064,cement,2025-12-28,2,1.82,0.91
P100000124064,cement,2025-12-29,2,2.2800000000000002,1.61
P100000124064,cement,2025-12-30,1,3.05,3.05
P100000124065,cement,2025-01-01,1,0.35,0.35
P100000124065,cement,2025-01-05,1,1.67,1.67
P100000124065,cement,2025-01-06,1,1.64,1.64
P100000124065,cement,2025-01-10,1,0.47,0.47
P100000124065,cement,2025-01-11,1,1.0,1.0
P100000124065,cement,2025-01-12,1,1.32,1.32
P100000124065,cement,2025-01-17,1,0.82,0.82
P100000124065,cement,2025-01-21,1,1.13,1.13
P100000124065,cement,2025-01-22,2,2.04,1.23
P100000124065,cement,2025-01-27,1,1.58,1.58
P100000124065,cement,2025-01-28,1,0.86,0.86
P100000124065,cement,2025-01-31,1,1.13,1.13
P100000124065,cement,2025-02-02,1,1.65,1.65
P100000124065,cement,2025-02-07,1,0.94,0.94
P100000124065,cement,2025-02-18,2,1.78,0.89
P100000124065,cement,2025-02-23,1,1.51,1.51
P100000124065,cement,2025-03-04,1,0.74,0.74
P100000124065,cement,2025-03-05,1,0.98,0.98
P100000124065,cement,2025-03-06,1,0.96,0.96
P100000124065,cement,2025-03-11,1,1.02,1.02
P100000124065,cement,2025-03-22,1,0.54,0.54
P100000124065,cement,2025-04-01,1,1.9,1.9
P100000124065,cement,2025-04-12,1,1.55,1.55
P100000124065,cement,2025-04-18,1,0.88,0.88
P100000124065,cement,2025-04-21,1,2.03,2.03
P100000124065,cement,2025-05-03,1,0.71,0.71
P100000124065,cement,2025-05-07,1,1.13,1.13
P100000124065,cement,2025-05-08,2,4.75,2.54
P100000124065,cement,2025-05-09,1,2.12,2.12
P100000124065,cement,2025-05-14,1,2.2,2.2
P100000124065,cement,2025-05-25,1,0.84,0.84
P100000124065,cement,2025-06-03,1,2.24,2.24
P100000124065,cement,2025-06-08,1,0.73,0.73
P100000124065,cement,2025-06-13,1,7.33,7.33
P100000124065,cement,2025-11-01,2,2.1799999999999997,1.19
P100000124065,cement,2025-11-05,1,1.26,1.26
P100000124065,cement,2025-11-06,1,1.27,1.27
P100000124065,cement,2025-12-03,1,1.03,1.03
P100000124065,cement,2025-12-07,1,1.6,1.6
P100000124065,cement,2025-12-08,2,1.44,0.72
P100000124065,cement,2025-12-13,1,0.94,0.94
P100000124065,cement,2025-12-14,1,1.58,1.58
P100000124065,cement,2025-12-19,2,2.07,1.15
P100000124066,cement,2025-01-04,1,0.47,0.47
P100000124066,cement,2025-01-05,1,0.87,0.87
P100000124066,cement,2025-01-08,1,1.12,1.12
P100000124066,cement,2025-01-09,1,1.39,1.39
P100000124066,cement,2025-01-11,1,1.14,1.14
P100000124066,cement,2025-01-16,1,0.45,0.45
P100000124066,cement,2025-01-20,1,0.67,0.67
P100000124066,cement,2025-01-25,1,0.88,0.88
P100000124066,cement,2025-01-26,1,0.85,0.85
P100000124066,cement,2025-01-31,1,1.19,1.19
P100000124066,cement,2025-02-01,1,1.17,1.17
P100000124066,cement,2025-02-05,1,1.37,1.37
P100000124066,cement,2025-02-06,1,1.3,1.3
P100000124066,cement,2025-02-10,1,0.84,0.84
P100000124066,cement,2025-02-11,2,1.73,1.17
P100000124066,cement,2025-02-12,1,1.25,1.25
P100000124066,cement,2025-02-16,1,0.84,0.84
P100000124066,cement,2025-02-21,1,1.23,1.23
P100000124066,cement,2025-02-22,1,1.34,1.34
P100000124066,cement,2025-02-27,1,0.93,0.93
P100000124066,cement,2025-03-09,1,1.55,1.55
P100000124066,cement,2025-03-10,1,0.94,0.94
P100000124066,cement,2025-03-19,1,1.14,1.14
P100000124066,cement,2025-03-20,1,1.16,1.16
P100000124066,cement,2025-03-25,1,1.4,1.4
P100000124066,cement,2025-03-31,1,1.45,1.45
P100000124066,cement,2025-04-11,2,2.73,1.51
P100000124066,cement,2025-06-13,2,10.5,5.35
P100000124066,cement,2025-08-05,1,0.76,0.76
P100000124066,cement,2025-08-27,1,0.76,0.76
P100000124066,cement,2025-09-23,1,1.67,1.67
P100000124066,cement,2025-10-09,1,0.96,0.96
P100000124066,cement,2025-10-13,1,0.96,0.96
P100000124066,cement,2025-10-14,1,0.5,0.5
P100000124066,cement,2025-10-19,1,0.71,0.71
P100000124066,cement,2025-10-20,1,0.9,0.9
P100000124066,cement,2025-10-24,1,0.82,0.82
P100000124066,cement,2025-10-25,1,0.76,0.76
P100000124066,cement,2025-11-15,1,0.9,0.9
P100000124066,cement,2025-11-21,1,0.62,0.62
P100000124066,cement,2025-12-01,1,0.78,0.78
P100000124066,cement,2025-12-07,2,1.69,0.96
P100000124066,cement,2025-12-10,1,0.44,0.44
P100000124066,cement,2025-12-12,1,0.68,0.68
P100000124066,cement,2025-12-16,1,1.05,1.05
P100000124066,cement,2025-12-17,1,0.4,0.4
P100000124066,cement,2025-12-18,1,1.15,1.15
P100000124066,cement,2025-12-22,1,1.14,1.14
P100000124066,cement,2025-12-23,1,1.04,1.04
P100000124066,cement,2025-12-27,1,0.93,0.93
P100000124066,cement,2025-12-28,1,0.94,0.94
P100000124067,cement,2025-01-02,2,2.1799999999999997,1.48
P100000124067,cement,2025-01-03,1,1.28,1.28
P100000124067,cement,2025-01-04,1,1.52,1.52
P100000124067,cement,2025-01-05,1,1.63,1.63
P100000124067,cement,2025-01-06,1,1.16,1.16
P100000124067,cement,2025-01-07,1,1.23,1.23
P100000124067,cement,2025-01-08,1,2.07,2.07
P100000124067,cement,2025-01-09,1,1.89,1.89
P100000124067,cement,2025-01-10,2,2.12,1.06
P100000124067,cement,2025-01-11,2,2.2800000000000002,1.2
P100000124067,cement,2025-01-12,2,1.6600000000000001,0.86
P100000124067,cement,2025-01-13,2,2.2199999999999998,1.41
P100000124067,cement,2025-01-14,1,1.03,1.03
P100000124067,cement,2025-01-15,1,1.72,1.72
P100000124067,cement,2025-01-16,1,1.15,1.15
P100000124067,cement,2025-01-17,1,0.89,0.89
P100000124067,cement,2025-01-18,1,0.91,0.91
P100000124067,cement,2025-01-19,1,1.85,1.85
P100000124067,cement,2025-01-20,2,1.86,0.93
P100000124067,cement,2025-01-21,1,1.93,1.93
P100000124067,cement,2025-01-22,1,0.88,0.88
P100000124067,cement,2025-01-24,1,1.62,1.62
P100000124067,cement,2025-01-25,1,1.85,1.85
P100000124067,cement,2025-01-26,1,1.36,1.36
P100000124067,cement,2025-01-27,1,0.95,0.95
P100000124067,cement,2025-01-28,1,0.74,0.74
P100000124067,cement,2025-01-29,1,2.39,2.39
P100000124067,cement,2025-01-30,1,2.33,2.33
P100000124067,cement,2025-01-31,2,3.61,1.91
P100000124067,cement,2025-02-01,2,1.98,1.13
P100000124067,cement,2025-02-02,1,1.16,1.16
P100000124067,cement,2025-02-03,2,1.46,0.73
P100000124067,cement,2025-02-04,1,1.74,1.74
P100000124067,cement,2025-02-05,2,1.8,0.9
P100000124067,cement,2025-02-06,2,1.76,0.88
P100000124067,cement,2025-02-07,1,0.95,0.95
P100000124067,cement,2025-02-08,2,2.45,1.28
P100000124067,cement,2025-02-09,1,1.82,1.82
P100000124067,cement,2025-02-10,2,2.9,2.03
P100000124067,cement,2025-02-11,2,1.97,0.99
P100000124067,cement,2025-02-12,1,0.88,0.88
P100000124067,cement,2025-02-13,1,0.96,0.96
P100000124067,cement,2025-02-14,1,1.51,1.51
P100000124067,cement,2025-02-15,1,1.92,1.92
P100000124067,cement,2025-02-16,2,2.34,1.33
P100000124067,cement,2025-02-17,1,1.76,1.76
P100000124067,cement,2025-02-19,2,1.72,0.86
P100000124067,cement,2025-02-20,2,1.7200000000000002,0.93
P100000124067,cement,2025-02-21,1,1.01,1.01
P100000124067,cement,2025-02-22,1,2.3,2.3
P100000124067,cement,2025-02-23,1,0.62,0.62
P100000124067,cement,2025-02-24,1,1.51,1.51
P100000124067,cement,2025-02-25,1,1.74,1.74
P100000124067,cement,2025-02-26,1,2.17,2.17
P100000124067,cement,2025-02-27,1,1.26,1.26
P100000124067,cement,2025-03-03,2,2.39,1.29
P100000124067,cement,2025-03-04,1,2.02,2.02
P100000124067,cement,2025-03-05,1,1.92,1.92
P100000124067,cement,2025-03-07,1,1.37,1.37
P100000124067,cement,2025-03-08,1,3.17,3.17
P100000124067,cement,2025-03-09,2,2.13,1.11
P100000124067,cement,2025-03-10,1,1.9,1.9
P100000124067,cement,2025-03-11,1,0.75,0.75
P100000124067,cement,2025-03-13,1,1.38,1.38
P100000124067,cement,2025-03-14,1,2.04,2.04
P100000124067,cement,2025-03-15,1,2.19,2.19
P100000124067,cement,2025-03-16,1,2.05,2.05
P100000124067,cement,2025-03-18,2,4.15,2.21
P100000124067,cement,2025-03-19,1,2.34,2.34
P100000124067,cement,2025-03-20,1,2.14,2.14
P100000124067,cement,2025-03-21,1,0.95,0.95
P100000124067,cement,2025-03-22,1,1.28,1.28
P100000124067,cement,2025-03-23,1,1.66,1.66
P100000124067,cement,2025-03-24,1,2.56,2.56
P100000124067,cement,2025-03-25,2,1.92,0.96
P100000124067,cement,2025-03-26,1,1.79,1.79
P100000124067,cement,2025-03-27,1,0.85,0.85
P100000124067,cement,2025-03-28,2,2.9,1.51
P100000124067,cement,2025-03-29,2,2.79,1.51
P100000124067,cement,2025-03-30,2,1.9,0.95
P100000124067,cement,2025-03-31,1,1.25,1.25
P100000124067,cement,2025-04-01,2,3.4799999999999995,2.51
P100000124067,cement,2025-04-03,1,1.23,1.23
P100000124067,cement,2025-04-04,1,1.28,1.28
P100000124067,cement,2025-04-05,2,2.71,1.5
P100000124067,cement,2025-04-07,1,1.31,1.31
P100000124067,cement,2025-04-08,1,1.44,1.44
P100000124067,cement,2025-04-10,1,1.85,1.85
P100000124067,cement,2025-04-11,1,2.5,2.5
P100000124067,cement,2025-04-12,1,0.88,0.88
P100000124067,cement,2025-04-13,1,1.04,1.04
P100000124067,cement,2025-04-14,1,2.64,2.64
P100000124067,cement,2025-04-15,1,2.29,2.29
P100000124067,cement,2025-04-16,2,2.54,1.27
P100000124067,cement,2025-04-17,1,1.41,1.41
P100000124067,cement,2025-04-20,1,2.09,2.09
P100000124067,cement,2025-04-21,1,1.61,1.61
P100000124067,cement,2025-04-22,1,2.27,2.27
P100000124067,cement,2025-04-23,1,0.85,0.85
P100000124067,cement,2025-04-24,2,2.4,1.51
P100000124067,cement,2025-04-25,1,1.95,1.95
P100000124067,cement,2025-04-26,1,2.05,2.05
P100000124067,cement,2025-04-27,1,1.34,1.34
P100000124067,cement,2025-04-28,1,0.52,0.52
P100000124067,cement,2025-04-29,1,1.16,1.16
P100000124067,cement,2025-04-30,1,2.14,2.14
P100000124067,cement,2025-05-01,1,1.14,1.14
P100000124067,cement,2025-05-02,1,2.33,2.33
P100000124067,cement,2025-05-03,1,0.78,0.78
P100000124067,cement,2025-05-05,1,1.89,1.89
P100000124067,cement,2025-05-06,1,1.26,1.26
P100000124067,cement,2025-05-07,2,1.87,1.28
P100000124067,cement,2025-05-10,1,1.44,1.44
P100000124067,cement,2025-05-12,2,4.91,2.55
P100000124067,cement,2025-05-13,2,5.58,2.95
P100000124067,cement,2025-05-14,1,0.45,0.45
P100000124067,cement,2025-05-17,1,1.15,1.15
P100000124067,cement,2025-05-18,1,2.87,2.87
P100000124067,cement,2025-07-09,1,1.16,1.16
P100000124067,cement,2025-07-15,1,1.2,1.2
P100000124067,cement,2025-07-22,1,1.37,1.37
P100000124067,cement,2025-07-25,1,1.13,1.13
P100000124067,cement,2025-08-05,1,1.28,1.28
P100000124067,cement,2025-08-06,1,0.67,0.67
P100000124067,cement,2025-08-10,1,1.73,1.73
P100000124067,cement,2025-09-08,1,1.18,1.18
P100000124067,cement,2025-09-10,1,1.53,1.53
P100000124067,cement,2025-09-12,2,1.71,0.93
P100000124067,cement,2025-09-16,1,3.81,3.81
P100000124067,cement,2025-09-22,1,0.92,0.92
P100000124067,cement,2025-09-23,1,1.11,1.11
P100000124067,cement,2025-09-25,1,0.97,0.97
P100000124067,cement,2025-10-02,1,1.14,1.14
P100000124067,cement,2025-10-03,2,1.9500000000000002,1.04
P100000124067,cement,2025-10-04,1,1.67,1.67
P100000124067,cement,2025-10-08,1,0.76,0.76
P100000124067,cement,2025-10-09,1,1.54,1.54
P100000124067,cement,2025-10-10,1,1.34,1.34
P100000124067,cement,2025-10-12,1,1.6,1.6
P100000124067,cement,2025-10-13,1,1.4,1.4
P100000124067,cement,2025-10-14,1,1.68,1.68
P100000124067,cement,2025-10-15,1,1.13,1.13
P100000124067,cement,2025-10-19,1,0.92,0.92
P100000124067,cement,2025-10-20,1,1.29,1.29
P100000124067,cement,2025-11-03,1,0.84,0.84
P100000124067,cement,2025-11-04,1,0.82,0.82
P100000124067,cement,2025-11-08,2,2.71,1.46
P100000124067,cement,2025-11-09,1,1.71,1.71
P100000124067,cement,2025-11-10,1,1.52,1.52
P100000124067,cement,2025-11-13,1,2.06,2.06
P100000124067,cement,2025-11-14,1,1.2,1.2
P100000124067,cement,2025-11-15,1,1.46,1.46
P100000124067,cement,2025-11-16,1,1.47,1.47
P100000124067,cement,2025-11-18,1,1.3,1.3
P100000124067,cement,2025-11-20,1,1.26,1.26
P100000124067,cement,2025-11-21,1,1.56,1.56
P100000124067,cement,2025-11-23,1,1.34,1.34
P100000124067,cement,2025-11-24,1,1.99,1.99
P100000124067,cement,2025-11-25,2,1.89,0.95
P100000124067,cement,2025-11-26,1,1.41,1.41
P100000124067,cement,2025-11-27,1,1.38,1.38
P100000124067,cement,2025-11-29,1,1.86,1.86
P100000124067,cement,2025-11-30,2,3.62,1.83
P100000124067,cement,2025-12-01,1,1.84,1.84
P100000124067,cement,2025-12-02,1,1.4,1.4
P100000124067,cement,2025-12-04,1,1.33,1.33
P100000124067,cement,2025-12-05,1,1.32,1.32
P100000124067,cement,2025-12-06,1,1.62,1.62
P100000124067,cement,2025-12-08,1,0.79,0.79
P100000124067,cement,2025-12-10,2,3.92,2.2
P100000124067,cement,2025-12-11,2,2.1500000000000004,1.1
P100000124067,cement,2025-12-12,1,1.63,1.63
P100000124067,cement,2025-12-13,1,1.28,1.28
P100000124067,cement,2025-12-15,1,1.64,1.64
P100000124067,cement,2025-12-16,1,1.12,1.12
P100000124067,cement,2025-12-17,1,1.36,1.36
P100000124067,cement,2025-12-18,1,1.2,1.2
P100000124067,cement,2025-12-19,1,0.82,0.82
P100000124067,cement,2025-12-20,1,1.54,1.54
P100000124067,cement,2025-12-21,2,1.7000000000000002,0.89
P100000124067,cement,2025-12-22,2,1.8,0.9
P100000124067,cement,2025-12-23,1,2.48,2.48
P100000124067,cement,2025-12-24,1,1.16,1.16
P100000124067,cement,2025-12-25,2,3.24,1.64
P100000124067,cement,2025-12-26,2,3.78,2.09
P100000124067,cement,2025-12-27,1,0.98,0.98
P100000124067,cement,2025-12-28,2,1.71,0.88
P100000124067,cement,2025-12-29,2,3.45,2.06
P100000124067,cement,2025-12-30,2,2.02,1.26
P100000124068,cement,2025-01-03,1,1.4,1.4
P100000124068,cement,2025-01-04,1,1.22,1.22
P100000124068,cement,2025-01-05,2,1.62,0.81
P100000124068,cement,2025-01-08,2,2.52,1.49
P100000124068,cement,2025-01-09,1,1.75,1.75
P100000124068,cement,2025-01-10,2,2.06,1.18
P100000124068,cement,2025-01-13,1,1.42,1.42
P100000124068,cement,2025-01-14,3,4.26,1.78
P100000124068,cement,2025-01-19,1,1.74,1.74
P100000124068,cement,2025-01-20,2,2.02,1.01
P100000124068,cement,2025-01-21,1,1.4,1.4
P100000124068,cement,2025-01-24,1,1.13,1.13
P100000124068,cement,2025-01-25,1,1.15,1.15
P100000124068,cement,2025-01-26,1,1.38,1.38
P100000124068,cement,2025-01-29,2,1.54,0.77
P100000124068,cement,2025-01-30,1,0.87,0.87
P100000124068,cement,2025-01-31,1,1.42,1.42
P100000124068,cement,2025-02-01,1,1.15,1.15
P100000124068,cement,2025-02-04,1,1.97,1.97
P100000124068,cement,2025-02-05,2,2.89,1.86
P100000124068,cement,2025-02-06,2,2.5700000000000003,1.57
P100000124068,cement,2025-02-09,1,0.62,0.62
P100000124068,cement,2025-02-10,1,1.54,1.54
P100000124068,cement,2025-02-11,2,2.16,1.08
P100000124068,cement,2025-02-14,1,0.87,0.87
P100000124068,cement,2025-02-15,1,1.68,1.68
P100000124068,cement,2025-02-19,1,1.03,1.03
P100000124068,cement,2025-02-20,1,1.67,1.67
P100000124068,cement,2025-02-21,2,2.32,1.16
P100000124068,cement,2025-02-22,2,1.66,0.83
P100000124068,cement,2025-03-02,3,2.57,0.86
P100000124068,cement,2025-03-03,2,3.04,1.61
P100000124068,cement,2025-03-04,2,2.62,1.74
P100000124068,cement,2025-03-05,1,1.92,1.92
P100000124068,cement,2025-03-08,1,1.23,1.23
P100000124068,cement,2025-03-09,2,2.02,1.01
P100000124068,cement,2025-03-10,2,2.65,1.52
P100000124068,cement,2025-03-13,1,1.54,1.54
P100000124068,cement,2025-03-15,2,1.88,0.94
P100000124068,cement,2025-03-18,1,1.32,1.32
P100000124068,cement,2025-03-19,2,2.32,1.16
P100000124068,cement,2025-03-21,1,1.19,1.19
P100000124068,cement,2025-03-24,1,2.51,2.51
P100000124068,cement,2025-03-25,1,2.24,2.24
P100000124068,cement,2025-03-26,2,3.06,2.16
P100000124068,cement,2025-03-29,2,3.25,1.72
P100000124068,cement,2025-03-30,1,3.17,3.17
P100000124068,cement,2025-03-31,2,2.76,1.38
P100000124068,cement,2025-04-03,1,1.92,1.92
P100000124068,cement,2025-04-04,2,3.7,2.18
P100000124068,cement,2025-04-05,2,2.83,1.71
P100000124068,cement,2025-04-06,1,1.83,1.83
P100000124068,cement,2025-04-11,1,1.26,1.26
P100000124068,cement,2025-04-14,2,1.86,0.93
P100000124068,cement,2025-04-15,1,2.03,2.03
P100000124068,cement,2025-04-16,2,3.59,1.83
P100000124068,cement,2025-04-21,2,3.12,1.56
P100000124068,cement,2025-04-22,1,2.16,2.16
P100000124068,cement,2025-04-27,1,2.68,2.68
P100000124068,cement,2025-05-06,3,2.77,1.21
P100000124068,cement,2025-05-08,1,1.29,1.29
P100000124068,cement,2025-05-13,1,2.16,2.16
P100000124068,cement,2025-05-18,1,2.58,2.58
P100000124068,cement,2025-05-23,1,2.07,2.07
P100000124068,cement,2025-06-14,1,1.55,1.55
P100000124068,cement,2025-06-25,1,2.68,2.68
P100000124068,cement,2025-07-03,1,1.21,1.21
P100000124068,cement,2025-07-19,1,0.57,0.57
P100000124068,cement,2025-08-01,1,1.05,1.05
P100000124068,cement,2025-08-04,1,0.68,0.68
P100000124068,cement,2025-08-05,1,1.49,1.49
P100000124068,cement,2025-08-06,2,1.6,0.8
P100000124068,cement,2025-08-11,1,1.57,1.57
P100000124068,cement,2025-08-16,1,2.37,2.37
P100000124068,cement,2025-08-17,1,1.33,1.33
P100000124068,cement,2025-08-21,2,2.64,1.59
P100000124068,cement,2025-08-22,1,1.4,1.4
P100000124068,cement,2025-09-02,1,1.37,1.37
P100000124068,cement,2025-09-06,1,1.31,1.31
P100000124068,cement,2025-09-07,2,2.0,1.0
P100000124068,cement,2025-09-11,2,3.66,1.99
P100000124068,cement,2025-09-12,2,2.06,1.03
P100000124068,cement,2025-09-17,1,2.65,2.65
P100000124068,cement,2025-09-22,1,1.95,1.95
P100000124068,cement,2025-09-23,1,2.51,2.51
P100000124068,cement,2025-09-27,2,3.25,1.78
P100000124068,cement,2025-09-28,2,3.27,1.92
P100000124068,cement,2025-10-03,1,1.63,1.63
P100000124068,cement,2025-10-04,1,1.29,1.29
P100000124068,cement,2025-10-08,2,3.8499999999999996,1.96
P100000124068,cement,2025-10-09,2,2.2,1.1
P100000124068,cement,2025-10-13,1,2.23,2.23
P100000124068,cement,2025-10-15,1,1.6,1.6
P100000124068,cement,2025-10-20,1,1.08,1.08
P100000124068,cement,2025-10-23,3,2.39,1.05
P100000124068,cement,2025-10-24,1,1.9,1.9
P100000124068,cement,2025-10-25,2,3.0100000000000002,2.37
P100000124068,cement,2025-10-31,1,1.17,1.17
P100000124068,cement,2025-11-03,1,1.42,1.42
P100000124068,cement,2025-11-04,1,1.38,1.38
P100000124068,cement,2025-11-05,2,2.96,1.88
P100000124068,cement,2025-11-08,4,3.2800000000000002,0.84
P100000124068,cement,2025-11-09,3,5.43,2.13
P100000124068,cement,2025-11-10,2,2.67,1.54
P100000124068,cement,2025-11-14,1,2.07,2.07
P100000124068,cement,2025-11-15,2,2.16,1.08
P100000124068,cement,2025-11-16,1,1.42,1.42
P100000124068,cement,2025-11-19,2,2.9699999999999998,1.77
P100000124068,cement,2025-11-20,2,1.88,0.94
P100000124068,cement,2025-11-21,1,1.69,1.69
P100000124068,cement,2025-11-24,1,1.19,1.19
P100000124068,cement,2025-11-25,2,3.85,2.2
P100000124068,cement,2025-11-26,3,2.16,0.72
P100000124068,cement,2025-11-30,1,1.23,1.23
P100000124068,cement,2025-12-02,1,0.62,0.62
P100000124068,cement,2025-12-05,1,0.87,0.87
P100000124068,cement,2025-12-06,2,2.61,2.05
P100000124068,cement,2025-12-10,4,4.44,1.33
P100000124068,cement,2025-12-11,3,4.3100000000000005,1.98
P100000124068,cement,2025-12-12,1,1.78,1.78
P100000124068,cement,2025-12-15,1,1.34,1.34
P100000124068,cement,2025-12-16,1,1.16,1.16
P100000124068,cement,2025-12-17,2,1.52,0.76
P100000124068,cement,2025-12-20,1,1.22,1.22
P100000124068,cement,2025-12-21,2,3.9899999999999998,2.07
P100000124068,cement,2025-12-22,2,2.43,1.78
P100000124068,cement,2025-12-23,2,2.02,1.45
P100000124068,cement,2025-12-26,2,1.98,1.25
P100000124068,cement,2025-12-27,2,2.34,1.17
P100000124069,cement,2025-01-03,1,1.12,1.12
P100000124069,cement,2025-01-04,1,1.14,1.14
P100000124069,cement,2025-01-05,1,0.81,0.81
P100000124069,cement,2025-01-09,1,1.07,1.07
P100000124069,cement,2025-01-10,1,0.68,0.68
P100000124069,cement,2025-01-15,1,1.17,1.17
P100000124069,cement,2025-01-16,1,0.41,0.41
P100000124069,cement,2025-01-19,1,0.92,0.92
P100000124069,cement,2025-01-20,1,1.11,1.11
P100000124069,cement,2025-01-25,1,1.07,1.07
P100000124069,cement,2025-01-26,1,0.68,0.68
P100000124069,cement,2025-01-27,1,1.05,1.05
P100000124069,cement,2025-01-30,1,1.11,1.11
P100000124069,cement,2025-01-31,1,1.12,1.12
P100000124069,cement,2025-02-01,2,1.9300000000000002,1.04
P100000124069,cement,2025-02-04,1,0.77,0.77
P100000124069,cement,2025-02-05,1,0.82,0.82
P100000124069,cement,2025-02-06,1,0.82,0.82
P100000124069,cement,2025-02-11,1,1.28,1.28
P100000124069,cement,2025-02-12,1,1.38,1.38
P100000124069,cement,2025-02-13,2,1.22,0.63
P100000124069,cement,2025-02-15,1,1.09,1.09
P100000124069,cement,2025-02-16,1,1.0,1.0
P100000124069,cement,2025-02-20,1,0.66,0.66
P100000124069,cement,2025-02-22,1,1.14,1.14
P100000124069,cement,2025-02-23,1,0.74,0.74
P100000124069,cement,2025-02-28,1,0.75,0.75
P100000124069,cement,2025-03-04,1,0.92,0.92
P100000124069,cement,2025-03-05,1,0.9,0.9
P100000124069,cement,2025-03-09,1,0.59,0.59
P100000124069,cement,2025-03-24,1,0.82,0.82
P100000124069,cement,2025-03-25,1,1.0,1.0
P100000124069,cement,2025-03-26,2,2.2800000000000002,1.34
P100000124069,cement,2025-03-27,1,0.89,0.89
P100000124069,cement,2025-03-30,1,0.87,0.87
P100000124069,cement,2025-04-05,1,0.84,0.84
P100000124069,cement,2025-04-21,1,1.03,1.03
P100000124069,cement,2025-04-22,1,1.87,1.87
P100000124069,cement,2025-04-23,1,0.91,0.91
P100000124069,cement,2025-04-26,1,1.18,1.18
P100000124069,cement,2025-05-12,1,1.17,1.17
P100000124069,cement,2025-05-13,1,3.71,3.71
P100000124069,cement,2025-05-18,1,1.13,1.13
P100000124069,cement,2025-05-23,1,1.06,1.06
P100000124069,cement,2025-06-25,1,1.03,1.03
P100000124069,cement,2025-08-10,1,0.57,0.57
P100000124069,cement,2025-08-16,1,0.75,0.75
P100000124069,cement,2025-09-08,1,0.97,0.97
P100000124069,cement,2025-09-12,1,0.76,0.76
P100000124069,cement,2025-09-14,1,0.65,0.65
P100000124069,cement,2025-09-22,1,0.68,0.68
P100000124069,cement,2025-09-23,1,1.16,1.16
P100000124069,cement,2025-10-14,1,0.64,0.64
P100000124069,cement,2025-10-15,1,0.77,0.77
P100000124069,cement,2025-10-19,1,0.72,0.72
P100000124069,cement,2025-10-24,1,0.92,0.92
P100000124069,cement,2025-11-04,1,1.01,1.01
P100000124069,cement,2025-11-05,1,0.65,0.65
P100000124069,cement,2025-11-09,1,0.6,0.6
P100000124069,cement,2025-11-10,1,1.07,1.07
P100000124069,cement,2025-11-14,1,0.88,0.88
P100000124069,cement,2025-11-15,1,1.07,1.07
P100000124069,cement,2025-11-16,1,1.28,1.28
P100000124069,cement,2025-11-18,1,0.65,0.65
P100000124069,cement,2025-11-20,1,0.99,0.99
P100000124069,cement,2025-11-21,1,0.62,0.62
P100000124069,cement,2025-11-25,1,0.95,0.95
P100000124069,cement,2025-11-26,1,0.99,0.99
P100000124069,cement,2025-12-01,1,0.88,0.88
P100000124069,cement,2025-12-02,1,0.97,0.97
P100000124069,cement,2025-12-03,1,0.64,0.64
P100000124069,cement,2025-12-05,1,0.82,0.82
P100000124069,cement,2025-12-06,1,0.44,0.44
P100000124069,cement,2025-12-07,1,0.85,0.85
P100000124069,cement,2025-12-08,1,1.25,1.25
P100000124069,cement,2025-12-11,1,0.66,0.66
P100000124069,cement,2025-12-12,1,0.8,0.8
P100000124069,cement,2025-12-13,1,0.63,0.63
P100000124069,cement,2025-12-16,1,1.12,1.12
P100000124069,cement,2025-12-17,1,1.11,1.11
P100000124069,cement,2025-12-18,1,1.02,1.02
P100000124069,cement,2025-12-19,1,0.56,0.56
P100000124069,cement,2025-12-21,1,0.83,0.83
P100000124069,cement,2025-12-22,1,0.56,0.56
P100000124069,cement,2025-12-23,1,0.61,0.61
P100000124069,cement,2025-12-28,1,1.77,1.77
P100000124069,cement,2025-12-30,1,0.85,0.85
P100000124070,cement,2025-01-01,1,1.55,1.55
P100000124070,cement,2025-01-04,1,1.17,1.17
P100000124070,cement,2025-01-05,1,1.64,1.64
P100000124070,cement,2025-01-06,1,1.03,1.03
P100000124070,cement,2025-01-11,1,1.97,1.97
P100000124070,cement,2025-01-12,1,1.32,1.32
P100000124070,cement,2025-01-17,1,1.67,1.67
P100000124070,cement,2025-01-21,1,1.68,1.68
P100000124070,cement,2025-01-22,1,2.01,2.01
P100000124070,cement,2025-01-27,1,1.84,1.84
P100000124070,cement,2025-01-28,1,0.97,0.97
P100000124070,cement,2025-02-01,1,2.84,2.84
P100000124070,cement,2025-02-02,1,1.51,1.51
P100000124070,cement,2025-02-07,1,0.82,0.82
P100000124070,cement,2025-02-13,1,1.54,1.54
P100000124070,cement,2025-02-18,1,1.59,1.59
P100000124070,cement,2025-02-23,1,1.79,1.79
P100000124070,cement,2025-02-28,1,1.53,1.53
P100000124070,cement,2025-03-01,1,1.79,1.79
P100000124070,cement,2025-03-05,1,1.38,1.38
P100000124070,cement,2025-03-06,1,1.9,1.9
P100000124070,cement,2025-03-16,1,1.77,1.77
P100000124070,cement,2025-03-17,1,1.98,1.98
P100000124070,cement,2025-03-22,1,1.25,1.25
P100000124070,cement,2025-04-01,1,1.24,1.24
P100000124070,cement,2025-04-12,1,1.71,1.71
P100000124070,cement,2025-04-17,1,1.89,1.89
P100000124070,cement,2025-04-18,1,1.62,1.62
P100000124070,cement,2025-04-21,1,2.08,2.08
P100000124070,cement,2025-04-23,1,2.1,2.1
P100000124070,cement,2025-04-27,1,1.57,1.57
P100000124070,cement,2025-05-09,1,2.21,2.21
P100000124070,cement,2025-06-05,1,2.68,2.68
P100000124070,cement,2025-08-11,1,0.88,0.88
P100000124070,cement,2025-09-08,1,1.25,1.25
P100000124070,cement,2025-09-12,1,0.73,0.73
P100000124070,cement,2025-09-19,1,1.61,1.61
P100000124070,cement,2025-10-16,1,0.88,0.88
P100000124070,cement,2025-10-21,1,0.4,0.4
P100000124070,cement,2025-11-04,1,1.35,1.35
P100000124070,cement,2025-11-12,1,0.95,0.95
P100000124070,cement,2025-11-15,1,0.91,0.91
P100000124070,cement,2025-11-17,1,1.06,1.06
P100000124070,cement,2025-11-22,1,0.95,0.95
P100000124070,cement,2025-11-28,1,0.63,0.63
P100000124070,cement,2025-12-17,1,0.94,0.94
P100000124070,cement,2025-12-18,2,2.89,2.08
P100000124070,cement,2025-12-22,1,1.6,1.6
P100000124070,cement,2025-12-23,1,0.91,0.91
P100000124071,cement,2025-03-23,1,1.12,1.12
P100000124071,cement,2025-12-24,1,0.23,0.23
P100000124072,cement,2025-01-02,1,0.87,0.87
P100000124072,cement,2025-01-03,2,1.45,0.82
P100000124072,cement,2025-01-04,1,1.71,1.71
P100000124072,cement,2025-01-07,2,3.05,1.76
P100000124072,cement,2025-01-08,1,1.9,1.9
P100000124072,cement,2025-01-10,1,1.08,1.08
P100000124072,cement,2025-01-12,1,0.62,0.62
P100000124072,cement,2025-01-13,1,1.43,1.43
P100000124072,cement,2025-01-14,1,1.19,1.19
P100000124072,cement,2025-01-19,1,0.76,0.76
P100000124072,cement,2025-01-20,1,0.95,0.95
P100000124072,cement,2025-01-22,1,0.88,0.88
P100000124072,cement,2025-01-23,1,0.84,0.84
P100000124072,cement,2025-01-24,1,1.63,1.63
P100000124072,cement,2025-01-25,1,1.64,1.64
P100000124072,cement,2025-02-01,1,0.61,0.61
P100000124072,cement,2025-02-03,1,1.45,1.45
P100000124072,cement,2025-02-04,1,1.08,1.08
P100000124072,cement,2025-02-05,1,1.48,1.48
P100000124072,cement,2025-02-06,1,1.06,1.06
P100000124072,cement,2025-02-07,1,0.67,0.67
P100000124072,cement,2025-02-08,1,1.94,1.94
P100000124072,cement,2025-02-09,1,1.41,1.41
P100000124072,cement,2025-02-10,2,1.6,0.8
P100000124072,cement,2025-02-11,2,2.9,1.47
P100000124072,cement,2025-02-12,1,1.04,1.04
P100000124072,cement,2025-02-13,1,1.08,1.08
P100000124072,cement,2025-02-15,1,1.4,1.4
P100000124072,cement,2025-02-18,1,0.82,0.82
P100000124072,cement,2025-02-19,1,1.12,1.12
P100000124072,cement,2025-02-20,1,0.99,0.99
P100000124072,cement,2025-02-21,1,1.17,1.17
P100000124072,cement,2025-02-23,3,3.48,1.36
P100000124072,cement,2025-02-26,1,1.32,1.32
P100000124072,cement,2025-02-27,1,1.03,1.03
P100000124072,cement,2025-03-01,1,0.83,0.83
P100000124072,cement,2025-03-02,1,0.97,0.97
P100000124072,cement,2025-03-04,1,2.04,2.04
P100000124072,cement,2025-03-05,2,2.54,1.28
P100000124072,cement,2025-03-08,1,1.25,1.25
P100000124072,cement,2025-03-09,1,1.79,1.79
P100000124072,cement,2025-03-13,1,1.44,1.44
P100000124072,cement,2025-03-14,1,0.95,0.95
P100000124072,cement,2025-03-17,1,1.25,1.25
P100000124072,cement,2025-04-08,1,0.97,0.97
P100000124072,cement,2025-04-26,1,1.33,1.33
P100000124072,cement,2025-05-22,1,0.77,0.77
P100000124072,cement,2025-06-13,1,2.05,2.05
P100000124072,cement,2025-08-15,1,1.49,1.49
P100000124072,cement,2025-10-13,1,1.07,1.07
P100000124072,cement,2025-11-03,1,0.86,0.86
P100000124072,cement,2025-11-04,1,1.25,1.25
P100000124072,cement,2025-11-08,1,0.82,0.82
P100000124072,cement,2025-11-09,1,1.16,1.16
P100000124072,cement,2025-11-12,1,0.79,0.79
P100000124072,cement,2025-11-14,1,1.17,1.17
P100000124072,cement,2025-11-15,1,1.29,1.29
P100000124072,cement,2025-11-18,1,0.95,0.95
P100000124072,cement,2025-11-23,2,2.8200000000000003,1.79
P100000124072,cement,2025-11-24,1,0.96,0.96
P100000124072,cement,2025-11-25,1,0.73,0.73
P100000124072,cement,2025-11-29,1,0.6,0.6
P100000124072,cement,2025-11-30,1,0.95,0.95
P100000124072,cement,2025-12-01,1,1.7,1.7
P100000124072,cement,2025-12-05,1,1.2,1.2
P100000124072,cement,2025-12-06,1,1.11,1.11
P100000124072,cement,2025-12-11,1,1.31,1.31
P100000124072,cement,2025-12-14,1,0.79,0.79
P100000124072,cement,2025-12-15,1,1.21,1.21
P100000124072,cement,2025-12-16,1,1.45,1.45
P100000124072,cement,2025-12-22,2,4.16,3.62
P100000124072,cement,2025-12-31,1,1.33,1.33
P100000124073,cement,2025-01-14,1,0.61,0.61
P100000124073,cement,2025-01-21,1,0.45,0.45
P100000124073,cement,2025-01-26,1,0.78,0.78
P100000124073,cement,2025-01-30,1,0.87,0.87
P100000124073,cement,2025-01-31,1,0.76,0.76
P100000124073,cement,2025-02-16,1,0.76,0.76
P100000124073,cement,2025-02-22,1,0.65,0.65
P100000124073,cement,2025-03-04,1,0.84,0.84
P100000124073,cement,2025-03-23,1,0.41,0.41
P100000124073,cement,2025-03-30,1,0.73,0.73
P100000124073,cement,2025-03-31,2,0.56,0.32
P100000124073,cement,2025-04-03,1,0.27,0.27
P100000124073,cement,2025-04-04,1,1.03,1.03
P100000124073,cement,2025-04-05,1,0.28,0.28
P100000124073,cement,2025-04-10,1,1.04,1.04
P100000124073,cement,2025-04-27,1,0.71,0.71
P100000124073,cement,2025-05-05,1,0.65,0.65
P100000124073,cement,2025-05-07,1,0.87,0.87
P100000124073,cement,2025-05-12,1,0.86,0.86
P100000124073,cement,2025-05-29,1,0.65,0.65
P100000124073,cement,2025-06-08,1,1.01,1.01
P100000124073,cement,2025-10-03,1,0.75,0.75
P100000124073,cement,2025-10-19,1,0.71,0.71
P100000124073,cement,2025-10-20,1,0.91,0.91
P100000124073,cement,2025-10-25,1,0.82,0.82
P100000124073,cement,2025-10-30,1,0.78,0.78
P100000124073,cement,2025-11-15,1,0.45,0.45
P100000124073,cement,2025-11-26,1,0.49,0.49
P100000124073,cement,2025-12-06,1,0.47,0.47
P100000124073,cement,2025-12-22,1,0.56,0.56
P100000124073,cement,2025-12-28,1,0.56,0.56
P100000124074,cement,2025-01-01,1,1.57,1.57
P100000124074,cement,2025-01-02,4,4.67,1.64
P100000124074,cement,2025-01-03,1,2.71,2.71
P100000124074,cement,2025-01-04,1,2.27,2.27
P100000124074,cement,2025-01-05,1,1.27,1.27
P100000124074,cement,2025-01-06,1,0.98,0.98
P100000124074,cement,2025-01-07,2,2.96,1.78
P100000124074,cement,2025-01-08,1,1.6,1.6
P100000124074,cement,2025-01-09,1,1.34,1.34
P100000124074,cement,2025-01-11,1,1.13,1.13
P100000124074,cement,2025-01-12,1,1.0,1.0
P100000124074,cement,2025-01-13,4,3.6799999999999997,1.27
P100000124074,cement,2025-01-15,1,1.19,1.19
P100000124074,cement,2025-01-16,1,1.17,1.17
P100000124074,cement,2025-01-17,1,1.57,1.57
P100000124074,cement,2025-01-18,2,2.67,1.9
P100000124074,cement,2025-01-19,2,3.42,1.85
P100000124074,cement,2025-01-20,1,1.89,1.89
P100000124074,cement,2025-01-21,1,1.16,1.16
P100000124074,cement,2025-01-22,1,1.63,1.63
P100000124074,cement,2025-01-23,3,3.62,1.31
P100000124074,cement,2025-01-24,3,3.88,1.72
P100000124074,cement,2025-01-25,1,1.08,1.08
P100000124074,cement,2025-01-28,2,3.45,2.09
P100000124074,cement,2025-01-29,2,4.39,2.4
P100000124074,cement,2025-01-30,1,0.94,0.94
P100000124074,cement,2025-01-31,1,1.03,1.03
P100000124074,cement,2025-02-01,1,1.14,1.14
P100000124074,cement,2025-02-02,1,1.68,1.68
P100000124074,cement,2025-02-03,1,1.36,1.36
P100000124074,cement,2025-02-04,1,1.98,1.98
P100000124074,cement,2025-02-05,1,1.3,1.3
P100000124074,cement,2025-02-06,1,1.23,1.23
P100000124074,cement,2025-02-07,1,1.28,1.28
P100000124074,cement,2025-02-13,1,2.4,2.4
P100000124074,cement,2025-02-14,3,5.63,2.07
P100000124074,cement,2025-02-15,1,2.04,2.04
P100000124074,cement,2025-02-16,1,1.66,1.66
P100000124074,cement,2025-02-18,1,1.99,1.99
P100000124074,cement,2025-02-19,1,1.37,1.37
P100000124074,cement,2025-02-20,1,1.67,1.67
P100000124074,cement,2025-02-21,3,3.28,1.38
P100000124074,cement,2025-02-22,1,1.27,1.27
P100000124074,cement,2025-02-23,1,1.88,1.88
P100000124074,cement,2025-02-24,1,1.17,1.17
P100000124074,cement,2025-02-25,2,1.74,0.87
P100000124074,cement,2025-02-26,1,1.14,1.14
P100000124074,cement,2025-02-27,1,0.87,0.87
P100000124074,cement,2025-02-28,1,1.96,1.96
P100000124074,cement,2025-03-01,1,1.44,1.44
P100000124074,cement,2025-03-02,2,3.24,1.71
P100000124074,cement,2025-03-03,2,3.61,1.88
P100000124074,cement,2025-03-04,1,1.92,1.92
P100000124074,cement,2025-03-05,2,2.27,1.21
P100000124074,cement,2025-03-07,3,5.66,2.34
P100000124074,cement,2025-03-08,2,4.08,2.55
P100000124074,cement,2025-03-09,1,2.54,2.54
P100000124074,cement,2025-03-10,1,1.64,1.64
P100000124074,cement,2025-03-11,1,1.54,1.54
P100000124074,cement,2025-03-12,2,4.21,2.11
P100000124074,cement,2025-03-13,1,1.55,1.55
P100000124074,cement,2025-03-14,1,1.41,1.41
P100000124074,cement,2025-03-16,1,1.98,1.98
P100000124074,cement,2025-03-17,2,1.4,0.7
P100000124074,cement,2025-03-18,4,6.4,2.18
P100000124074,cement,2025-03-20,2,1.62,0.81
P100000124074,cement,2025-03-21,1,2.13,2.13
P100000124074,cement,2025-03-22,1,1.4,1.4
P100000124074,cement,2025-03-27,1,0.88,0.88
P100000124074,cement,2025-03-28,1,1.26,1.26
P100000124074,cement,2025-03-29,2,2.79,1.54
P100000124074,cement,2025-04-02,2,2.2199999999999998,1.13
P100000124074,cement,2025-04-03,3,5.49,2.0
P100000124074,cement,2025-04-04,1,1.66,1.66
P100000124074,cement,2025-04-05,1,2.23,2.23
P100000124074,cement,2025-04-06,1,2.34,2.34
P100000124074,cement,2025-04-07,1,2.45,2.45
P100000124074,cement,2025-04-08,2,3.45,1.78
P100000124074,cement,2025-04-12,1,1.48,1.48
P100000124074,cement,2025-04-13,1,1.78,1.78
P100000124074,cement,2025-04-15,1,2.89,2.89
P100000124074,cement,2025-04-16,1,1.87,1.87
P100000124074,cement,2025-04-18,1,1.35,1.35
P100000124074,cement,2025-04-19,1,1.43,1.43
P100000124074,cement,2025-04-21,1,1.36,1.36
P100000124074,cement,2025-04-28,1,2.49,2.49
P100000124074,cement,2025-04-29,1,2.16,2.16
P100000124074,cement,2025-04-30,1,1.57,1.57
P100000124074,cement,2025-05-06,1,0.89,0.89
P100000124074,cement,2025-05-10,1,0.97,0.97
P100000124074,cement,2025-06-01,1,1.34,1.34
P100000124074,cement,2025-06-05,1,1.1,1.1
P100000124074,cement,2025-06-07,1,1.26,1.26
P100000124074,cement,2025-06-08,1,0.98,0.98
P100000124074,cement,2025-09-08,1,0.81,0.81
P100000124074,cement,2025-09-09,1,0.42,0.42
P100000124074,cement,2025-09-24,1,1.14,1.14
P100000124074,cement,2025-10-01,1,1.01,1.01
P100000124074,cement,2025-10-02,1,1.36,1.36
P100000124074,cement,2025-10-06,3,3.87,1.63
P100000124074,cement,2025-10-07,2,1.9500000000000002,1.11
P100000124074,cement,2025-10-08,1,0.41,0.41
P100000124074,cement,2025-10-10,1,1.4,1.4
P100000124074,cement,2025-10-11,1,1.32,1.32
P100000124074,cement,2025-10-12,3,3.7,1.35
P100000124074,cement,2025-10-13,1,1.67,1.67
P100000124074,cement,2025-10-15,1,1.9,1.9
P100000124074,cement,2025-10-16,1,1.45,1.45
P100000124074,cement,2025-10-17,2,2.71,1.39
P100000124074,cement,2025-10-18,2,3.67,2.14
P100000124074,cement,2025-10-19,1,1.16,1.16
P100000124074,cement,2025-10-20,1,1.27,1.27
P100000124074,cement,2025-10-21,2,2.71,1.46
P100000124074,cement,2025-10-22,2,2.59,1.56
P100000124074,cement,2025-10-23,1,1.4,1.4
P100000124074,cement,2025-10-24,2,1.71,0.95
P100000124074,cement,2025-11-02,1,1.02,1.02
P100000124074,cement,2025-11-03,1,1.15,1.15
P100000124074,cement,2025-11-04,1,1.41,1.41
P100000124074,cement,2025-11-05,1,1.16,1.16
P100000124074,cement,2025-11-06,1,1.04,1.04
P100000124074,cement,2025-11-07,2,3.06,1.58
P100000124074,cement,2025-11-08,2,1.62,0.81
P100000124074,cement,2025-11-09,1,1.6,1.6
P100000124074,cement,2025-11-12,1,1.37,1.37
P100000124074,cement,2025-11-13,2,2.21,1.29
P100000124074,cement,2025-11-15,2,1.7,0.85
P100000124074,cement,2025-11-16,1,0.98,0.98
P100000124074,cement,2025-11-18,3,4.95,1.85
P100000124074,cement,2025-11-19,1,2.13,2.13
P100000124074,cement,2025-11-20,2,2.14,1.27
P100000124074,cement,2025-11-21,1,1.32,1.32
P100000124074,cement,2025-11-22,1,1.36,1.36
P100000124074,cement,2025-11-23,1,1.3,1.3
P100000124074,cement,2025-11-24,1,1.2,1.2
P100000124074,cement,2025-11-25,1,1.68,1.68
P100000124074,cement,2025-11-27,2,2.41,1.41
P100000124074,cement,2025-11-28,2,3.0300000000000002,1.58
P100000124074,cement,2025-11-29,5,5.56,1.39
P100000124074,cement,2025-11-30,1,1.35,1.35
P100000124074,cement,2025-12-01,2,1.98,0.99
P100000124074,cement,2025-12-02,1,1.49,1.49
P100000124074,cement,2025-12-03,2,3.24,1.98
P100000124074,cement,2025-12-04,3,3.65,1.66
P100000124074,cement,2025-12-05,1,1.04,1.04
P100000124074,cement,2025-12-10,1,0.76,0.76
P100000124074,cement,2025-12-11,1,0.92,0.92
P100000124074,cement,2025-12-12,1,0.7,0.7
P100000124074,cement,2025-12-16,1,1.15,1.15
P100000124074,cement,2025-12-18,1,0.86,0.86
P100000124074,cement,2025-12-22,1,0.71,0.71
P100000124074,cement,2025-12-23,1,1.34,1.34
P100000124074,cement,2025-12-26,1,0.85,0.85
P100000124074,cement,2025-12-31,1,0.77,0.77
P100000124078,cement,2025-03-13,1,5.07,5.07
P100000124078,cement,2025-03-17,1,1.03,1.03
P100000124078,cement,2025-12-20,2,11.0,7.68
P100000124082,cement,2025-03-14,2,13.7,6.85
P100000124084,cement,2025-06-03,1,4.56,4.56
P100000124088,cement,2025-01-10,1,1.31,1.31
P100000124088,cement,2025-02-26,1,1.0,1.0
P100000124088,cement,2025-03-09,1,1.09,1.09
P100000124088,cement,2025-09-17,1,0.85,0.85
P100000124088,cement,2025-09-28,1,1.38,1.38
P100000124088,cement,2025-10-23,1,1.61,1.61
P100000124091,cement,2025-01-28,1,3.53,3.53
P100000124092,cement,2025-04-11,1,8.0,8.0
P100000124092,cement,2025-04-16,1,3.42,3.42
P100000124092,cement,2025-04-17,1,8.26,8.26
P100000124096,cement,2025-11-01,1,1.49,1.49
P100000124097,cement,2025-01-03,1,1.26,1.26
P100000124097,cement,2025-01-11,1,0.48,0.48
P100000124097,cement,2025-01-21,1,0.84,0.84
P100000124097,cement,2025-01-27,1,0.9,0.9
P100000124097,cement,2025-02-14,2,17.88,8.94
P100000124097,cement,2025-11-16,1,0.59,0.59
P100000124097,cement,2025-12-02,1,0.57,0.57
P100000124097,cement,2025-12-08,1,0.63,0.63
P100000124098,cement,2025-01-07,1,0.4,0.4
P100000124098,cement,2025-01-09,1,0.39,0.39
P100000124098,cement,2025-01-14,1,0.5,0.5
P100000124098,cement,2025-01-22,1,0.58,0.58
P100000124098,cement,2025-01-23,2,0.9299999999999999,0.48
P100000124098,cement,2025-01-25,1,0.37,0.37
P100000124098,cement,2025-02-05,1,0.29,0.29
P100000124098,cement,2025-02-08,1,0.54,0.54
P100000124098,cement,2025-02-26,1,0.58,0.58
P100000124098,cement,2025-02-28,1,0.45,0.45
P100000124098,cement,2025-03-04,1,0.73,0.73
P100000124098,cement,2025-03-05,1,0.57,0.57
P100000124098,cement,2025-03-06,1,0.87,0.87
P100000124098,cement,2025-03-08,1,0.73,0.73
P100000124098,cement,2025-03-09,1,0.71,0.71
P100000124098,cement,2025-03-14,1,0.71,0.71
P100000124098,cement,2025-03-26,1,0.95,0.95
P100000124098,cement,2025-03-28,1,0.77,0.77
P100000124098,cement,2025-03-29,1,0.94,0.94
P100000124098,cement,2025-04-27,1,1.36,1.36
P100000124098,cement,2025-08-05,1,1.25,1.25
P100000124098,cement,2025-09-10,1,0.74,0.74
P100000124098,cement,2025-10-08,1,1.13,1.13
P100000124098,cement,2025-10-10,1,0.96,0.96
P100000124098,cement,2025-10-17,1,1.37,1.37
P100000124098,cement,2025-10-19,1,0.64,0.64
P100000124098,cement,2025-10-22,1,0.98,0.98
P100000124098,cement,2025-11-14,1,0.43,0.43
P100000124098,cement,2025-11-15,1,0.45,0.45
P100000124098,cement,2025-11-18,1,1.04,1.04
P100000124098,cement,2025-11-19,1,0.57,0.57
P100000124098,cement,2025-11-22,1,1.12,1.12
P100000124098,cement,2025-11-25,1,0.64,0.64
P100000124098,cement,2025-11-28,1,0.52,0.52
P100000124098,cement,2025-11-29,1,0.55,0.55
P100000124098,cement,2025-11-30,1,0.34,0.34
P100000124098,cement,2025-12-04,1,0.94,0.94
P100000124098,cement,2025-12-05,1,0.9,0.9
P100000124098,cement,2025-12-06,1,0.67,0.67
P100000124098,cement,2025-12-07,1,0.95,0.95
P100000124098,cement,2025-12-08,1,0.96,0.96
P100000124098,cement,2025-12-11,1,0.48,0.48
P100000124098,cement,2025-12-16,1,0.49,0.49
P100000124098,cement,2025-12-20,1,0.79,0.79
P100000124098,cement,2025-12-22,1,0.88,0.88
P100000124098,cement,2025-12-24,1,0.94,0.94
P100000124098,cement,2025-12-26,1,1.05,1.05
P100000124098,cement,2025-12-27,1,0.76,0.76
P100000124098,cement,2025-12-29,1,0.6,0.6
P100000124098,cement,2025-12-31,2,1.28,0.72
P100000124100,cement,2025-03-13,1,1.01,1.01
P100000124100,cement,2025-05-11,1,0.75,0.75
P100000124106,cement,2025-02-25,1,2.48,2.48
P100000124107,cement,2025-01-05,1,0.54,0.54
P100000124107,cement,2025-01-10,1,0.49,0.49
P100000124107,cement,2025-01-11,1,0.41,0.41
P100000124107,cement,2025-01-16,1,0.68,0.68
P100000124107,cement,2025-01-26,1,0.61,0.61
P100000124107,cement,2025-01-31,1,0.47,0.47
P100000124107,cement,2025-02-22,1,0.58,0.58
P100000124107,cement,2025-03-04,1,0.4,0.4
P100000124107,cement,2025-03-15,1,1.01,1.01
P100000124107,cement,2025-05-07,1,0.75,0.75
P100000124107,cement,2025-09-07,1,0.64,0.64
P100000124107,cement,2025-10-09,1,0.44,0.44
P100000124107,cement,2025-10-10,1,0.79,0.79
P100000124107,cement,2025-10-21,1,0.76,0.76
P100000124107,cement,2025-10-25,1,0.75,0.75
P100000124107,cement,2025-11-21,1,0.49,0.49
P100000124107,cement,2025-12-01,1,0.65,0.65
P100000124107,cement,2025-12-07,1,0.48,0.48
P100000124107,cement,2025-12-12,1,0.56,0.56
P100000124107,cement,2025-12-17,1,0.65,0.65
P100000124107,cement,2025-12-24,1,0.67,0.67
P100000124107,cement,2025-12-28,1,0.48,0.48
P100000124109,cement,2025-02-24,1,3.62,3.62
P100000124110,cement,2025-01-15,1,0.57,0.57
P100000124110,cement,2025-01-20,1,0.41,0.41
P100000124110,cement,2025-02-05,1,0.74,0.74
P100000124110,cement,2025-02-10,1,0.45,0.45
P100000124110,cement,2025-02-11,1,0.66,0.66
P100000124110,cement,2025-02-16,1,0.8,0.8
P100000124110,cement,2025-02-26,1,0.5,0.5
P100000124110,cement,2025-03-04,1,0.89,0.89
P100000124110,cement,2025-03-09,1,0.75,0.75
P100000124110,cement,2025-04-20,1,1.07,1.07
P100000124110,cement,2025-04-26,1,1.27,1.27
P100000124110,cement,2025-05-01,1,1.09,1.09
P100000124110,cement,2025-05-07,1,0.74,0.74
P100000124110,cement,2025-05-17,1,0.89,0.89
P100000124110,cement,2025-05-23,1,0.69,0.69
P100000124110,cement,2025-06-08,1,2.05,2.05
P100000124110,cement,2025-07-15,1,2.24,2.24
P100000124110,cement,2025-08-05,1,0.67,0.67
P100000124110,cement,2025-09-22,1,1.03,1.03
P100000124110,cement,2025-10-08,1,1.14,1.14
P100000124110,cement,2025-10-14,1,0.95,0.95
P100000124110,cement,2025-10-19,1,1.0,1.0
P100000124110,cement,2025-10-24,1,2.0,2.0
P100000124110,cement,2025-11-04,1,0.95,0.95
P100000124110,cement,2025-11-08,1,0.51,0.51
P100000124110,cement,2025-11-09,1,0.81,0.81
P100000124110,cement,2025-11-14,1,0.62,0.62
P100000124110,cement,2025-11-15,1,0.77,0.77
P100000124110,cement,2025-11-20,1,0.55,0.55
P100000124110,cement,2025-11-24,1,0.85,0.85
P100000124110,cement,2025-11-25,1,1.05,1.05
P100000124110,cement,2025-11-30,1,0.77,0.77
P100000124110,cement,2025-12-06,1,0.74,0.74
P100000124110,cement,2025-12-10,1,0.8,0.8
P100000124110,cement,2025-12-11,1,1.04,1.04
P100000124110,cement,2025-12-22,1,1.01,1.01
P100000124110,cement,2025-12-27,1,1.0,1.0
P100000124112,cement,2025-03-07,1,8.21,8.21
P100000124112,cement,2025-03-10,1,0.45,0.45
P100000124112,cement,2025-03-26,1,3.87,3.87
P100000124112,cement,2025-05-05,1,18.49,18.49
P100000124117,cement,2025-02-07,2,11.3,5.65
P100000124117,cement,2025-04-02,1,3.4,3.4
P100000124118,cement,2025-01-05,1,0.69,0.69
P100000124118,cement,2025-01-06,1,0.81,0.81
P100000124118,cement,2025-01-07,1,0.97,0.97
P100000124118,cement,2025-01-09,1,0.55,0.55
P100000124118,cement,2025-01-11,1,1.17,1.17
P100000124118,cement,2025-01-17,1,0.77,0.77
P100000124118,cement,2025-01-21,1,0.48,0.48
P100000124118,cement,2025-02-06,1,0.7,0.7
P100000124118,cement,2025-02-12,1,1.33,1.33
P100000124118,cement,2025-02-17,1,0.77,0.77
P100000124118,cement,2025-02-18,1,0.64,0.64
P100000124118,cement,2025-03-11,1,0.95,0.95
P100000124118,cement,2025-03-21,1,1.03,1.03
P100000124118,cement,2025-03-28,1,1.23,1.23
P100000124118,cement,2025-04-06,1,1.01,1.01
P100000124118,cement,2025-04-11,1,1.16,1.16
P100000124118,cement,2025-04-28,1,1.91,1.91
P100000124118,cement,2025-04-29,1,1.1,1.1
P100000124118,cement,2025-05-23,1,0.48,0.48
P100000124118,cement,2025-05-24,1,1.42,1.42
P100000124118,cement,2025-06-09,1,1.37,1.37
P100000124118,cement,2025-08-08,1,1.89,1.89
P100000124118,cement,2025-08-14,1,1.14,1.14
P100000124118,cement,2025-08-18,1,1.12,1.12
P100000124118,cement,2025-08-28,1,1.19,1.19
P100000124118,cement,2025-09-08,1,0.99,0.99
P100000124118,cement,2025-09-12,1,0.75,0.75
P100000124118,cement,2025-09-13,1,1.1,1.1
P100000124118,cement,2025-09-24,1,1.49,1.49
P100000124118,cement,2025-10-16,2,2.0300000000000002,1.1
P100000124118,cement,2025-10-20,1,0.93,0.93
P100000124118,cement,2025-11-06,1,1.05,1.05
P100000124118,cement,2025-11-07,2,2.15,1.14
P100000124118,cement,2025-11-15,1,0.79,0.79
P100000124118,cement,2025-11-16,1,0.88,0.88
P100000124118,cement,2025-11-17,1,0.89,0.89
P100000124118,cement,2025-11-18,2,2.21,1.2
P100000124118,cement,2025-11-21,1,0.83,0.83
P100000124118,cement,2025-11-22,1,0.94,0.94
P100000124118,cement,2025-11-23,1,0.73,0.73
P100000124118,cement,2025-11-26,1,0.43,0.43
P100000124118,cement,2025-11-27,1,1.26,1.26
P100000124118,cement,2025-12-03,1,1.21,1.21
P100000124118,cement,2025-12-07,1,1.07,1.07
P100000124118,cement,2025-12-08,1,1.39,1.39
P100000124118,cement,2025-12-09,1,0.77,0.77
P100000124118,cement,2025-12-12,1,0.84,0.84
P100000124118,cement,2025-12-13,1,0.99,0.99
P100000124118,cement,2025-12-14,1,1.6,1.6
P100000124118,cement,2025-12-18,1,1.17,1.17
P100000124118,cement,2025-12-20,1,0.79,0.79
P100000124118,cement,2025-12-22,1,0.84,0.84
P100000124118,cement,2025-12-23,1,0.67,0.67
P100000124118,cement,2025-12-24,1,0.57,0.57
P100000124118,cement,2025-12-27,1,0.64,0.64
P100000124118,cement,2025-12-28,1,0.7,0.7
P100000124118,cement,2025-12-29,1,1.36,1.36
P100000124118,cement,2025-12-30,1,1.2,1.2
P100000124120,cement,2025-03-01,1,3.08,3.08
P100000124120,cement,2025-03-09,1,0.84,0.84
P100000124122,cement,2025-02-06,1,2.33,2.33
P100000124123,cement,2025-01-09,1,0.57,0.57
P100000124123,cement,2025-01-10,2,1.89,0.95
P100000124123,cement,2025-01-11,1,0.77,0.77
P100000124123,cement,2025-01-18,1,0.51,0.51
P100000124123,cement,2025-01-22,1,0.67,0.67
P100000124123,cement,2025-01-25,1,0.83,0.83
P100000124123,cement,2025-01-27,1,1.22,1.22
P100000124123,cement,2025-02-01,1,1.11,1.11
P100000124123,cement,2025-02-05,1,0.79,0.79
P100000124123,cement,2025-02-07,1,1.27,1.27
P100000124123,cement,2025-02-12,1,1.33,1.33
P100000124123,cement,2025-02-17,1,1.39,1.39
P100000124123,cement,2025-02-19,1,0.71,0.71
P100000124123,cement,2025-02-21,1,0.86,0.86
P100000124123,cement,2025-03-05,1,1.66,1.66
P100000124123,cement,2025-03-10,1,1.51,1.51
P100000124123,cement,2025-03-16,1,1.31,1.31
P100000124123,cement,2025-03-17,1,0.83,0.83
P100000124123,cement,2025-03-21,1,1.3,1.3
P100000124123,cement,2025-03-22,1,1.43,1.43
P100000124123,cement,2025-03-27,1,1.43,1.43
P100000124123,cement,2025-04-22,1,1.45,1.45
P100000124123,cement,2025-04-23,1,1.95,1.95
P100000124123,cement,2025-04-28,1,1.33,1.33
P100000124123,cement,2025-05-25,1,2.24,2.24
P100000124123,cement,2025-06-03,1,1.28,1.28
P100000124123,cement,2025-08-28,1,2.74,2.74
P100000124123,cement,2025-09-08,1,0.81,0.81
P100000124123,cement,2025-11-27,1,0.97,0.97
P100000124123,cement,2025-12-24,1,0.64,0.64
P100000124124,cement,2025-01-03,1,0.57,0.57
P100000124124,cement,2025-01-08,1,0.91,0.91
P100000124124,cement,2025-01-12,1,0.75,0.75
P100000124124,cement,2025-01-13,1,0.72,0.72
P100000124124,cement,2025-01-14,1,0.81,0.81
P100000124124,cement,2025-01-19,1,0.48,0.48
P100000124124,cement,2025-02-04,1,1.06,1.06
P100000124124,cement,2025-02-05,1,0.68,0.68
P100000124124,cement,2025-02-09,1,0.7,0.7
P100000124124,cement,2025-02-13,2,1.51,0.81
P100000124124,cement,2025-02-19,1,0.48,0.48
P100000124124,cement,2025-02-20,1,0.92,0.92
P100000124124,cement,2025-03-08,1,0.95,0.95
P100000124124,cement,2025-03-12,1,2.0,2.0
P100000124124,cement,2025-03-13,1,1.45,1.45
P100000124124,cement,2025-03-14,1,0.92,0.92
P100000124124,cement,2025-03-17,1,1.31,1.31
P100000124124,cement,2025-03-18,1,1.73,1.73
P100000124124,cement,2025-03-19,1,1.46,1.46
P100000124124,cement,2025-03-22,1,1.56,1.56
P100000124124,cement,2025-03-23,2,3.46,2.25
P100000124124,cement,2025-03-24,1,1.44,1.44
P100000124124,cement,2025-03-28,2,3.1399999999999997,2.19
P100000124124,cement,2025-03-29,1,1.97,1.97
P100000124124,cement,2025-04-07,1,0.96,0.96
P100000124124,cement,2025-04-24,1,1.67,1.67
P100000124124,cement,2025-04-29,1,2.96,2.96
P100000124124,cement,2025-04-30,2,3.54,1.85
P100000124124,cement,2025-05-01,1,1.51,1.51
P100000124124,cement,2025-05-06,1,1.78,1.78
P100000124124,cement,2025-05-09,1,1.13,1.13
P100000124124,cement,2025-05-15,1,3.02,3.02
P100000124124,cement,2025-05-16,1,2.18,2.18
P100000124124,cement,2025-05-21,1,1.95,1.95
P100000124124,cement,2025-05-22,1,0.86,0.86
P100000124124,cement,2025-05-27,1,2.03,2.03
P100000124124,cement,2025-06-05,1,1.98,1.98
P100000124124,cement,2025-07-12,1,0.87,0.87
P100000124124,cement,2025-09-21,2,4.16,2.13
P100000124124,cement,2025-09-22,1,2.46,2.46
P100000124124,cement,2025-09-25,2,2.62,1.4
P100000124124,cement,2025-09-26,1,2.6,2.6
P100000124124,cement,2025-09-27,1,1.42,1.42
P100000124124,cement,2025-10-07,1,1.26,1.26
P100000124124,cement,2025-10-16,1,1.85,1.85
P100000124124,cement,2025-10-17,2,4.61,2.43
P100000124124,cement,2025-10-18,1,1.24,1.24
P100000124124,cement,2025-10-21,1,1.06,1.06
P100000124124,cement,2025-10-22,2,3.75,2.55
P100000124124,cement,2025-10-23,2,2.41,1.54
P100000124124,cement,2025-11-03,1,1.15,1.15
P100000124124,cement,2025-11-07,2,3.8099999999999996,2.11
P100000124124,cement,2025-11-08,2,2.01,1.23
P100000124124,cement,2025-11-09,1,1.64,1.64
P100000124124,cement,2025-11-12,1,1.05,1.05
P100000124124,cement,2025-11-13,2,3.0,1.66
P100000124124,cement,2025-11-14,2,1.92,0.96
P100000124124,cement,2025-11-18,1,1.69,1.69
P100000124124,cement,2025-11-19,2,1.56,0.78
P100000124124,cement,2025-11-20,1,1.43,1.43
P100000124124,cement,2025-11-23,1,1.27,1.27
P100000124124,cement,2025-11-24,1,0.73,0.73
P100000124124,cement,2025-11-25,1,1.27,1.27
P100000124124,cement,2025-11-28,1,1.14,1.14
P100000124124,cement,2025-11-29,1,1.1,1.1
P100000124124,cement,2025-11-30,1,1.67,1.67
P100000124124,cement,2025-12-03,1,0.87,0.87
P100000124124,cement,2025-12-04,2,2.95,1.96
P100000124124,cement,2025-12-05,2,2.2,1.1
P100000124124,cement,2025-12-06,1,1.1,1.1
P100000124124,cement,2025-12-16,1,0.83,0.83
P100000124124,cement,2025-12-19,1,1.42,1.42
P100000124124,cement,2025-12-20,2,5.34,2.91
P100000124124,cement,2025-12-21,2,1.72,0.86
P100000124124,cement,2025-12-24,2,3.5300000000000002,1.86
P100000124124,cement,2025-12-25,1,1.88,1.88
P100000124124,cement,2025-12-26,2,2.74,1.53
P100000124124,cement,2025-12-27,1,1.15,1.15
P100000124124,cement,2025-12-29,2,3.07,1.94
P100000124124,cement,2025-12-30,2,2.08,1.06
P100000124124,cement,2025-12-31,1,1.92,1.92
P100000124125,cement,2025-01-25,1,0.53,0.53
P100000124125,cement,2025-02-26,1,0.47,0.47
P100000124125,cement,2025-09-22,1,0.27,0.27
P100000124125,cement,2025-10-08,1,0.77,0.77
P100000124125,cement,2025-12-11,1,0.42,0.42
P100000124125,cement,2025-12-27,1,0.57,0.57
P100000124130,cement,2025-03-10,2,21.990000000000002,11.49
P100000124132,cement,2025-01-05,1,0.41,0.41
P100000124132,cement,2025-01-06,1,0.69,0.69
P100000124132,cement,2025-01-09,1,0.34,0.34
P100000124132,cement,2025-02-26,1,0.54,0.54
P100000124132,cement,2025-02-28,1,0.75,0.75
P100000124132,cement,2025-07-10,1,1.48,1.48
P100000124132,cement,2025-09-22,1,1.75,1.75
P100000124132,cement,2025-09-24,1,1.24,1.24
P100000124132,cement,2025-10-08,1,1.27,1.27
P100000124132,cement,2025-10-09,1,1.54,1.54
P100000124132,cement,2025-10-19,1,1.59,1.59
P100000124132,cement,2025-11-03,1,1.14,1.14
P100000124132,cement,2025-11-05,1,1.76,1.76
P100000124132,cement,2025-11-09,1,0.72,0.72
P100000124132,cement,2025-11-15,1,0.68,0.68
P100000124132,cement,2025-11-26,1,0.36,0.36
P100000124132,cement,2025-11-27,1,0.74,0.74
P100000124132,cement,2025-12-12,1,0.59,0.59
P100000124132,cement,2025-12-16,1,0.57,0.57
P100000124132,cement,2025-12-17,1,0.33,0.33
P100000124132,cement,2025-12-27,1,0.67,0.67
P100000124132,cement,2025-12-28,1,0.41,0.41
P100000124132,cement,2025-12-29,1,0.44,0.44
P100000124134,cement,2025-01-04,1,0.82,0.82
P100000124134,cement,2025-01-20,1,0.67,0.67
P100000124134,cement,2025-01-25,1,0.92,0.92
P100000124134,cement,2025-01-26,1,1.12,1.12
P100000124134,cement,2025-01-30,1,1.22,1.22
P100000124134,cement,2025-01-31,1,0.54,0.54
P100000124134,cement,2025-02-04,1,1.18,1.18
P100000124134,cement,2025-02-05,1,1.25,1.25
P100000124134,cement,2025-02-10,1,1.33,1.33
P100000124134,cement,2025-02-15,1,1.46,1.46
P100000124134,cement,2025-02-16,1,1.15,1.15
P100000124134,cement,2025-02-21,1,1.08,1.08
P100000124134,cement,2025-03-04,1,1.05,1.05
P100000124134,cement,2025-03-20,1,0.52,0.52
P100000124134,cement,2025-03-25,1,1.15,1.15
P100000124134,cement,2025-04-10,1,2.12,2.12
P100000124134,cement,2025-04-15,1,1.74,1.74
P100000124134,cement,2025-04-21,1,1.51,1.51
P100000124134,cement,2025-05-12,1,1.06,1.06
P100000124134,cement,2025-06-08,1,1.47,1.47
P100000124134,cement,2025-07-31,1,0.68,0.68
P100000124134,cement,2025-08-05,1,0.59,0.59
P100000124134,cement,2025-08-27,1,0.86,0.86
P100000124134,cement,2025-09-01,1,0.9,0.9
P100000124134,cement,2025-09-11,1,0.37,0.37
P100000124134,cement,2025-09-22,1,1.12,1.12
P100000124134,cement,2025-10-09,1,0.49,0.49
P100000124134,cement,2025-10-13,1,1.25,1.25
P100000124134,cement,2025-11-04,1,1.33,1.33
P100000124134,cement,2025-11-09,1,0.91,0.91
P100000124134,cement,2025-11-10,1,1.33,1.33
P100000124134,cement,2025-11-14,1,0.98,0.98
P100000124134,cement,2025-11-15,1,0.48,0.48
P100000124134,cement,2025-11-19,1,0.6,0.6
P100000124134,cement,2025-11-20,1,0.68,0.68
P100000124134,cement,2025-11-26,1,0.73,0.73
P100000124134,cement,2025-12-12,1,0.47,0.47
P100000124134,cement,2025-12-17,1,0.88,0.88
P100000124134,cement,2025-12-22,1,0.9,0.9
P100000124134,cement,2025-12-27,1,1.18,1.18
P100000124135,cement,2025-01-02,4,6.300000000000001,2.22
P100000124135,cement,2025-01-03,1,1.75,1.75
P100000124135,cement,2025-01-04,1,1.63,1.63
P100000124135,cement,2025-01-05,2,1.66,0.83
P100000124135,cement,2025-01-06,2,2.43,1.36
P100000124135,cement,2025-01-07,5,6.75,1.88
P100000124135,cement,2025-01-08,2,1.66,0.83
P100000124135,cement,2025-01-09,3,5.43,2.59
P100000124135,cement,2025-01-11,1,2.26,2.26
P100000124135,cement,2025-01-13,1,1.48,1.48
P100000124135,cement,2025-01-14,1,1.42,1.42
P100000124135,cement,2025-01-16,1,2.32,2.32
P100000124135,cement,2025-01-18,1,1.94,1.94
P100000124135,cement,2025-01-19,3,5.99,2.64
P100000124135,cement,2025-01-20,1,1.8,1.8
P100000124135,cement,2025-01-21,1,1.74,1.74
P100000124135,cement,2025-01-22,1,2.43,2.43
P100000124135,cement,2025-01-23,2,3.21,2.02
P100000124135,cement,2025-01-24,2,2.38,1.19
P100000124135,cement,2025-01-25,1,2.27,2.27
P100000124135,cement,2025-01-27,1,2.09,2.09
P100000124135,cement,2025-01-29,2,3.0999999999999996,1.67
P100000124135,cement,2025-01-30,2,2.8,1.4
P100000124135,cement,2025-01-31,1,1.19,1.19
P100000124135,cement,2025-02-01,2,3.6799999999999997,1.92
P100000124135,cement,2025-02-02,1,1.95,1.95
P100000124135,cement,2025-02-04,2,2.81,1.48
P100000124135,cement,2025-02-05,1,1.49,1.49
P100000124135,cement,2025-02-06,1,1.83,1.83
P100000124135,cement,2025-02-07,2,2.5300000000000002,1.51
P100000124135,cement,2025-02-08,1,1.72,1.72
P100000124135,cement,2025-02-09,4,3.02,0.76
P100000124135,cement,2025-02-10,1,2.59,2.59
P100000124135,cement,2025-02-12,2,2.86,1.43
P100000124135,cement,2025-02-13,2,3.08,1.7
P100000124135,cement,2025-02-14,3,5.59,2.23
P100000124135,cement,2025-02-15,2,2.82,1.41
P100000124135,cement,2025-02-17,1,1.45,1.45
P100000124135,cement,2025-02-18,1,1.62,1.62
P100000124135,cement,2025-02-19,1,1.38,1.38
P100000124135,cement,2025-02-20,1,2.28,2.28
P100000124135,cement,2025-02-21,2,3.42,1.75
P100000124135,cement,2025-02-22,1,1.99,1.99
P100000124135,cement,2025-02-23,1,2.45,2.45
P100000124135,cement,2025-02-24,1,1.95,1.95
P100000124135,cement,2025-02-26,1,3.01,3.01
P100000124135,cement,2025-02-27,1,0.92,0.92
P100000124135,cement,2025-03-01,1,1.72,1.72
P100000124135,cement,2025-03-02,1,1.81,1.81
P100000124135,cement,2025-03-03,1,2.21,2.21
P100000124135,cement,2025-03-04,1,1.21,1.21
P100000124135,cement,2025-03-05,1,3.03,3.03
P100000124135,cement,2025-03-06,1,2.51,2.51
P100000124135,cement,2025-03-07,2,3.2800000000000002,1.99
P100000124135,cement,2025-03-08,4,6.949999999999999,2.07
P100000124135,cement,2025-03-09,1,2.72,2.72
P100000124135,cement,2025-03-10,3,5.61,2.43
P100000124135,cement,2025-03-11,1,2.57,2.57
P100000124135,cement,2025-03-12,1,2.96,2.96
P100000124135,cement,2025-03-15,1,2.03,2.03
P100000124135,cement,2025-03-16,1,1.5,1.5
P100000124135,cement,2025-03-18,2,3.46,1.88
P100000124135,cement,2025-03-19,1,2.68,2.68
P100000124135,cement,2025-03-20,1,1.87,1.87
P100000124135,cement,2025-03-21,1,2.1,2.1
P100000124135,cement,2025-03-23,3,7.03,2.37
P100000124135,cement,2025-03-24,1,3.55,3.55
P100000124135,cement,2025-03-25,1,2.56,2.56
P100000124135,cement,2025-03-26,2,2.76,1.38
P100000124135,cement,2025-03-27,1,2.23,2.23
P100000124135,cement,2025-03-28,2,4.79,2.43
P100000124135,cement,2025-03-29,1,2.81,2.81
P100000124135,cement,2025-03-30,1,3.4,3.4
P100000124135,cement,2025-04-01,2,3.83,2.49
P100000124135,cement,2025-04-02,1,2.07,2.07
P100000124135,cement,2025-04-03,1,2.25,2.25
P100000124135,cement,2025-04-04,4,8.620000000000001,2.5
P100000124135,cement,2025-04-05,1,1.82,1.82
P100000124135,cement,2025-04-08,1,2.69,2.69
P100000124135,cement,2025-04-12,1,2.41,2.41
P100000124135,cement,2025-04-13,2,3.76,2.12
P100000124135,cement,2025-04-15,1,3.39,3.39
P100000124135,cement,2025-04-17,2,7.93,4.17
P100000124135,cement,2025-04-18,1,2.73,2.73
P100000124135,cement,2025-04-19,2,2.86,1.46
P100000124135,cement,2025-04-20,2,3.58,1.79
P100000124135,cement,2025-04-22,3,7.12,3.48
P100000124135,cement,2025-04-24,1,2.13,2.13
P100000124135,cement,2025-04-26,1,1.8,1.8
P100000124135,cement,2025-05-08,1,1.66,1.66
P100000124135,cement,2025-05-12,1,1.62,1.62
P100000124135,cement,2025-05-18,1,1.67,1.67
P100000124135,cement,2025-05-24,1,2.54,2.54
P100000124135,cement,2025-06-09,1,1.88,1.88
P100000124135,cement,2025-07-09,1,0.76,0.76
P100000124135,cement,2025-07-24,1,0.95,0.95
P100000124135,cement,2025-09-11,1,1.38,1.38
P100000124135,cement,2025-09-13,1,1.33,1.33
P100000124135,cement,2025-09-26,1,0.36,0.36
P100000124135,cement,2025-09-29,2,1.04,0.79
P100000124135,cement,2025-10-04,1,1.46,1.46
P100000124135,cement,2025-10-06,1,1.27,1.27
P100000124135,cement,2025-10-07,1,1.04,1.04
P100000124135,cement,2025-10-10,1,1.64,1.64
P100000124135,cement,2025-10-11,1,1.25,1.25
P100000124135,cement,2025-10-13,1,1.66,1.66
P100000124135,cement,2025-10-14,1,0.96,0.96
P100000124135,cement,2025-10-15,1,1.77,1.77
P100000124135,cement,2025-10-18,1,2.35,2.35
P100000124135,cement,2025-10-20,1,1.18,1.18
P100000124135,cement,2025-10-21,1,1.88,1.88
P100000124135,cement,2025-10-22,1,1.64,1.64
P100000124135,cement,2025-10-23,1,2.66,2.66
P100000124135,cement,2025-10-24,1,1.63,1.63
P100000124135,cement,2025-11-02,1,1.11,1.11
P100000124135,cement,2025-11-04,1,1.38,1.38
P100000124135,cement,2025-11-07,1,1.12,1.12
P100000124135,cement,2025-11-08,1,1.47,1.47
P100000124135,cement,2025-11-09,1,2.45,2.45
P100000124135,cement,2025-11-10,1,1.14,1.14
P100000124135,cement,2025-11-12,1,1.72,1.72
P100000124135,cement,2025-11-13,1,0.89,0.89
P100000124135,cement,2025-11-14,2,2.21,1.42
P100000124135,cement,2025-11-15,1,1.39,1.39
P100000124135,cement,2025-11-16,1,1.45,1.45
P100000124135,cement,2025-11-18,1,2.03,2.03
P100000124135,cement,2025-11-19,1,1.73,1.73
P100000124135,cement,2025-11-20,1,1.64,1.64
P100000124135,cement,2025-11-21,1,1.6,1.6
P100000124135,cement,2025-11-22,2,3.6399999999999997,1.88
P100000124135,cement,2025-11-23,2,2.76,1.53
P100000124135,cement,2025-11-24,1,1.27,1.27
P100000124135,cement,2025-11-25,1,1.92,1.92
P100000124135,cement,2025-11-26,1,1.04,1.04
P100000124135,cement,2025-11-27,1,1.67,1.67
P100000124135,cement,2025-11-28,1,1.88,1.88
P100000124135,cement,2025-11-29,2,3.34,1.73
P100000124135,cement,2025-11-30,2,1.56,0.97
P100000124135,cement,2025-12-01,1,1.49,1.49
P100000124135,cement,2025-12-02,1,1.67,1.67
P100000124135,cement,2025-12-03,1,2.12,2.12
P100000124135,cement,2025-12-04,3,3.92,1.54
P100000124135,cement,2025-12-05,1,1.85,1.85
P100000124135,cement,2025-12-06,2,2.8,1.92
P100000124135,cement,2025-12-07,2,2.49,1.85
P100000124135,cement,2025-12-08,2,3.5,2.32
P100000124135,cement,2025-12-10,3,4.4,1.8
P100000124135,cement,2025-12-11,1,1.84,1.84
P100000124135,cement,2025-12-13,2,3.92,2.27
P100000124135,cement,2025-12-14,2,2.65,1.41
P100000124135,cement,2025-12-15,5,7.380000000000001,2.14
P100000124135,cement,2025-12-16,2,3.16,1.96
P100000124135,cement,2025-12-17,1,1.7,1.7
P100000124135,cement,2025-12-18,2,2.08,1.04
P100000124135,cement,2025-12-19,1,1.91,1.91
P100000124135,cement,2025-12-20,3,4.52,2.22
P100000124135,cement,2025-12-21,1,1.94,1.94
P100000124135,cement,2025-12-22,2,2.48,1.24
P100000124135,cement,2025-12-23,1,1.49,1.49
P100000124135,cement,2025-12-24,3,5.6,2.7
P100000124135,cement,2025-12-25,4,4.82,1.65
P100000124135,cement,2025-12-26,2,3.3,2.05
P100000124135,cement,2025-12-27,1,1.79,1.79
P100000124135,cement,2025-12-29,1,2.05,2.05
P100000124135,cement,2025-12-30,3,3.53,2.01
P100000124147,cement,2025-03-17,1,4.6,4.6
P100000124152,cement,2025-05-31,1,1.86,1.86
P100000124158,cement,2025-01-11,1,2.26,2.26
P100000124473,cement,2025-06-13,1,2.86,2.86
P100000124506,cement,2025-01-03,1,0.59,0.59
P100000124506,cement,2025-01-07,1,0.79,0.79
P100000124506,cement,2025-01-09,1,0.57,0.57
P100000124506,cement,2025-01-14,1,0.7,0.7
P100000124506,cement,2025-01-24,1,1.16,1.16
P100000124506,cement,2025-01-25,1,1.06,1.06
P100000124506,cement,2025-01-29,1,0.57,0.57
P100000124506,cement,2025-02-04,2,1.75,1.13
P100000124506,cement,2025-02-09,1,0.67,0.67
P100000124506,cement,2025-02-10,1,0.96,0.96
P100000124506,cement,2025-02-15,1,0.8,0.8
P100000124506,cement,2025-03-03,1,0.8,0.8
P100000124506,cement,2025-03-05,1,1.26,1.26
P100000124506,cement,2025-03-29,1,1.12,1.12
P100000124506,cement,2025-04-20,1,1.36,1.36
P100000124506,cement,2025-05-27,1,1.08,1.08
P100000124506,cement,2025-08-15,1,4.03,4.03
P100000124506,cement,2025-08-21,1,1.18,1.18
P100000124506,cement,2025-09-15,1,0.72,0.72
P100000124506,cement,2025-09-20,1,0.58,0.58
P100000124506,cement,2025-10-02,1,1.44,1.44
P100000124506,cement,2025-10-03,2,1.12,0.58
P100000124506,cement,2025-10-08,1,0.78,0.78
P100000124506,cement,2025-10-12,1,0.88,0.88
P100000124506,cement,2025-10-16,1,0.72,0.72
P100000124506,cement,2025-10-17,1,0.88,0.88
P100000124506,cement,2025-10-19,1,0.58,0.58
P100000124506,cement,2025-11-17,1,0.65,0.65
P100000124506,cement,2025-11-19,1,0.71,0.71
P100000124506,cement,2025-12-05,1,0.94,0.94
P100000124506,cement,2025-12-11,1,0.56,0.56
P100000124506,cement,2025-12-21,1,0.62,0.62
P100000124506,cement,2025-12-27,1,0.83,0.83
P100000124507,cement,2025-05-23,2,6.04,3.02
P100000124511,cement,2025-01-01,1,0.59,0.59
P100000124511,cement,2025-01-22,1,0.53,0.53
P100000124511,cement,2025-01-27,1,0.54,0.54
P100000124511,cement,2025-02-13,1,0.34,0.34
P100000124511,cement,2025-02-23,1,0.43,0.43
P100000124511,cement,2025-03-01,1,0.58,0.58
P100000124511,cement,2025-03-11,1,0.62,0.62
P100000124511,cement,2025-10-27,1,0.47,0.47
P100000124511,cement,2025-11-07,1,0.45,0.45
P100000124511,cement,2025-11-12,1,0.62,0.62
P100000124511,cement,2025-11-16,2,1.23,0.69
P100000124511,cement,2025-11-17,1,0.51,0.51
P100000124511,cement,2025-11-18,1,0.51,0.51
P100000124511,cement,2025-11-27,1,0.7,0.7
P100000124511,cement,2025-11-28,1,0.6,0.6
P100000124511,cement,2025-11-29,2,1.02,0.63
P100000124511,cement,2025-12-02,1,0.7,0.7
P100000124511,cement,2025-12-04,1,0.47,0.47
P100000124511,cement,2025-12-08,1,0.77,0.77
P100000124511,cement,2025-12-09,1,0.87,0.87
P100000124511,cement,2025-12-13,1,0.5,0.5
P100000124511,cement,2025-12-14,1,0.25,0.25
P100000124511,cement,2025-12-25,1,0.85,0.85
P100000124512,cement,2025-06-07,1,8.5,8.5
P100000124512,cement,2025-06-21,1,3.17,3.17
P100000124512,cement,2025-07-30,1,7.71,7.71
P100000124518,cement,2025-03-15,1,5.5,5.5
P100000124521,cement,2025-12-18,1,3.57,3.57
P100000124524,cement,2025-12-11,1,0.67,0.67
P100000124524,cement,2025-12-29,1,0.59,0.59
P100000124528,cement,2025-04-06,1,4.14,4.14
P100000124528,cement,2025-06-08,1,2.92,2.92
P100000124528,cement,2025-06-09,1,4.84,4.84
P100000124528,cement,2025-06-10,1,0.64,0.64
P100000124528,cement,2025-09-25,1,2.25,2.25
P100000124528,cement,2025-09-29,1,3.04,3.04
P100000124528,cement,2025-10-08,1,7.36,7.36
P100000124528,cement,2025-10-12,1,1.97,1.97
P100000124528,cement,2025-12-28,2,3.1799999999999997,1.77
P100000124530,cement,2025-04-23,2,28.060000000000002,17.85
P100000124530,cement,2025-11-30,2,7.32,3.66
P100000124530,cement,2025-12-04,1,3.49,3.49
P100000124530,cement,2025-12-08,2,15.57,7.95
P100000124530,cement,2025-12-14,1,1.07,1.07
P100000124530,cement,2025-12-24,1,4.02,4.02
P100000124530,cement,2025-12-26,1,11.57,11.57
P100000124532,cement,2025-02-13,1,2.46,2.46
P100000124534,cement,2025-01-06,1,0.26,0.26
P100000124534,cement,2025-01-08,1,0.54,0.54
P100000124534,cement,2025-01-20,1,0.77,0.77
P100000124534,cement,2025-01-21,1,0.65,0.65
P100000124534,cement,2025-01-22,2,1.3199999999999998,0.83
P100000124534,cement,2025-01-24,1,0.47,0.47
P100000124534,cement,2025-02-08,1,0.94,0.94
P100000124534,cement,2025-02-13,1,0.7,0.7
P100000124534,cement,2025-03-21,1,6.74,6.74
P100000124534,cement,2025-04-06,1,2.54,2.54
P100000124534,cement,2025-04-08,1,1.69,1.69
P100000124534,cement,2025-04-11,1,4.68,4.68
P100000124534,cement,2025-04-17,1,4.54,4.54
P100000124534,cement,2025-04-18,1,1.22,1.22
P100000124534,cement,2025-05-14,1,5.88,5.88
P100000124534,cement,2025-12-19,1,0.39,0.39
P100000124534,cement,2025-12-23,1,0.67,0.67
P100000124534,cement,2025-12-24,1,0.54,0.54
P100000124534,cement,2025-12-28,1,0.76,0.76
P100000124534,cement,2025-12-29,1,0.56,0.56
P100000124536,cement,2025-04-07,1,0.71,0.71
P100000124537,cement,2025-01-01,1,0.88,0.88
P100000124537,cement,2025-01-03,1,1.12,1.12
P100000124537,cement,2025-01-08,1,1.0,1.0
P100000124537,cement,2025-01-09,2,2.26,1.21
P100000124537,cement,2025-01-10,1,1.24,1.24
P100000124537,cement,2025-01-11,1,0.71,0.71
P100000124537,cement,2025-01-16,1,0.47,0.47
P100000124537,cement,2025-01-17,1,0.7,0.7
P100000124537,cement,2025-01-19,1,1.15,1.15
P100000124537,cement,2025-01-20,1,1.24,1.24
P100000124537,cement,2025-01-21,1,0.67,0.67
P100000124537,cement,2025-01-26,1,1.44,1.44
P100000124537,cement,2025-01-27,1,0.79,0.79
P100000124537,cement,2025-01-28,1,1.03,1.03
P100000124537,cement,2025-01-30,1,0.8,0.8
P100000124537,cement,2025-01-31,2,2.5100000000000002,1.58
P100000124537,cement,2025-02-01,1,0.7,0.7
P100000124537,cement,2025-02-02,1,1.25,1.25
P100000124537,cement,2025-02-05,2,2.7,1.56
P100000124537,cement,2025-02-06,1,0.96,0.96
P100000124537,cement,2025-02-07,1,0.64,0.64
P100000124537,cement,2025-02-09,1,0.93,0.93
P100000124537,cement,2025-02-10,1,1.27,1.27
P100000124537,cement,2025-02-11,1,1.67,1.67
P100000124537,cement,2025-02-12,1,0.96,0.96
P100000124537,cement,2025-02-13,1,0.98,0.98
P100000124537,cement,2025-02-15,1,0.95,0.95
P100000124537,cement,2025-02-16,1,1.3,1.3
P100000124537,cement,2025-02-17,1,1.07,1.07
P100000124537,cement,2025-02-18,1,1.13,1.13
P100000124537,cement,2025-02-22,1,0.83,0.83
P100000124537,cement,2025-02-23,1,0.78,0.78
P100000124537,cement,2025-02-24,1,0.75,0.75
P100000124537,cement,2025-02-26,1,1.1,1.1
P100000124537,cement,2025-02-28,1,1.1,1.1
P100000124537,cement,2025-03-03,1,1.21,1.21
P100000124537,cement,2025-03-04,2,3.01,1.79
P100000124537,cement,2025-03-05,1,1.06,1.06
P100000124537,cement,2025-03-06,1,0.85,0.85
P100000124537,cement,2025-03-08,1,1.16,1.16
P100000124537,cement,2025-03-09,1,2.1,2.1
P100000124537,cement,2025-03-10,1,1.96,1.96
P100000124537,cement,2025-03-14,1,1.21,1.21
P100000124537,cement,2025-03-16,1,1.26,1.26
P100000124537,cement,2025-03-19,1,1.66,1.66
P100000124537,cement,2025-03-21,1,1.01,1.01
P100000124537,cement,2025-03-22,1,1.28,1.28
P100000124537,cement,2025-03-24,1,0.92,0.92
P100000124537,cement,2025-03-26,1,0.99,0.99
P100000124537,cement,2025-03-27,1,1.17,1.17
P100000124537,cement,2025-03-29,1,1.81,1.81
P100000124537,cement,2025-03-30,1,1.61,1.61
P100000124537,cement,2025-04-06,1,1.73,1.73
P100000124537,cement,2025-04-07,1,1.79,1.79
P100000124537,cement,2025-04-12,1,0.84,0.84
P100000124537,cement,2025-04-16,1,1.24,1.24
P100000124537,cement,2025-04-20,2,3.29,1.66
P100000124537,cement,2025-04-21,1,1.77,1.77
P100000124537,cement,2025-04-22,1,1.85,1.85
P100000124537,cement,2025-04-23,1,1.28,1.28
P100000124537,cement,2025-05-02,1,1.63,1.63
P100000124537,cement,2025-05-07,1,1.85,1.85
P100000124537,cement,2025-05-12,1,1.43,1.43
P100000124537,cement,2025-07-27,1,0.66,0.66
P100000124537,cement,2025-08-10,1,0.83,0.83
P100000124537,cement,2025-08-28,1,2.83,2.83
P100000124537,cement,2025-09-05,2,2.76,1.74
P100000124537,cement,2025-09-23,1,0.8,0.8
P100000124537,cement,2025-09-29,1,0.46,0.46
P100000124537,cement,2025-10-06,1,0.68,0.68
P100000124537,cement,2025-10-14,1,1.27,1.27
P100000124537,cement,2025-10-15,1,0.98,0.98
P100000124537,cement,2025-10-16,1,0.47,0.47
P100000124537,cement,2025-10-19,1,1.04,1.04
P100000124537,cement,2025-10-20,1,0.83,0.83
P100000124537,cement,2025-10-24,1,0.71,0.71
P100000124537,cement,2025-11-01,2,1.6099999999999999,1.04
P100000124537,cement,2025-11-05,1,1.33,1.33
P100000124537,cement,2025-11-06,1,0.65,0.65
P100000124537,cement,2025-11-07,1,0.82,0.82
P100000124537,cement,2025-11-09,1,0.83,0.83
P100000124537,cement,2025-11-16,1,0.66,0.66
P100000124537,cement,2025-11-17,1,0.93,0.93
P100000124537,cement,2025-11-19,2,2.06,1.13
P100000124537,cement,2025-11-21,1,0.74,0.74
P100000124537,cement,2025-11-22,1,0.87,0.87
P100000124537,cement,2025-11-25,1,0.76,0.76
P100000124537,cement,2025-11-27,1,0.41,0.41
P100000124537,cement,2025-11-28,1,0.86,0.86
P100000124537,cement,2025-12-01,2,1.79,0.97
P100000124537,cement,2025-12-02,1,1.29,1.29
P100000124537,cement,2025-12-03,1,1.01,1.01
P100000124537,cement,2025-12-07,1,0.99,0.99
P100000124537,cement,2025-12-09,1,0.42,0.42
P100000124537,cement,2025-12-11,1,0.68,0.68
P100000124537,cement,2025-12-12,1,0.97,0.97
P100000124537,cement,2025-12-13,1,0.7,0.7
P100000124537,cement,2025-12-16,1,1.16,1.16
P100000124537,cement,2025-12-17,1,1.08,1.08
P100000124537,cement,2025-12-19,2,1.95,1.01
P100000124537,cement,2025-12-23,1,0.86,0.86
P100000124537,cement,2025-12-27,1,0.91,0.91
P100000124537,cement,2025-12-28,1,0.86,0.86
P100000124537,cement,2025-12-29,1,0.58,0.58
P100000124537,cement,2025-12-30,1,0.91,0.91
P100000124538,cement,2025-01-01,1,0.71,0.71
P100000124538,cement,2025-01-04,1,1.19,1.19
P100000124538,cement,2025-01-08,1,0.6,0.6
P100000124538,cement,2025-01-09,1,0.67,0.67
P100000124538,cement,2025-01-10,1,0.78,0.78
P100000124538,cement,2025-02-10,1,0.44,0.44
P100000124538,cement,2025-02-15,2,1.53,0.77
P100000124538,cement,2025-03-30,1,0.81,0.81
P100000124538,cement,2025-04-15,1,0.5,0.5
P100000124538,cement,2025-05-03,1,0.79,0.79
P100000124538,cement,2025-06-18,1,0.39,0.39
P100000124538,cement,2025-10-12,1,0.35,0.35
P100000124538,cement,2025-10-13,1,0.49,0.49
P100000124538,cement,2025-11-09,1,0.59,0.59
P100000124538,cement,2025-11-14,1,0.9,0.9
P100000124538,cement,2025-11-20,1,0.91,0.91
P100000124538,cement,2025-11-21,2,1.2999999999999998,0.82
P100000124538,cement,2025-11-25,1,0.85,0.85
P100000124538,cement,2025-11-28,2,1.15,0.78
P100000124538,cement,2025-12-01,1,0.98,0.98
P100000124538,cement,2025-12-03,1,0.65,0.65
P100000124538,cement,2025-12-06,2,2.09,1.11
P100000124538,cement,2025-12-07,1,1.0,1.0
P100000124538,cement,2025-12-08,1,0.57,0.57
P100000124538,cement,2025-12-10,1,0.59,0.59
P100000124538,cement,2025-12-11,1,0.6,0.6
P100000124538,cement,2025-12-12,1,0.6,0.6
P100000124538,cement,2025-12-14,1,0.79,0.79
P100000124538,cement,2025-12-16,1,0.76,0.76
P100000124538,cement,2025-12-17,2,1.22,0.62
P100000124538,cement,2025-12-18,1,0.66,0.66
P100000124538,cement,2025-12-19,1,0.67,0.67
P100000124538,cement,2025-12-25,1,0.96,0.96
P100000124538,cement,2025-12-26,2,1.4,0.8
P100000124538,cement,2025-12-27,1,0.98,0.98
P100000124538,cement,2025-12-28,1,0.93,0.93
P100000124538,cement,2025-12-30,1,0.87,0.87
P100000124539,cement,2025-02-26,2,8.94,4.8
P100000124539,cement,2025-02-27,4,8.6,3.86
P100000124539,cement,2025-02-28,1,0.94,0.94
P100000124539,cement,2025-03-15,1,0.84,0.84
P100000124539,cement,2025-03-29,1,0.81,0.81
P100000124539,cement,2025-04-04,1,2.07,2.07
P100000124539,cement,2025-04-07,2,2.25,1.52
P100000124539,cement,2025-04-24,1,2.17,2.17
P100000124541,cement,2025-01-06,1,0.82,0.82
P100000124541,cement,2025-01-07,1,0.65,0.65
P100000124541,cement,2025-01-08,1,0.86,0.86
P100000124541,cement,2025-01-09,1,0.79,0.79
P100000124541,cement,2025-02-09,1,0.69,0.69
P100000124541,cement,2025-02-10,1,0.48,0.48
P100000124541,cement,2025-02-23,1,0.64,0.64
P100000124541,cement,2025-03-03,2,1.3599999999999999,0.7
P100000124541,cement,2025-03-04,2,14.53,9.77
P100000124541,cement,2025-03-06,1,0.76,0.76
P100000124541,cement,2025-03-13,1,0.83,0.83
P100000124541,cement,2025-03-19,1,0.55,0.55
P100000124541,cement,2025-06-10,1,0.62,0.62
P100000124626,cement,2025-03-03,1,7.36,7.36
P100000124636,cement,2025-12-11,1,1.7,1.7
P100000124637,cement,2025-01-02,1,0.66,0.66
P100000124637,cement,2025-01-04,1,1.15,1.15
P100000124637,cement,2025-01-09,1,0.82,0.82
P100000124637,cement,2025-01-13,1,0.8,0.8
P100000124637,cement,2025-01-14,1,0.56,0.56
P100000124637,cement,2025-01-15,1,0.85,0.85
P100000124637,cement,2025-01-17,1,0.39,0.39
P100000124637,cement,2025-01-18,1,0.55,0.55
P100000124637,cement,2025-01-20,1,0.81,0.81
P100000124637,cement,2025-01-25,2,1.9899999999999998,1.17
P100000124637,cement,2025-01-28,1,1.26,1.26
P100000124637,cement,2025-01-29,1,0.85,0.85
P100000124637,cement,2025-01-30,1,0.9,0.9
P100000124637,cement,2025-01-31,1,0.67,0.67
P100000124637,cement,2025-02-02,1,0.76,0.76
P100000124637,cement,2025-02-04,2,1.35,0.77
P100000124637,cement,2025-02-05,1,0.95,0.95
P100000124637,cement,2025-02-06,1,0.9,0.9
P100000124637,cement,2025-02-11,1,0.99,0.99
P100000124637,cement,2025-02-13,1,0.75,0.75
P100000124637,cement,2025-02-14,1,0.98,0.98
P100000124637,cement,2025-02-15,1,1.14,1.14
P100000124637,cement,2025-02-16,1,0.93,0.93
P100000124637,cement,2025-02-18,1,0.47,0.47
P100000124637,cement,2025-02-19,1,0.69,0.69
P100000124637,cement,2025-02-20,1,0.8,0.8
P100000124637,cement,2025-02-21,1,0.7,0.7
P100000124637,cement,2025-02-22,1,0.61,0.61
P100000124637,cement,2025-03-02,1,0.97,0.97
P100000124637,cement,2025-03-04,1,0.88,0.88
P100000124637,cement,2025-03-07,1,1.35,1.35
P100000124637,cement,2025-03-08,1,0.9,0.9
P100000124637,cement,2025-03-09,1,1.08,1.08
P100000124637,cement,2025-03-13,1,1.09,1.09
P100000124637,cement,2025-03-14,1,1.17,1.17
P100000124637,cement,2025-03-15,1,0.93,0.93
P100000124637,cement,2025-03-18,1,0.76,0.76
P100000124637,cement,2025-03-19,1,1.26,1.26
P100000124637,cement,2025-03-31,1,0.57,0.57
P100000124637,cement,2025-04-03,1,0.8,0.8
P100000124637,cement,2025-04-05,1,0.91,0.91
P100000124637,cement,2025-04-09,1,1.48,1.48
P100000124637,cement,2025-04-16,1,0.6,0.6
P100000124637,cement,2025-04-21,1,1.02,1.02
P100000124637,cement,2025-04-23,1,0.52,0.52
P100000124637,cement,2025-05-12,1,1.52,1.52
P100000124637,cement,2025-05-23,1,1.29,1.29
P100000124637,cement,2025-06-03,1,1.05,1.05
P100000124637,cement,2025-06-08,1,1.27,1.27
P100000124637,cement,2025-06-18,1,0.85,0.85
P100000124637,cement,2025-07-24,2,1.29,0.66
P100000124637,cement,2025-08-06,1,0.86,0.86
P100000124637,cement,2025-08-11,1,1.38,1.38
P100000124637,cement,2025-08-16,1,2.18,2.18
P100000124637,cement,2025-08-27,1,1.04,1.04
P100000124637,cement,2025-09-12,1,1.03,1.03
P100000124637,cement,2025-09-17,1,0.87,0.87
P100000124637,cement,2025-09-22,1,0.89,0.89
P100000124637,cement,2025-09-23,1,0.87,0.87
P100000124637,cement,2025-09-26,1,0.8,0.8
P100000124637,cement,2025-10-03,1,0.48,0.48
P100000124637,cement,2025-10-09,1,0.58,0.58
P100000124637,cement,2025-10-12,1,0.91,0.91
P100000124637,cement,2025-10-13,1,1.44,1.44
P100000124637,cement,2025-10-14,1,1.19,1.19
P100000124637,cement,2025-10-17,1,0.81,0.81
P100000124637,cement,2025-10-18,1,0.62,0.62
P100000124637,cement,2025-10-19,1,1.22,1.22
P100000124637,cement,2025-10-25,1,1.22,1.22
P100000124637,cement,2025-11-02,2,2.51,1.46
P100000124637,cement,2025-11-06,1,1.09,1.09
P100000124637,cement,2025-11-07,2,1.81,0.91
P100000124637,cement,2025-11-08,1,0.84,0.84
P100000124637,cement,2025-11-16,1,1.56,1.56
P100000124637,cement,2025-11-29,1,0.77,0.77
P100000124637,cement,2025-12-01,1,1.26,1.26
P100000124637,cement,2025-12-03,1,0.51,0.51
P100000124637,cement,2025-12-05,1,0.53,0.53
P100000124637,cement,2025-12-06,1,1.43,1.43
P100000124637,cement,2025-12-08,1,0.81,0.81
P100000124637,cement,2025-12-10,2,2.12,1.41
P100000124637,cement,2025-12-11,1,1.34,1.34
P100000124637,cement,2025-12-12,1,1.29,1.29
P100000124637,cement,2025-12-14,1,0.86,0.86
P100000124637,cement,2025-12-15,1,1.01,1.01
P100000124637,cement,2025-12-17,1,0.4,0.4
P100000124637,cement,2025-12-19,1,0.66,0.66
P100000124637,cement,2025-12-21,1,0.85,0.85
P100000124637,cement,2025-12-22,1,1.33,1.33
P100000124637,cement,2025-12-27,1,1.01,1.01
P100000124640,cement,2025-05-11,2,5.25,2.66
P100000124641,cement,2025-04-05,1,6.99,6.99
P100000124722,cement,2025-06-13,1,2.86,2.86
P100000125199,cement,2025-01-09,1,2.39,2.39
P100000125199,cement,2025-02-02,2,5.430000000000001,4.11
P100000125199,cement,2025-12-11,1,4.39,4.39
P100000125199,cement,2025-12-29,1,2.68,2.68
P100000125208,cement,2025-04-11,1,0.76,0.76
P100000125208,cement,2025-04-22,1,1.13,1.13
P100000125215,cement,2025-12-07,1,0.59,0.59
P100000126784,cement,2025-11-10,1,3.22,3.22
P100000126804,cement,2025-03-05,1,4.46,4.46
P100000126804,cement,2025-03-14,1,2.38,2.38
P100000126804,cement,2025-03-28,1,4.41,4.41
P100000126804,cement,2025-03-29,1,4.96,4.96
P100000126804,cement,2025-03-30,2,8.84,4.42
P100000126804,cement,2025-04-25,2,4.65,2.78
P100000126804,cement,2025-04-26,1,3.02,3.02
P100000126804,cement,2025-12-27,2,6.84,3.42
P100000127201,cement,2025-09-22,1,4.55,4.55
P100000127204,cement,2025-03-06,1,4.43,4.43
P100000127204,cement,2025-04-24,1,11.19,11.19
P100000127205,cement,2025-01-02,1,2.26,2.26
P100000127509,cement,2025-01-26,1,0.65,0.65
P100000127509,cement,2025-02-02,1,0.64,0.64
P100000127509,cement,2025-02-03,1,0.67,0.67
P100000127509,cement,2025-02-07,1,0.96,0.96
P100000127509,cement,2025-02-15,1,0.42,0.42
P100000127509,cement,2025-03-08,1,0.93,0.93
P100001025672,steel,2025-01-01,1,0.62,0.62
P100001025672,steel,2025-01-07,1,0.64,0.64
P100001025672,steel,2025-01-10,1,0.35,0.35
P100001025672,steel,2025-01-26,1,0.86,0.86
P100001025672,steel,2025-01-27,1,0.52,0.52
P100001025672,steel,2025-01-28,1,0.64,0.64
P100001025672,steel,2025-01-29,1,0.9,0.9
P100001025672,steel,2025-01-30,1,0.62,0.62
P100001025672,steel,2025-02-03,1,0.64,0.64
P100001025672,steel,2025-02-06,1,0.94,0.94
P100001025672,steel,2025-02-08,2,7.029999999999999,6.35
P100001025672,steel,2025-02-13,1,0.62,0.62
P100001025672,steel,2025-02-15,1,0.45,0.45
P100001025672,steel,2025-02-18,1,0.57,0.57
P100001025672,steel,2025-02-27,1,0.39,0.39
P100001025672,steel,2025-03-01,1,0.68,0.68
P100001025672,steel,2025-03-04,1,2.02,2.02
P100001025672,steel,2025-03-05,1,0.46,0.46
P100001025672,steel,2025-03-06,1,0.65,0.65
P100001025672,steel,2025-03-07,1,10.06,10.06
P100001025672,steel,2025-11-13,2,0.79,0.54
P100001025672,steel,2025-12-04,1,0.58,0.58
P100001025672,steel,2025-12-08,1,0.45,0.45
P100001025672,steel,2025-12-09,1,1.25,1.25
P100001025672,steel,2025-12-10,1,1.35,1.35
P100001025672,steel,2025-12-11,1,0.95,0.95
P100001025672,steel,2025-12-15,1,1.36,1.36
P100001025672,steel,2025-12-16,1,0.38,0.38
P100001025672,steel,2025-12-17,1,0.47,0.47
P100001025672,steel,2025-12-23,1,1.14,1.14
P100001025672,steel,2025-12-27,1,0.87,0.87
P100001025672,steel,2025-12-28,1,0.2,0.2
P100001025815,steel,2025-01-01,1,0.52,0.52
P100001025815,steel,2025-01-07,1,0.54,0.54
P100001025815,steel,2025-01-08,2,1.11,0.68
P100001025815,steel,2025-01-23,1,0.8,0.8
P100001025815,steel,2025-01-24,1,0.96,0.96
P100001025815,steel,2025-01-27,1,0.71,0.71
P100001025815,steel,2025-02-13,1,0.4,0.4
P100001025815,steel,2025-02-14,1,0.91,0.91
P100001025815,steel,2025-02-28,1,0.67,0.67
P100001025815,steel,2025-03-05,1,0.77,0.77
P100001025815,steel,2025-03-06,1,0.64,0.64
P100001025815,steel,2025-03-12,1,8.18,8.18
P100001025815,steel,2025-03-16,1,0.42,0.42
P100001025815,steel,2025-03-17,1,0.82,0.82
P100001025815,steel,2025-03-18,1,7.02,7.02
P100001025815,steel,2025-03-29,1,0.68,0.68
P100001025815,steel,2025-04-14,1,0.52,0.52
P100001025815,steel,2025-04-18,1,0.9,0.9
P100001025815,steel,2025-10-17,1,0.75,0.75
P100001025815,steel,2025-10-26,1,0.86,0.86
P100001025815,steel,2025-11-18,1,0.48,0.48
P100001025815,steel,2025-11-24,1,0.66,0.66
P100001025815,steel,2025-12-09,2,1.4,0.8
P100001025815,steel,2025-12-19,1,0.52,0.52
P100001025815,steel,2025-12-20,1,0.57,0.57
P100001025815,steel,2025-12-25,1,0.73,0.73
P100001025815,steel,2025-12-26,1,0.82,0.82
P100001025818,steel,2025-01-12,1,0.33,0.33
P100001025818,steel,2025-01-17,1,0.4,0.4
P100001025818,steel,2025-02-13,1,0.37,0.37
P100001025818,steel,2025-03-28,1,0.75,0.75
P100001025818,steel,2025-04-18,1,0.66,0.66
P100001025818,steel,2025-04-19,1,0.96,0.96
P100001025818,steel,2025-06-06,1,0.78,0.78
P100001025818,steel,2025-06-12,1,0.98,0.98
P100001025818,steel,2025-07-22,1,1.07,1.07
P100001025818,steel,2025-08-20,1,1.88,1.88
P100001025818,steel,2025-08-28,1,1.17,1.17
P100001025818,steel,2025-09-06,1,0.8,0.8
P100001025818,steel,2025-10-20,1,1.19,1.19
P100001025818,steel,2025-10-21,1,0.82,0.82
P100001025818,steel,2025-10-22,1,0.71,0.71
P100001025818,steel,2025-10-27,1,0.51,0.51
P100001025818,steel,2025-11-01,1,1.02,1.02
P100001025818,steel,2025-11-02,1,1.21,1.21
P100001025818,steel,2025-11-05,1,0.44,0.44
P100001025818,steel,2025-11-07,1,0.81,0.81
P100001025818,steel,2025-11-08,1,0.65,0.65
P100001025818,steel,2025-11-09,2,0.98,0.52
P100001025818,steel,2025-11-12,1,0.59,0.59
P100001025818,steel,2025-11-18,1,0.64,0.64
P100001025818,steel,2025-11-20,1,0.64,0.64
P100001025818,steel,2025-11-21,1,0.6,0.6
P100001025818,steel,2025-11-23,1,0.44,0.44
P100001025818,steel,2025-11-24,2,1.63,1.16
P100001025818,steel,2025-11-25,1,0.36,0.36
P100001025818,steel,2025-11-27,1,0.76,0.76
P100001025818,steel,2025-11-28,1,0.49,0.49
P100001025818,steel,2025-12-03,1,0.77,0.77
P100001025818,steel,2025-12-04,1,0.44,0.44
P100001025818,steel,2025-12-08,1,0.69,0.69
P100001025818,steel,2025-12-09,1,0.87,0.87
P100001025818,steel,2025-12-10,1,0.68,0.68
P100001025818,steel,2025-12-11,1,0.46,0.46
P100001025818,steel,2025-12-13,1,0.79,0.79
P100001025818,steel,2025-12-14,1,0.38,0.38
P100001025818,steel,2025-12-15,1,1.0,1.0
P100001025818,steel,2025-12-19,1,0.87,0.87
P100001025818,steel,2025-12-20,1,0.36,0.36
P100001025818,steel,2025-12-27,1,0.75,0.75
P100001025818,steel,2025-12-28,2,1.13,0.63
P100001025818,steel,2025-12-29,1,1.23,1.23
P100001025818,steel,2025-12-30,2,1.32,0.77
P100001025818,steel,2025-12-31,1,0.69,0.69
P100001025819,steel,2025-01-01,2,3.4299999999999997,2.44
P100001025819,steel,2025-01-02,2,1.76,0.88
P100001025819,steel,2025-01-03,2,2.82,1.43
P100001025819,steel,2025-01-04,3,2.83,1.19
P100001025819,steel,2025-01-05,2,1.73,0.94
P100001025819,steel,2025-01-06,2,2.8,1.4
P100001025819,steel,2025-01-07,3,3.25,1.25
P100001025819,steel,2025-01-08,2,2.84,1.42
P100001025819,steel,2025-01-09,2,2.59,1.49
P100001025819,steel,2025-01-10,3,2.99,1.23
P100001025819,steel,2025-01-11,2,1.36,0.68
P100001025819,steel,2025-01-12,2,2.4,1.2
P100001025819,steel,2025-01-13,2,3.29,2.09
P100001025819,steel,2025-01-14,2,2.19,1.2
P100001025819,steel,2025-01-15,2,2.94,1.78
P100001025819,steel,2025-01-17,4,6.1,2.15
P100001025819,steel,2025-01-18,3,4.07,1.36
P100001025819,steel,2025-01-19,2,2.26,1.13
P100001025819,steel,2025-01-20,1,0.73,0.73
P100001025819,steel,2025-01-21,2,3.19,1.71
P100001025819,steel,2025-01-22,2,3.38,2.08
P100001025819,steel,2025-01-23,2,2.24,1.12
P100001025819,steel,2025-01-25,2,1.46,0.75
P100001025819,steel,2025-01-26,1,0.53,0.53
P100001025819,steel,2025-01-27,1,1.58,1.58
P100001025819,steel,2025-01-28,2,2.18,1.09
P100001025819,steel,2025-01-29,2,1.92,0.96
P100001025819,steel,2025-01-30,1,2.03,2.03
P100001025819,steel,2025-02-01,1,1.95,1.95
P100001025819,steel,2025-02-02,2,2.3,1.27
P100001025819,steel,2025-02-03,2,2.79,1.69
P100001025819,steel,2025-02-04,1,2.02,2.02
P100001025819,steel,2025-02-06,3,3.8600000000000003,1.37
P100001025819,steel,2025-02-07,1,1.86,1.86
P100001025819,steel,2025-02-08,2,2.88,1.91
P100001025819,steel,2025-02-09,4,4.12,1.24
P100001025819,steel,2025-02-10,2,1.95,1.23
P100001025819,steel,2025-02-11,1,0.89,0.89
P100001025819,steel,2025-02-12,2,2.14,1.07
P100001025819,steel,2025-02-13,2,1.9,0.95
P100001025819,steel,2025-02-14,2,2.16,1.08
P100001025819,steel,2025-02-15,3,4.779999999999999,1.88
P100001025819,steel,2025-02-16,1,0.93,0.93
P100001025819,steel,2025-02-18,2,1.98,0.99
P100001025819,steel,2025-02-19,1,0.93,0.93
P100001025819,steel,2025-02-20,1,1.41,1.41
P100001025819,steel,2025-02-21,2,1.3900000000000001,0.93
P100001025819,steel,2025-02-22,2,1.52,0.87
P100001025819,steel,2025-02-23,2,2.63,1.62
P100001025819,steel,2025-02-24,2,2.86,1.97
P100001025819,steel,2025-02-26,1,1.46,1.46
P100001025819,steel,2025-02-27,1,0.58,0.58
P100001025819,steel,2025-02-28,1,1.89,1.89
P100001025819,steel,2025-03-01,2,2.02,1.01
P100001025819,steel,2025-03-02,1,2.7,2.7
P100001025819,steel,2025-03-03,1,1.74,1.74
P100001025819,steel,2025-03-04,1,0.63,0.63
P100001025819,steel,2025-03-05,1,0.59,0.59
P100001025819,steel,2025-03-06,1,1.74,1.74
P100001025819,steel,2025-03-07,2,2.22,1.11
P100001025819,steel,2025-03-08,1,1.67,1.67
P100001025819,steel,2025-03-12,1,1.69,1.69
P100001025819,steel,2025-03-13,1,1.48,1.48
P100001025819,steel,2025-03-16,1,1.39,1.39
P100001025819,steel,2025-03-17,2,1.89,1.14
P100001025819,steel,2025-03-18,1,1.38,1.38
P100001025819,steel,2025-03-19,1,1.55,1.55
P100001025819,steel,2025-03-23,2,2.4,1.2
P100001025819,steel,2025-03-24,1,0.91,0.91
P100001025819,steel,2025-03-25,4,5.2,1.84
P100001025819,steel,2025-03-26,2,2.0300000000000002,1.07
P100001025819,steel,2025-03-27,2,2.43,1.34
P100001025819,steel,2025-03-28,2,2.4,1.2
P100001025819,steel,2025-03-29,1,1.27,1.27
P100001025819,steel,2025-03-30,2,2.24,1.5
P100001025819,steel,2025-03-31,1,1.65,1.65
P100001025819,steel,2025-04-01,2,2.66,1.4
P100001025819,steel,2025-04-04,2,4.87,2.68
P100001025819,steel,2025-04-05,2,2.1100000000000003,1.1
P100001025819,steel,2025-04-06,1,1.34,1.34
P100001025819,steel,2025-04-07,2,3.11,1.67
P100001025819,steel,2025-04-08,2,2.28,1.14
P100001025819,steel,2025-04-09,2,2.8,1.42
P100001025819,steel,2025-04-11,1,1.45,1.45
P100001025819,steel,2025-04-13,1,1.97,1.97
P100001025819,steel,2025-04-14,3,5.16,2.54
P100001025819,steel,2025-04-16,1,1.16,1.16
P100001025819,steel,2025-04-18,2,2.8600000000000003,2.14
P100001025819,steel,2025-04-19,2,2.48,1.24
P100001025819,steel,2025-04-22,1,2.69,2.69
P100001025819,steel,2025-04-23,1,3.1,3.1
P100001025819,steel,2025-04-24,2,3.31,1.71
P100001025819,steel,2025-04-25,1,2.22,2.22
P100001025819,steel,2025-04-26,1,1.34,1.34
P100001025819,steel,2025-04-28,1,0.65,0.65
P100001025819,steel,2025-04-29,1,2.41,2.41
P100001025819,steel,2025-04-30,3,4.37,1.77
P100001025819,steel,2025-05-01,1,1.3,1.3
P100001025819,steel,2025-05-02,3,3.35,1.28
P100001025819,steel,2025-05-03,1,0.95,0.95
P100001025819,steel,2025-05-04,2,2.12,1.06
P100001025819,steel,2025-05-05,2,2.3,1.65
P100001025819,steel,2025-05-06,1,1.96,1.96
P100001025819,steel,2025-05-09,2,3.02,1.82
P100001025819,steel,2025-05-10,1,2.01,2.01
P100001025819,steel,2025-05-11,1,2.9,2.9
P100001025819,steel,2025-05-13,1,0.67,0.67
P100001025819,steel,2025-05-14,1,2.61,2.61
P100001025819,steel,2025-05-15,2,0.9,0.45
P100001025819,steel,2025-05-26,2,2.6,1.3
P100001025819,steel,2025-05-28,1,0.65,0.65
P100001025819,steel,2025-06-05,2,1.58,0.79
P100001025819,steel,2025-06-06,1,4.93,4.93
P100001025819,steel,2025-06-08,1,1.51,1.51
P100001025819,steel,2025-06-09,1,1.48,1.48
P100001025819,steel,2025-06-10,1,1.65,1.65
P100001025819,steel,2025-06-11,2,2.81,1.58
P100001025819,steel,2025-06-12,2,2.34,1.17
P100001025819,steel,2025-06-13,1,1.46,1.46
P100001025819,steel,2025-06-14,1,2.21,2.21
P100001025819,steel,2025-08-16,1,0.9,0.9
P100001025819,steel,2025-08-25,1,0.93,0.93
P100001025819,steel,2025-08-26,1,1.27,1.27
P100001025819,steel,2025-08-30,1,1.27,1.27
P100001025819,steel,2025-09-05,1,1.54,1.54
P100001025819,steel,2025-09-07,1,1.4,1.4
P100001025819,steel,2025-09-08,1,1.13,1.13
P100001025819,steel,2025-09-09,1,1.6,1.6
P100001025819,steel,2025-09-10,1,1.47,1.47
P100001025819,steel,2025-09-24,1,0.79,0.79
P100001025819,steel,2025-09-28,1,1.2,1.2
P100001025819,steel,2025-09-29,1,1.32,1.32
P100001025819,steel,2025-09-30,1,2.26,2.26
P100001025819,steel,2025-10-06,1,0.55,0.55
P100001025819,steel,2025-10-08,2,0.96,0.48
P100001025819,steel,2025-10-10,1,1.13,1.13
P100001025819,steel,2025-10-11,1,1.24,1.24
P100001025819,steel,2025-10-12,2,1.88,0.94
P100001025819,steel,2025-10-13,2,2.83,1.44
P100001025819,steel,2025-10-14,1,0.62,0.62
P100001025819,steel,2025-10-16,2,1.5499999999999998,0.85
P100001025819,steel,2025-10-17,1,1.07,1.07
P100001025819,steel,2025-10-18,1,1.28,1.28
P100001025819,steel,2025-10-20,1,1.13,1.13
P100001025819,steel,2025-10-21,2,2.52,1.26
P100001025819,steel,2025-10-22,2,2.6500000000000004,1.59
P100001025819,steel,2025-10-23,2,2.36,1.18
P100001025819,steel,2025-10-24,1,1.64,1.64
P100001025819,steel,2025-10-26,2,1.67,0.97
P100001025819,steel,2025-11-03,2,1.68,0.84
P100001025819,steel,2025-11-04,2,1.4,0.79
P100001025819,steel,2025-11-05,1,1.14,1.14
P100001025819,steel,2025-11-06,1,2.13,2.13
P100001025819,steel,2025-11-07,2,2.48,1.39
P100001025819,steel,2025-11-08,2,3.08,1.54
P100001025819,steel,2025-11-09,4,4.93,1.86
P100001025819,steel,2025-11-10,2,2.8,1.82
P100001025819,steel,2025-11-12,2,2.8,1.4
P100001025819,steel,2025-11-13,2,2.64,1.32
P100001025819,steel,2025-11-14,1,1.09,1.09
P100001025819,steel,2025-11-15,1,0.68,0.68
P100001025819,steel,2025-11-16,2,1.94,0.97
P100001025819,steel,2025-11-17,1,1.45,1.45
P100001025819,steel,2025-11-18,2,2.3,1.15
P100001025819,steel,2025-11-19,2,2.86,1.91
P100001025819,steel,2025-11-20,1,1.39,1.39
P100001025819,steel,2025-11-21,1,1.2,1.2
P100001025819,steel,2025-11-23,1,1.09,1.09
P100001025819,steel,2025-11-24,1,2.32,2.32
P100001025819,steel,2025-11-25,4,2.14,0.56
P100001025819,steel,2025-11-26,2,2.0,1.05
P100001025819,steel,2025-11-27,2,1.82,0.91
P100001025819,steel,2025-11-28,2,1.66,0.83
P100001025819,steel,2025-11-29,3,3.26,1.8
P100001025819,steel,2025-11-30,1,0.94,0.94
P100001025819,steel,2025-12-03,1,1.02,1.02
P100001025819,steel,2025-12-04,2,2.29,1.38
P100001025819,steel,2025-12-05,1,0.96,0.96
P100001025819,steel,2025-12-09,2,1.72,0.86
P100001025819,steel,2025-12-12,1,0.66,0.66
P100001025819,steel,2025-12-13,1,1.18,1.18
P100001025819,steel,2025-12-14,2,2.42,1.21
P100001025819,steel,2025-12-15,2,2.5,1.25
P100001025819,steel,2025-12-16,1,2.05,2.05
P100001025819,steel,2025-12-17,1,1.08,1.08
P100001025819,steel,2025-12-18,1,1.82,1.82
P100001025819,steel,2025-12-19,2,2.32,1.16
P100001025819,steel,2025-12-20,2,2.08,1.04
P100001025819,steel,2025-12-21,2,1.38,0.69
P100001025819,steel,2025-12-23,2,1.3900000000000001,0.84
P100001025819,steel,2025-12-24,2,2.4699999999999998,1.65
P100001025819,steel,2025-12-25,2,2.82,1.41
P100001025819,steel,2025-12-26,2,2.28,1.14
P100001025819,steel,2025-12-27,1,0.77,0.77
P100001025819,steel,2025-12-28,3,3.12,1.05
P100001025819,steel,2025-12-29,1,1.42,1.42
P100001025819,steel,2025-12-30,3,2.8000000000000003,1.07
P100001025819,steel,2025-12-31,2,2.44,1.22
P100001025922,steel,2025-01-01,1,0.45,0.45
P100001025922,steel,2025-01-02,1,0.52,0.52
P100001025922,steel,2025-01-07,1,0.92,0.92
P100001025922,steel,2025-01-13,1,1.51,1.51
P100001025922,steel,2025-01-15,1,1.17,1.17
P100001025922,steel,2025-01-18,2,2.0,1.31
P100001025922,steel,2025-01-19,1,1.71,1.71
P100001025922,steel,2025-01-24,2,2.48,1.24
P100001025922,steel,2025-01-27,1,1.24,1.24
P100001025922,steel,2025-01-29,1,0.72,0.72
P100001025922,steel,2025-01-30,1,1.44,1.44
P100001025922,steel,2025-01-31,3,3.0,1.08
P100001025922,steel,2025-02-02,2,2.4299999999999997,1.41
P100001025922,steel,2025-02-03,1,0.94,0.94
P100001025922,steel,2025-02-05,1,1.14,1.14
P100001025922,steel,2025-02-06,1,0.92,0.92
P100001025922,steel,2025-02-08,1,1.46,1.46
P100001025922,steel,2025-02-09,1,1.73,1.73
P100001025922,steel,2025-02-10,1,1.55,1.55
P100001025922,steel,2025-02-13,2,3.04,1.77
P100001025922,steel,2025-02-15,1,1.77,1.77
P100001025922,steel,2025-02-16,2,1.77,0.89
P100001025922,steel,2025-02-17,1,1.13,1.13
P100001025922,steel,2025-02-19,1,1.03,1.03
P100001025922,steel,2025-02-20,3,2.73,1.05
P100001025922,steel,2025-02-21,3,3.19,1.55
P100001025922,steel,2025-02-24,1,1.47,1.47
P100001025922,steel,2025-03-06,2,2.2199999999999998,1.38
P100001025922,steel,2025-03-07,2,2.25,1.43
P100001025922,steel,2025-03-09,2,13.5,6.75
P100001025922,steel,2025-03-13,1,4.76,4.76
P100001025922,steel,2025-03-14,1,2.94,2.94
P100001025922,steel,2025-03-18,1,1.32,1.32
P100001025922,steel,2025-03-19,1,1.27,1.27
P100001025922,steel,2025-03-22,1,1.0,1.0
P100001025922,steel,2025-03-23,2,1.74,0.87
P100001025922,steel,2025-03-24,1,2.18,2.18
P100001025922,steel,2025-03-26,1,1.8,1.8
P100001025922,steel,2025-03-27,1,2.03,2.03
P100001025922,steel,2025-03-28,1,2.9,2.9
P100001025922,steel,2025-03-29,1,2.04,2.04
P100001025922,steel,2025-04-01,1,1.93,1.93
P100001025922,steel,2025-04-04,1,1.53,1.53
P100001025922,steel,2025-04-08,1,0.94,0.94
P100001025922,steel,2025-04-19,1,2.55,2.55
P100001025922,steel,2025-04-26,1,1.38,1.38
P100001025922,steel,2025-04-27,2,4.46,2.34
P100001025922,steel,2025-04-28,1,0.39,0.39
P100001025922,steel,2025-04-30,2,2.8,1.4
P100001025922,steel,2025-05-02,1,1.42,1.42
P100001025922,steel,2025-05-04,1,1.13,1.13
P100001025922,steel,2025-05-06,1,2.46,2.46
P100001025922,steel,2025-05-10,3,9.48,5.06
P100001025922,steel,2025-05-11,1,1.36,1.36
P100001025922,steel,2025-06-01,1,1.05,1.05
P100001025922,steel,2025-06-05,1,1.95,1.95
P100001025922,steel,2025-06-11,2,5.5600000000000005,3.23
P100001025922,steel,2025-06-13,1,1.34,1.34
P100001025922,steel,2025-07-23,1,1.47,1.47
P100001025922,steel,2025-08-09,1,1.29,1.29
P100001025922,steel,2025-08-10,1,2.34,2.34
P100001025922,steel,2025-08-14,2,2.3,1.15
P100001025922,steel,2025-09-04,1,1.0,1.0
P100001025922,steel,2025-09-05,1,1.53,1.53
P100001025922,steel,2025-09-06,1,3.02,3.02
P100001025922,steel,2025-09-17,1,1.32,1.32
P100001025922,steel,2025-09-20,2,2.71,1.45
P100001025922,steel,2025-09-23,1,1.41,1.41
P100001025922,steel,2025-09-26,2,0.94,0.47
P100001025922,steel,2025-09-27,1,1.6,1.6
P100001025922,steel,2025-10-11,2,6.16,4.3
P100001025922,steel,2025-10-12,1,1.5,1.5
P100001025922,steel,2025-10-13,3,5.55,2.85
P100001025922,steel,2025-10-14,1,1.94,1.94
P100001025922,steel,2025-10-20,1,1.49,1.49
P100001025922,steel,2025-10-22,1,1.86,1.86
P100001025922,steel,2025-10-23,1,1.61,1.61
P100001025922,steel,2025-10-24,1,1.39,1.39
P100001025922,steel,2025-11-01,2,1.71,1.14
P100001025922,steel,2025-11-02,3,3.83,2.37
P100001025922,steel,2025-11-03,1,2.92,2.92
P100001025922,steel,2025-11-04,2,2.9,1.45
P100001025922,steel,2025-11-07,1,1.37,1.37
P100001025922,steel,2025-11-08,1,2.63,2.63
P100001025922,steel,2025-11-09,1,1.91,1.91
P100001025922,steel,2025-11-10,3,4.45,1.63
P100001025922,steel,2025-11-13,2,2.02,1.01
P100001025922,steel,2025-11-14,1,1.12,1.12
P100001025922,steel,2025-11-15,1,1.0,1.0
P100001025922,steel,2025-11-18,2,3.41,2.14
P100001025922,steel,2025-11-19,1,3.2,3.2
P100001025922,steel,2025-11-20,2,2.62,1.31
P100001025922,steel,2025-11-22,1,1.11,1.11
P100001025922,steel,2025-11-23,2,4.07,2.79
P100001025922,steel,2025-11-24,3,5.86,2.68
P100001025922,steel,2025-11-25,1,3.97,3.97
P100001025922,steel,2025-11-29,2,1.8,0.9
P100001025922,steel,2025-11-30,1,1.46,1.46
P100001025922,steel,2025-12-03,1,0.87,0.87
P100001025922,steel,2025-12-04,2,4.01,3.35
P100001025922,steel,2025-12-05,1,1.89,1.89
P100001025922,steel,2025-12-06,2,0.98,0.49
P100001025922,steel,2025-12-10,2,3.9800000000000004,2.72
P100001025922,steel,2025-12-11,1,1.21,1.21
P100001025922,steel,2025-12-14,1,1.62,1.62
P100001025922,steel,2025-12-15,1,2.2,2.2
P100001025922,steel,2025-12-16,2,2.0,1.0
P100001025922,steel,2025-12-17,1,1.73,1.73
P100001025922,steel,2025-12-20,2,2.5999999999999996,1.65
P100001025922,steel,2025-12-21,4,5.69,1.83
P100001025922,steel,2025-12-22,1,1.81,1.81
P100001025922,steel,2025-12-24,1,1.29,1.29
P100001025922,steel,2025-12-25,4,2.19,0.62
P100001025922,steel,2025-12-26,2,3.2600000000000002,2.24
P100001025922,steel,2025-12-30,1,0.78,0.78
P100001025922,steel,2025-12-31,5,5.46,2.31
P100001025938,steel,2025-01-18,1,1.2,1.2
P100001045282,steel,2025-01-17,1,0.63,0.63
P100001045282,steel,2025-01-18,1,0.8,0.8
P100001045282,steel,2025-01-20,1,0.49,0.49
P100001045282,steel,2025-01-21,1,0.74,0.74
P100001045282,steel,2025-01-22,2,5.75,4.81
P100001045282,steel,2025-01-26,1,0.63,0.63
P100001045282,steel,2025-01-27,1,0.91,0.91
P100001045282,steel,2025-02-01,1,1.06,1.06
P100001045282,steel,2025-02-07,1,0.84,0.84
P100001045282,steel,2025-02-08,1,0.54,0.54
P100001045282,steel,2025-02-12,1,1.02,1.02
P100001045282,steel,2025-02-13,1,1.02,1.02
P100001045282,steel,2025-02-17,1,0.81,0.81
P100001045282,steel,2025-02-18,1,1.13,1.13
P100001045282,steel,2025-02-22,1,0.83,0.83
P100001045282,steel,2025-02-23,1,0.93,0.93
P100001045282,steel,2025-02-27,1,1.34,1.34
P100001045282,steel,2025-03-05,1,1.08,1.08
P100001045282,steel,2025-03-06,1,1.09,1.09
P100001045282,steel,2025-03-10,1,1.17,1.17
P100001045282,steel,2025-03-11,1,1.22,1.22
P100001045282,steel,2025-03-16,1,1.06,1.06
P100001045282,steel,2025-03-27,1,0.47,0.47
P100001045282,steel,2025-04-01,2,2.66,1.45
P100001045282,steel,2025-04-06,1,1.75,1.75
P100001045282,steel,2025-04-08,1,1.25,1.25
P100001045282,steel,2025-04-17,1,1.1,1.1
P100001045282,steel,2025-04-23,1,1.2,1.2
P100001045282,steel,2025-04-28,1,0.8,0.8
P100001045282,steel,2025-05-09,1,1.37,1.37
P100001045282,steel,2025-09-25,1,1.06,1.06
P100001045282,steel,2025-10-15,1,0.78,0.78
P100001045282,steel,2025-10-21,1,0.79,0.79
P100001045282,steel,2025-11-06,1,0.6,0.6
P100001045282,steel,2025-11-12,1,0.79,0.79
P100001045282,steel,2025-11-27,2,1.6099999999999999,0.9
P100001045282,steel,2025-12-03,1,0.59,0.59
P100001045282,steel,2025-12-08,2,2.46,1.63
P100001045282,steel,2025-12-13,2,1.31,0.72
P100001045282,steel,2025-12-18,1,0.42,0.42
P100001045282,steel,2025-12-19,2,1.3399999999999999,0.75
P100001045282,steel,2025-12-24,1,0.77,0.77
P100001045282,steel,2025-12-26,1,0.54,0.54
P100001045284,steel,2025-01-01,1,0.96,0.96
P100001045284,steel,2025-01-02,2,1.67,0.9
P100001045284,steel,2025-01-03,1,1.31,1.31
P100001045284,steel,2025-01-06,2,1.74,1.02
P100001045284,steel,2025-01-07,2,1.5699999999999998,0.88
P100001045284,steel,2025-01-08,1,0.95,0.95
P100001045284,steel,2025-01-12,2,2.35,1.29
P100001045284,steel,2025-01-13,2,2.0700000000000003,1.04
P100001045284,steel,2025-01-16,1,0.74,0.74
P100001045284,steel,2025-01-23,1,1.17,1.17
P100001045284,steel,2025-01-27,1,0.95,0.95
P100001045284,steel,2025-01-28,2,1.8199999999999998,1.2
P100001045284,steel,2025-01-29,2,1.64,0.82
P100001045284,steel,2025-01-30,1,1.08,1.08
P100001045284,steel,2025-01-31,1,1.31,1.31
P100001045284,steel,2025-02-22,1,0.83,0.83
P100001045284,steel,2025-02-24,1,0.81,0.81
P100001045284,steel,2025-03-05,1,0.48,0.48
P100001045284,steel,2025-04-28,1,0.74,0.74
P100001045284,steel,2025-05-04,1,1.86,1.86
P100001045284,steel,2025-06-05,1,2.59,2.59
P100001045284,steel,2025-09-29,1,1.11,1.11
P100001045284,steel,2025-09-30,1,1.06,1.06
P100001045284,steel,2025-10-06,1,0.82,0.82
P100001045284,steel,2025-10-11,1,1.25,1.25
P100001045284,steel,2025-10-12,1,1.25,1.25
P100001045284,steel,2025-10-13,1,1.59,1.59
P100001045284,steel,2025-10-15,1,0.6,0.6
P100001045284,steel,2025-10-16,1,1.04,1.04
P100001045284,steel,2025-10-17,1,1.31,1.31
P100001045284,steel,2025-10-18,1,1.09,1.09
P100001045284,steel,2025-10-21,1,1.55,1.55
P100001045284,steel,2025-10-22,1,1.38,1.38
P100001045284,steel,2025-10-27,1,1.34,1.34
P100001045284,steel,2025-11-02,1,0.98,0.98
P100001045284,steel,2025-11-03,1,1.19,1.19
P100001045284,steel,2025-11-05,2,2.33,1.44
P100001045284,steel,2025-11-06,1,0.8,0.8
P100001045284,steel,2025-11-07,1,1.15,1.15
P100001045284,steel,2025-11-12,2,1.8,0.9
P100001045284,steel,2025-11-13,1,1.05,1.05
P100001045284,steel,2025-11-14,1,0.69,0.69
P100001045284,steel,2025-11-16,1,0.44,0.44
P100001045284,steel,2025-11-17,1,0.58,0.58
P100001045284,steel,2025-11-18,1,1.02,1.02
P100001045284,steel,2025-11-19,1,1.16,1.16
P100001045284,steel,2025-11-23,1,0.95,0.95
P100001045284,steel,2025-11-24,1,0.62,0.62
P100001045284,steel,2025-11-28,1,1.01,1.01
P100001045284,steel,2025-11-29,1,0.87,0.87
P100001045284,steel,2025-12-03,1,1.3,1.3
P100001045284,steel,2025-12-04,2,1.22,0.61
P100001045284,steel,2025-12-10,2,1.7599999999999998,1.15
P100001045284,steel,2025-12-15,1,1.52,1.52
P100001045284,steel,2025-12-16,1,1.45,1.45
P100001045284,steel,2025-12-22,1,0.74,0.74
P100001045284,steel,2025-12-24,1,0.74,0.74
P100001045284,steel,2025-12-25,1,0.93,0.93
P100001045284,steel,2025-12-26,1,1.22,1.22
P100001045284,steel,2025-12-31,1,1.32,1.32
P100001045296,steel,2025-02-23,1,4.73,4.73
P100001045296,steel,2025-10-11,1,0.43,0.43
P100001045296,steel,2025-10-12,1,1.53,1.53
P100001045296,steel,2025-10-13,1,0.92,0.92
P100001045296,steel,2025-10-14,1,1.04,1.04
P100001045296,steel,2025-10-15,1,1.02,1.02
P100001045296,steel,2025-10-16,1,1.24,1.24
P100001045296,steel,2025-10-17,1,1.23,1.23
P100001045296,steel,2025-10-18,1,0.96,0.96
P100001045296,steel,2025-10-21,1,1.24,1.24
P100001045296,steel,2025-11-02,1,0.77,0.77
P100001045296,steel,2025-11-04,2,1.53,0.87
P100001045296,steel,2025-11-06,1,1.16,1.16
P100001045296,steel,2025-11-07,1,0.73,0.73
P100001045296,steel,2025-11-08,1,1.15,1.15
P100001045296,steel,2025-11-09,2,2.11,1.18
P100001045296,steel,2025-11-10,1,0.93,0.93
P100001045296,steel,2025-11-12,1,1.17,1.17
P100001045296,steel,2025-11-13,2,2.24,1.33
P100001045296,steel,2025-11-14,1,1.09,1.09
P100001045296,steel,2025-11-15,3,1.9,0.71
P100001045296,steel,2025-11-16,1,1.12,1.12
P100001045296,steel,2025-11-17,1,0.48,0.48
P100001045296,steel,2025-11-18,1,0.97,0.97
P100001045296,steel,2025-11-19,1,1.31,1.31
P100001045296,steel,2025-11-20,1,0.94,0.94
P100001045296,steel,2025-11-23,1,0.75,0.75
P100001045296,steel,2025-11-24,1,0.94,0.94
P100001045296,steel,2025-11-25,2,1.6099999999999999,0.89
P100001045296,steel,2025-11-26,1,0.95,0.95
P100001045296,steel,2025-11-27,1,1.18,1.18
P100001045296,steel,2025-11-28,1,0.92,0.92
P100001045296,steel,2025-11-29,1,1.52,1.52
P100001045296,steel,2025-11-30,1,0.73,0.73
P100001045296,steel,2025-12-01,1,0.85,0.85
P100001045296,steel,2025-12-02,1,0.81,0.81
P100001045296,steel,2025-12-03,1,1.11,1.11
P100001045296,steel,2025-12-04,1,1.06,1.06
P100001045296,steel,2025-12-05,1,1.33,1.33
P100001045296,steel,2025-12-07,1,1.5,1.5
P100001045296,steel,2025-12-10,1,1.49,1.49
P100001045296,steel,2025-12-11,2,1.82,1.08
P100001045296,steel,2025-12-12,2,0.75,0.43
P100001045296,steel,2025-12-13,1,1.15,1.15
P100001045296,steel,2025-12-14,1,0.86,0.86
P100001045296,steel,2025-12-15,1,0.59,0.59
P100001045296,steel,2025-12-16,1,1.1,1.1
P100001045296,steel,2025-12-18,1,0.91,0.91
P100001045296,steel,2025-12-19,1,0.58,0.58
P100001045296,steel,2025-12-20,2,2.16,1.1
P100001045296,steel,2025-12-21,1,1.06,1.06
P100001045296,steel,2025-12-24,1,0.7,0.7
P100001045296,steel,2025-12-25,1,1.03,1.03
P100001045296,steel,2025-12-26,1,1.47,1.47
P100001045296,steel,2025-12-30,1,0.96,0.96
P100001045317,steel,2025-01-01,3,1.71,0.59
P100001045317,steel,2025-01-02,4,4.96,1.78
P100001045317,steel,2025-01-06,1,1.55,1.55
P100001045317,steel,2025-01-09,2,1.9500000000000002,1.06
P100001045317,steel,2025-01-10,1,1.89,1.89
P100001045317,steel,2025-01-11,1,1.94,1.94
P100001045317,steel,2025-01-12,1,1.22,1.22
P100001045317,steel,2025-01-17,2,2.4699999999999998,1.9
P100001045317,steel,2025-01-18,1,2.57,2.57
P100001045317,steel,2025-01-19,1,1.36,1.36
P100001045317,steel,2025-01-24,2,3.33,1.87
P100001045317,steel,2025-01-26,1,1.48,1.48
P100001045317,steel,2025-01-27,1,1.07,1.07
P100001045317,steel,2025-01-29,2,2.5300000000000002,1.54
P100001045317,steel,2025-02-01,2,3.4400000000000004,2.14
P100001045317,steel,2025-02-02,1,1.28,1.28
P100001045317,steel,2025-02-03,1,1.03,1.03
P100001045317,steel,2025-02-04,1,0.99,0.99
P100001045317,steel,2025-02-05,2,1.56,0.93
P100001045317,steel,2025-02-06,2,2.7,1.42
P100001045317,steel,2025-02-07,1,0.93,0.93
P100001045317,steel,2025-02-08,1,1.64,1.64
P100001045317,steel,2025-02-09,1,1.16,1.16
P100001045317,steel,2025-02-10,1,1.25,1.25
P100001045317,steel,2025-02-12,1,1.7,1.7
P100001045317,steel,2025-02-13,1,1.0,1.0
P100001045317,steel,2025-02-14,1,1.52,1.52
P100001045317,steel,2025-02-15,2,1.68,0.94
P100001045317,steel,2025-02-16,1,1.84,1.84
P100001045317,steel,2025-02-17,1,1.26,1.26
P100001045317,steel,2025-02-18,1,1.8,1.8
P100001045317,steel,2025-02-20,1,1.87,1.87
P100001045317,steel,2025-02-21,2,3.14,1.77
P100001045317,steel,2025-02-22,1,1.56,1.56
P100001045317,steel,2025-02-23,2,2.38,1.19
P100001045317,steel,2025-02-24,2,2.06,1.03
P100001045317,steel,2025-02-25,2,3.2800000000000002,1.74
P100001045317,steel,2025-02-26,3,3.8600000000000003,1.57
P100001045317,steel,2025-02-28,1,1.05,1.05
P100001045317,steel,2025-03-01,1,1.6,1.6
P100001045317,steel,2025-03-02,1,1.59,1.59
P100001045317,steel,2025-03-03,4,5.4,1.49
P100001045317,steel,2025-03-05,1,1.75,1.75
P100001045317,steel,2025-03-06,2,2.54,1.72
P100001045317,steel,2025-03-07,1,2.14,2.14
P100001045317,steel,2025-03-08,2,3.38,2.03
P100001045317,steel,2025-03-09,3,4.16,2.0
P100001045317,steel,2025-03-10,1,1.34,1.34
P100001045317,steel,2025-03-11,1,1.59,1.59
P100001045317,steel,2025-03-12,1,1.87,1.87
P100001045317,steel,2025-03-13,2,3.49,1.76
P100001045317,steel,2025-03-14,1,0.97,0.97
P100001045317,steel,2025-03-17,1,0.47,0.47
P100001045317,steel,2025-03-22,1,1.62,1.62
P100001045317,steel,2025-03-23,1,1.63,1.63
P100001045317,steel,2025-03-25,2,3.7699999999999996,1.89
P100001045317,steel,2025-03-26,1,2.17,2.17
P100001045317,steel,2025-03-27,2,3.7,2.45
P100001045317,steel,2025-03-28,1,2.15,2.15
P100001045317,steel,2025-03-29,2,4.18,2.88
P100001045317,steel,2025-03-30,1,2.72,2.72
P100001045317,steel,2025-03-31,2,3.9,2.09
P100001045317,steel,2025-04-01,1,1.37,1.37
P100001045317,steel,2025-04-02,1,2.45,2.45
P100001045317,steel,2025-04-04,1,2.01,2.01
P100001045317,steel,2025-04-05,1,2.51,2.51
P100001045317,steel,2025-04-06,1,3.35,3.35
P100001045317,steel,2025-04-07,1,1.24,1.24
P100001045317,steel,2025-04-08,1,2.85,2.85
P100001045317,steel,2025-04-11,1,1.42,1.42
P100001045317,steel,2025-04-12,1,1.62,1.62
P100001045317,steel,2025-04-14,1,2.41,2.41
P100001045317,steel,2025-04-15,1,1.36,1.36
P100001045317,steel,2025-04-16,2,3.8,2.14
P100001045317,steel,2025-04-18,2,2.0,1.0
P100001045317,steel,2025-04-19,1,1.33,1.33
P100001045317,steel,2025-04-20,2,4.03,2.06
P100001045317,steel,2025-04-22,1,2.16,2.16
P100001045317,steel,2025-04-23,1,2.14,2.14
P100001045317,steel,2025-04-24,1,3.33,3.33
P100001045317,steel,2025-04-25,1,1.82,1.82
P100001045317,steel,2025-04-26,1,1.67,1.67
P100001045317,steel,2025-04-29,1,2.08,2.08
P100001045317,steel,2025-04-30,1,2.04,2.04
P100001045317,steel,2025-05-02,1,1.5,1.5
P100001045317,steel,2025-05-03,2,3.93,2.85
P100001045317,steel,2025-05-04,2,2.47,1.54
P100001045317,steel,2025-05-06,2,2.3,1.29
P100001045317,steel,2025-05-09,2,4.42,2.79
P100001045317,steel,2025-05-11,2,2.71,1.47
P100001045317,steel,2025-05-12,2,3.65,1.88
P100001045317,steel,2025-05-13,1,2.93,2.93
P100001045317,steel,2025-05-14,2,1.94,0.97
P100001045317,steel,2025-05-15,2,4.369999999999999,2.3
P100001045317,steel,2025-05-16,1,2.16,2.16
P100001045317,steel,2025-05-19,2,1.24,0.62
P100001045317,steel,2025-05-20,3,2.7199999999999998,0.97
P100001045317,steel,2025-05-21,1,1.14,1.14
P100001045317,steel,2025-05-22,1,1.39,1.39
P100001045317,steel,2025-05-23,2,3.8,1.91
P100001045317,steel,2025-05-25,1,3.06,3.06
P100001045317,steel,2025-05-26,1,2.78,2.78
P100001045317,steel,2025-05-27,2,3.87,2.0
P100001045317,steel,2025-06-03,1,1.23,1.23
P100001045317,steel,2025-06-04,1,2.41,2.41
P100001045317,steel,2025-06-05,1,3.15,3.15
P100001045317,steel,2025-06-06,1,1.78,1.78
P100001045317,steel,2025-06-09,1,5.52,5.52
P100001045317,steel,2025-06-10,3,3.96,1.34
P100001045317,steel,2025-06-11,1,2.83,2.83
P100001045317,steel,2025-06-12,1,1.55,1.55
P100001045317,steel,2025-06-13,1,2.38,2.38
P100001045317,steel,2025-06-14,1,5.05,5.05
P100001045317,steel,2025-06-15,2,1.18,0.59
P100001045317,steel,2025-06-21,2,3.4,1.7
P100001045317,steel,2025-06-23,1,1.35,1.35
P100001045317,steel,2025-07-11,1,5.57,5.57
P100001045317,steel,2025-07-18,1,1.39,1.39
P100001045317,steel,2025-07-23,2,7.39,5.5
P100001045317,steel,2025-08-13,1,1.86,1.86
P100001045317,steel,2025-08-31,1,1.96,1.96
P100001045317,steel,2025-09-01,1,0.78,0.78
P100001045317,steel,2025-09-04,1,3.11,3.11
P100001045317,steel,2025-09-07,1,2.54,2.54
P100001045317,steel,2025-09-09,1,1.81,1.81
P100001045317,steel,2025-09-21,1,5.1,5.1
P100001045317,steel,2025-09-22,2,3.21,1.96
P100001045317,steel,2025-09-23,2,2.2199999999999998,1.46
P100001045317,steel,2025-09-25,3,1.9500000000000002,0.65
P100001045317,steel,2025-09-27,1,1.58,1.58
P100001045317,steel,2025-10-02,1,1.27,1.27
P100001045317,steel,2025-10-05,1,0.7,0.7
P100001045317,steel,2025-10-06,1,2.12,2.12
P100001045317,steel,2025-10-07,1,2.01,2.01
P100001045317,steel,2025-10-09,1,1.23,1.23
P100001045317,steel,2025-10-10,2,2.3899999999999997,1.64
P100001045317,steel,2025-10-11,2,3.31,1.8
P100001045317,steel,2025-10-12,1,1.85,1.85
P100001045317,steel,2025-10-13,1,1.48,1.48
P100001045317,steel,2025-10-15,1,1.29,1.29
P100001045317,steel,2025-10-16,1,1.95,1.95
P100001045317,steel,2025-10-19,4,5.81,1.67
P100001045317,steel,2025-10-20,1,1.97,1.97
P100001045317,steel,2025-10-21,1,2.06,2.06
P100001045317,steel,2025-10-22,1,1.72,1.72
P100001045317,steel,2025-10-24,1,1.26,1.26
P100001045317,steel,2025-10-26,1,1.27,1.27
P100001045317,steel,2025-11-12,1,1.97,1.97
P100001045317,steel,2025-11-17,1,1.1,1.1
P100001045317,steel,2025-11-20,1,1.08,1.08
P100001045317,steel,2025-11-21,1,1.07,1.07
P100001045317,steel,2025-11-25,1,1.02,1.02
P100001045317,steel,2025-11-27,2,1.68,0.84
P100001045317,steel,2025-11-28,2,2.04,1.02
P100001045317,steel,2025-11-29,1,1.34,1.34
P100001045317,steel,2025-11-30,1,0.87,0.87
P100001045317,steel,2025-12-02,1,2.14,2.14
P100001045317,steel,2025-12-03,2,2.79,1.69
P100001045317,steel,2025-12-04,1,1.49,1.49
P100001045317,steel,2025-12-05,2,2.62,1.35
P100001045317,steel,2025-12-07,1,1.48,1.48
P100001045317,steel,2025-12-08,2,2.54,1.53
P100001045317,steel,2025-12-09,1,0.95,0.95
P100001045317,steel,2025-12-12,1,1.43,1.43
P100001045317,steel,2025-12-13,1,1.22,1.22
P100001045317,steel,2025-12-14,2,1.36,0.68
P100001045317,steel,2025-12-15,1,1.17,1.17
P100001045317,steel,2025-12-24,2,1.44,0.72
P100001045317,steel,2025-12-25,1,1.37,1.37
P100001061405,steel,2025-02-16,2,11.94,9.02
P100001061405,steel,2025-04-22,1,5.53,5.53
P100001061405,steel,2025-12-31,1,2.93,2.93
P100001062086,steel,2025-03-09,1,11.58,11.58
P100001062088,steel,2025-03-01,2,11.68,6.43
P100001062093,steel,2025-05-03,1,15.6,15.6
